source_node_id,target_node_id,method,strength,batch_id,updated_at,profile_id
concept_domain_e19086aaa18e,concept_domain_856e8d2e7ee2,embedding,0.944459,groq_batch_13r_outputs.normalized,"2026-04-07 12:35:58",
concept_domain_e19086aaa18e,concept_domain_db4d9c3bc628,embedding,0.770596,groq_batch_13r_outputs.normalized,"2026-04-07 12:35:58",
concept_domain_e19086aaa18e,concept_domain_ec0eb439899e,embedding,0.719819,groq_batch_13r_outputs.normalized,"2026-04-07 12:35:58",
concept_domain_e19086aaa18e,concept_domain_c5e34dfeae31,embedding,0.6706,groq_batch_13r_outputs.normalized,"2026-04-07 12:35:58",
concept_domain_e19086aaa18e,concept_domain_79be89866d06,embedding,0.667305,groq_batch_13r_outputs.normalized,"2026-04-07 12:35:58",
concept_domain_e19086aaa18e,concept_domain_c3b6f5840cc9,embedding,0.653569,groq_batch_13r_outputs.normalized,"2026-04-07 12:35:58",
concept_domain_e19086aaa18e,concept_domain_bdad25e4cd05,embedding,0.649458,groq_batch_13r_outputs.normalized,"2026-04-07 12:35:58",
concept_domain_e19086aaa18e,concept_domain_caee2af76561,embedding,0.647105,groq_batch_13r_outputs.normalized,"2026-04-07 12:35:58",
concept_domain_1b0fc624c2e1,concept_domain_cee803d4cfc3,embedding,0.767109,groq_batch_13r_outputs.normalized,"2026-04-07 12:35:58",
concept_domain_1b0fc624c2e1,concept_domain_c3b6f5840cc9,embedding,0.727768,groq_batch_13r_outputs.normalized,"2026-04-07 12:35:58",
concept_domain_1b0fc624c2e1,concept_domain_68b5c531a430,embedding,0.72753,groq_batch_13r_outputs.normalized,"2026-04-07 12:35:58",
concept_domain_1b0fc624c2e1,concept_domain_caee2af76561,embedding,0.687944,groq_batch_13r_outputs.normalized,"2026-04-07 12:35:58",
concept_domain_1b0fc624c2e1,concept_domain_1602bd03169f,embedding,0.679505,groq_batch_13r_outputs.normalized,"2026-04-07 12:35:58",
concept_domain_1b0fc624c2e1,concept_domain_ec0eb439899e,embedding,0.676011,groq_batch_13r_outputs.normalized,"2026-04-07 12:35:58",
concept_domain_1b0fc624c2e1,concept_domain_232eb9300d28,embedding,0.673964,groq_batch_13r_outputs.normalized,"2026-04-07 12:35:58",
concept_domain_1b0fc624c2e1,concept_domain_79be89866d06,embedding,0.670222,groq_batch_13r_outputs.normalized,"2026-04-07 12:35:58",
concept_domain_cee803d4cfc3,concept_domain_1b0fc624c2e1,embedding,0.767109,groq_batch_2r_outputs.normalized,"2026-04-08 11:51:48",
concept_domain_cee803d4cfc3,concept_domain_68b5c531a430,embedding,0.766912,groq_batch_2r_outputs.normalized,"2026-04-08 11:51:48",
concept_domain_cee803d4cfc3,concept_domain_ff2a5f10eba0,embedding,0.764496,groq_batch_2r_outputs.normalized,"2026-04-08 11:51:48",
concept_domain_cee803d4cfc3,concept_domain_6a5413595b4b,embedding,0.764082,groq_batch_2r_outputs.normalized,"2026-04-08 11:51:48",
concept_domain_cee803d4cfc3,concept_domain_1602bd03169f,embedding,0.76042,groq_batch_2r_outputs.normalized,"2026-04-08 11:51:48",
concept_domain_cee803d4cfc3,concept_domain_5326cf49f80e,embedding,0.718703,groq_batch_2r_outputs.normalized,"2026-04-08 11:51:48",
concept_domain_cee803d4cfc3,concept_domain_8925e91225ed,embedding,0.702988,groq_batch_13r_outputs.normalized,"2026-04-07 12:35:58",
concept_domain_cee803d4cfc3,concept_domain_e8f8911d9105,embedding,0.696396,groq_batch_13r_outputs.normalized,"2026-04-07 12:35:58",
concept_domain_0cb9c36cb6da,concept_domain_86d37f6c96c1,embedding,0.754551,groq_batch_13r_outputs.normalized,"2026-04-07 12:35:58",
concept_domain_0cb9c36cb6da,concept_domain_ec0eb439899e,embedding,0.737844,groq_batch_13r_outputs.normalized,"2026-04-07 12:35:58",
concept_domain_0cb9c36cb6da,concept_domain_10549d935983,embedding,0.735353,groq_batch_13r_outputs.normalized,"2026-04-07 12:35:58",
concept_domain_0cb9c36cb6da,concept_domain_caee2af76561,embedding,0.735038,groq_batch_13r_outputs.normalized,"2026-04-07 12:35:58",
concept_domain_0cb9c36cb6da,concept_domain_1602bd03169f,embedding,0.723354,groq_batch_13r_outputs.normalized,"2026-04-07 12:35:58",
concept_domain_0cb9c36cb6da,concept_domain_79be89866d06,embedding,0.720309,groq_batch_13r_outputs.normalized,"2026-04-07 12:35:58",
concept_domain_0cb9c36cb6da,concept_domain_fe3d1148f3ef,embedding,0.715129,groq_batch_13r_outputs.normalized,"2026-04-07 12:35:58",
concept_domain_0cb9c36cb6da,concept_domain_bdad25e4cd05,embedding,0.693334,groq_batch_13r_outputs.normalized,"2026-04-07 12:35:58",
concept_domain_68b5c531a430,concept_domain_6a5413595b4b,embedding,0.788638,groq_batch_13r_outputs.normalized,"2026-04-07 12:35:58",
concept_domain_68b5c531a430,concept_domain_e8f8911d9105,embedding,0.776618,groq_batch_13r_outputs.normalized,"2026-04-07 12:35:58",
concept_domain_68b5c531a430,concept_domain_823daac77dc4,embedding,0.775635,groq_batch_13r_outputs.normalized,"2026-04-07 12:35:58",
concept_domain_68b5c531a430,concept_domain_cee803d4cfc3,embedding,0.766912,groq_batch_13r_outputs.normalized,"2026-04-07 12:35:58",
concept_domain_68b5c531a430,concept_domain_ec0eb439899e,embedding,0.753209,groq_batch_13r_outputs.normalized,"2026-04-07 12:35:58",
concept_domain_68b5c531a430,concept_domain_caee2af76561,embedding,0.737986,groq_batch_13r_outputs.normalized,"2026-04-07 12:35:58",
concept_domain_68b5c531a430,concept_domain_1602bd03169f,embedding,0.736714,groq_batch_13r_outputs.normalized,"2026-04-07 12:35:58",
concept_domain_68b5c531a430,concept_domain_1b0fc624c2e1,embedding,0.72753,groq_batch_13r_outputs.normalized,"2026-04-07 12:35:58",
concept_theme_7a0a498a851b,concept_theme_7972f0e7e448,embedding,0.866214,groq_batch_13r_outputs.normalized,"2026-04-07 12:35:58",
concept_theme_7a0a498a851b,concept_theme_820db04b004d,embedding,0.686473,groq_batch_13r_outputs.normalized,"2026-04-07 12:35:58",
concept_theme_7a0a498a851b,concept_theme_ef4a5f63202e,embedding,0.669818,groq_batch_13r_outputs.normalized,"2026-04-07 12:35:58",
concept_theme_7a0a498a851b,concept_concept_6407111ba2a4,embedding,0.655362,groq_batch_13r_outputs.normalized,"2026-04-07 12:35:58",
concept_theme_7a0a498a851b,concept_theme_e2d0e38cfde1,embedding,0.655119,groq_batch_13r_outputs.normalized,"2026-04-07 12:35:58",
concept_theme_7a0a498a851b,concept_theme_fa5840fd8c6b,embedding,0.645186,groq_batch_13r_outputs.normalized,"2026-04-07 12:35:58",
concept_theme_7a0a498a851b,concept_theme_e4e20b6dd893,embedding,0.63375,groq_batch_13r_outputs.normalized,"2026-04-07 12:35:58",
concept_theme_7a0a498a851b,concept_theme_9bad5ae05f7a,embedding,0.628201,groq_batch_13r_outputs.normalized,"2026-04-07 12:35:58",
concept_theme_a9d4963e4af4,concept_concept_106d6f9b3f78,embedding,0.740048,groq_batch_13r_outputs.normalized,"2026-04-07 12:35:58",
concept_theme_a9d4963e4af4,concept_theme_e2d0e38cfde1,embedding,0.724507,groq_batch_13r_outputs.normalized,"2026-04-07 12:35:58",
concept_theme_a9d4963e4af4,concept_theme_d1bb3a733135,embedding,0.700458,groq_batch_13r_outputs.normalized,"2026-04-07 12:35:58",
concept_theme_a9d4963e4af4,concept_theme_9edcea900bda,embedding,0.692401,groq_batch_13r_outputs.normalized,"2026-04-07 12:35:58",
concept_theme_a9d4963e4af4,concept_theme_fdb178f712b2,embedding,0.682597,groq_batch_13r_outputs.normalized,"2026-04-07 12:35:58",
concept_theme_a9d4963e4af4,concept_theme_1153174560cc,embedding,0.671684,groq_batch_13r_outputs.normalized,"2026-04-07 12:35:58",
concept_theme_a9d4963e4af4,concept_theme_fa5840fd8c6b,embedding,0.640648,groq_batch_13r_outputs.normalized,"2026-04-07 12:35:58",
concept_theme_a9d4963e4af4,concept_theme_9bad5ae05f7a,embedding,0.630471,groq_batch_13r_outputs.normalized,"2026-04-07 12:35:58",
concept_theme_7252661eddc1,concept_concept_7e033ea7ea53,embedding,0.781254,groq_batch_13r_outputs.normalized,"2026-04-07 12:35:58",
concept_theme_7252661eddc1,concept_theme_f156a24f6899,embedding,0.640783,groq_batch_13r_outputs.normalized,"2026-04-07 12:35:58",
concept_theme_7252661eddc1,concept_theme_1153174560cc,embedding,0.596314,groq_batch_13r_outputs.normalized,"2026-04-07 12:35:58",
concept_theme_7252661eddc1,concept_theme_a9d4963e4af4,embedding,0.580724,groq_batch_13r_outputs.normalized,"2026-04-07 12:35:58",
concept_theme_7252661eddc1,concept_concept_6407111ba2a4,embedding,0.573184,groq_batch_13r_outputs.normalized,"2026-04-07 12:35:58",
concept_theme_7252661eddc1,concept_theme_9edcea900bda,embedding,0.560877,groq_batch_13r_outputs.normalized,"2026-04-07 12:35:58",
concept_theme_7252661eddc1,concept_theme_41e347bb2550,embedding,0.551781,groq_batch_13r_outputs.normalized,"2026-04-07 12:35:58",
concept_theme_1153174560cc,concept_theme_a9d4963e4af4,embedding,0.671684,groq_batch_13r_outputs.normalized,"2026-04-07 12:35:58",
concept_theme_1153174560cc,concept_concept_106d6f9b3f78,embedding,0.659668,groq_batch_13r_outputs.normalized,"2026-04-07 12:35:58",
concept_theme_1153174560cc,concept_theme_fdb178f712b2,embedding,0.620888,groq_batch_13r_outputs.normalized,"2026-04-07 12:35:58",
concept_theme_1153174560cc,concept_theme_e2d0e38cfde1,embedding,0.617511,groq_batch_13r_outputs.normalized,"2026-04-07 12:35:58",
concept_theme_1153174560cc,concept_theme_9bad5ae05f7a,embedding,0.603544,groq_batch_13r_outputs.normalized,"2026-04-07 12:35:58",
concept_theme_1153174560cc,concept_theme_ef4a5f63202e,embedding,0.602865,groq_batch_13r_outputs.normalized,"2026-04-07 12:35:58",
concept_theme_1153174560cc,concept_theme_7252661eddc1,embedding,0.596314,groq_batch_13r_outputs.normalized,"2026-04-07 12:35:58",
concept_theme_1153174560cc,concept_theme_297d28a28e80,embedding,0.581267,groq_batch_13r_outputs.normalized,"2026-04-07 12:35:58",
concept_theme_fdb178f712b2,concept_theme_e2d0e38cfde1,embedding,0.690854,groq_batch_13r_outputs.normalized,"2026-04-07 12:35:58",
concept_theme_fdb178f712b2,concept_theme_a9d4963e4af4,embedding,0.682597,groq_batch_13r_outputs.normalized,"2026-04-07 12:35:58",
concept_theme_fdb178f712b2,concept_theme_9edcea900bda,embedding,0.681634,groq_batch_13r_outputs.normalized,"2026-04-07 12:35:58",
concept_theme_fdb178f712b2,concept_theme_7972f0e7e448,embedding,0.657137,groq_batch_13r_outputs.normalized,"2026-04-07 12:35:58",
concept_theme_fdb178f712b2,concept_theme_820db04b004d,embedding,0.639627,groq_batch_13r_outputs.normalized,"2026-04-07 12:35:58",
concept_theme_fdb178f712b2,concept_theme_fa5840fd8c6b,embedding,0.638786,groq_batch_13r_outputs.normalized,"2026-04-07 12:35:58",
concept_theme_fdb178f712b2,concept_theme_d1bb3a733135,embedding,0.630611,groq_batch_13r_outputs.normalized,"2026-04-07 12:35:58",
concept_theme_fdb178f712b2,concept_theme_5cbed3fc17c4,embedding,0.624127,groq_batch_13r_outputs.normalized,"2026-04-07 12:35:58",
concept_theme_e2d0e38cfde1,concept_theme_d1bb3a733135,embedding,0.758797,groq_batch_13r_outputs.normalized,"2026-04-07 12:35:58",
concept_theme_e2d0e38cfde1,concept_theme_9edcea900bda,embedding,0.752135,groq_batch_13r_outputs.normalized,"2026-04-07 12:35:58",
concept_theme_e2d0e38cfde1,concept_theme_38b944c29632,embedding,0.739897,groq_batch_13r_outputs.normalized,"2026-04-07 12:35:58",
concept_theme_e2d0e38cfde1,concept_theme_fa5840fd8c6b,embedding,0.736243,groq_batch_13r_outputs.normalized,"2026-04-07 12:35:58",
concept_theme_e2d0e38cfde1,concept_theme_a9d4963e4af4,embedding,0.724507,groq_batch_13r_outputs.normalized,"2026-04-07 12:35:58",
concept_theme_e2d0e38cfde1,concept_theme_297d28a28e80,embedding,0.723694,groq_batch_13r_outputs.normalized,"2026-04-07 12:35:58",
concept_theme_e2d0e38cfde1,concept_theme_cc4b66d16c07,embedding,0.71997,groq_batch_13r_outputs.normalized,"2026-04-07 12:35:58",
concept_theme_e2d0e38cfde1,concept_theme_a13f57c75b49,embedding,0.696733,groq_batch_13r_outputs.normalized,"2026-04-07 12:35:58",
concept_theme_820db04b004d,concept_theme_9bad5ae05f7a,embedding,0.697019,groq_batch_13r_outputs.normalized,"2026-04-07 12:35:58",
concept_theme_820db04b004d,concept_theme_297d28a28e80,embedding,0.686623,groq_batch_13r_outputs.normalized,"2026-04-07 12:35:58",
concept_theme_820db04b004d,concept_theme_7a0a498a851b,embedding,0.686473,groq_batch_13r_outputs.normalized,"2026-04-07 12:35:58",
concept_theme_820db04b004d,concept_theme_e2d0e38cfde1,embedding,0.656715,groq_batch_13r_outputs.normalized,"2026-04-07 12:35:58",
concept_theme_820db04b004d,concept_theme_fa5840fd8c6b,embedding,0.654498,groq_batch_13r_outputs.normalized,"2026-04-07 12:35:58",
concept_theme_820db04b004d,concept_theme_fdb178f712b2,embedding,0.639627,groq_batch_13r_outputs.normalized,"2026-04-07 12:35:58",
concept_theme_820db04b004d,concept_theme_ef4a5f63202e,embedding,0.634414,groq_batch_13r_outputs.normalized,"2026-04-07 12:35:58",
concept_theme_820db04b004d,concept_theme_7972f0e7e448,embedding,0.619043,groq_batch_13r_outputs.normalized,"2026-04-07 12:35:58",
concept_theme_297d28a28e80,concept_theme_e2d0e38cfde1,embedding,0.723694,groq_batch_13r_outputs.normalized,"2026-04-07 12:35:58",
concept_theme_297d28a28e80,concept_theme_820db04b004d,embedding,0.686623,groq_batch_13r_outputs.normalized,"2026-04-07 12:35:58",
concept_theme_297d28a28e80,concept_theme_bb241d8eafcf,embedding,0.67651,groq_batch_13r_outputs.normalized,"2026-04-07 12:35:58",
concept_theme_297d28a28e80,concept_theme_fa5840fd8c6b,embedding,0.64418,groq_batch_13r_outputs.normalized,"2026-04-07 12:35:58",
concept_theme_297d28a28e80,concept_theme_9edcea900bda,embedding,0.628322,groq_batch_13r_outputs.normalized,"2026-04-07 12:35:58",
concept_theme_297d28a28e80,concept_theme_41e347bb2550,embedding,0.618595,groq_batch_13r_outputs.normalized,"2026-04-07 12:35:58",
concept_theme_297d28a28e80,concept_theme_9bad5ae05f7a,embedding,0.615622,groq_batch_13r_outputs.normalized,"2026-04-07 12:35:58",
concept_theme_297d28a28e80,concept_theme_a9d4963e4af4,embedding,0.614593,groq_batch_13r_outputs.normalized,"2026-04-07 12:35:58",
concept_person_8240af5ee220,concept_person_da9b195bd690,embedding,0.726077,groq_batch_13r_outputs.normalized,"2026-04-07 12:35:58",
concept_person_8240af5ee220,concept_person_c6b32b63db61,embedding,0.712262,groq_batch_13r_outputs.normalized,"2026-04-07 12:35:58",
concept_person_8240af5ee220,concept_person_e44b6c0c3af3,embedding,0.683891,groq_batch_13r_outputs.normalized,"2026-04-07 12:35:58",
concept_person_8240af5ee220,concept_person_a334dbd6bdf5,embedding,0.649672,groq_batch_13r_outputs.normalized,"2026-04-07 12:35:58",
concept_person_8240af5ee220,concept_person_f6c4b3732059,embedding,0.634549,groq_batch_13r_outputs.normalized,"2026-04-07 12:35:58",
concept_person_8240af5ee220,concept_person_5ebf778f5317,embedding,0.629032,groq_batch_13r_outputs.normalized,"2026-04-07 12:35:58",
concept_person_8240af5ee220,concept_person_7694d49afe8d,embedding,0.623076,groq_batch_13r_outputs.normalized,"2026-04-07 12:35:58",
concept_person_8240af5ee220,concept_person_04f6a21252a0,embedding,0.609266,groq_batch_13r_outputs.normalized,"2026-04-07 12:35:58",
concept_person_5ebf778f5317,concept_person_a334dbd6bdf5,embedding,0.629121,groq_batch_13r_outputs.normalized,"2026-04-07 12:35:58",
concept_person_5ebf778f5317,concept_person_8240af5ee220,embedding,0.629032,groq_batch_13r_outputs.normalized,"2026-04-07 12:35:58",
concept_person_5ebf778f5317,concept_person_da9b195bd690,embedding,0.588195,groq_batch_13r_outputs.normalized,"2026-04-07 12:35:58",
concept_person_5ebf778f5317,concept_insight_47838f281218,embedding,0.58434,groq_batch_13r_outputs.normalized,"2026-04-07 12:35:58",
concept_person_5ebf778f5317,concept_person_e44b6c0c3af3,embedding,0.553141,groq_batch_13r_outputs.normalized,"2026-04-07 12:35:58",
concept_person_21f27c1e1465,concept_person_da9b195bd690,embedding,0.633068,groq_batch_13r_outputs.normalized,"2026-04-07 12:35:58",
concept_person_21f27c1e1465,concept_person_a334dbd6bdf5,embedding,0.587396,groq_batch_13r_outputs.normalized,"2026-04-07 12:35:58",
concept_person_21f27c1e1465,concept_person_e44b6c0c3af3,embedding,0.567126,groq_batch_13r_outputs.normalized,"2026-04-07 12:35:58",
concept_person_21f27c1e1465,concept_person_f6c4b3732059,embedding,0.562579,groq_batch_13r_outputs.normalized,"2026-04-07 12:35:58",
concept_person_21f27c1e1465,concept_person_8240af5ee220,embedding,0.559795,groq_batch_13r_outputs.normalized,"2026-04-07 12:35:58",
concept_person_e44b6c0c3af3,concept_person_f6c4b3732059,embedding,0.935433,groq_batch_13r_outputs.normalized,"2026-04-07 12:35:58",
concept_person_e44b6c0c3af3,concept_person_da9b195bd690,embedding,0.695682,groq_batch_13r_outputs.normalized,"2026-04-07 12:35:58",
concept_person_e44b6c0c3af3,concept_person_8240af5ee220,embedding,0.683891,groq_batch_13r_outputs.normalized,"2026-04-07 12:35:58",
concept_person_e44b6c0c3af3,concept_person_a334dbd6bdf5,embedding,0.623388,groq_batch_13r_outputs.normalized,"2026-04-07 12:35:58",
concept_person_e44b6c0c3af3,concept_person_1b6312ede318,embedding,0.597569,groq_batch_13r_outputs.normalized,"2026-04-07 12:35:58",
concept_person_e44b6c0c3af3,concept_person_67306b016d0a,embedding,0.592443,groq_batch_13r_outputs.normalized,"2026-04-07 12:35:58",
concept_person_e44b6c0c3af3,concept_person_c6b32b63db61,embedding,0.591643,groq_batch_13r_outputs.normalized,"2026-04-07 12:35:58",
concept_person_e44b6c0c3af3,concept_person_21f27c1e1465,embedding,0.567126,groq_batch_13r_outputs.normalized,"2026-04-07 12:35:58",
concept_person_f6c4b3732059,concept_person_e44b6c0c3af3,embedding,0.935433,groq_batch_13r_outputs.normalized,"2026-04-07 12:35:58",
concept_person_f6c4b3732059,concept_person_da9b195bd690,embedding,0.645963,groq_batch_13r_outputs.normalized,"2026-04-07 12:35:58",
concept_person_f6c4b3732059,concept_person_8240af5ee220,embedding,0.634549,groq_batch_13r_outputs.normalized,"2026-04-07 12:35:58",
concept_person_f6c4b3732059,concept_insight_905000696726,embedding,0.577167,groq_batch_13r_outputs.normalized,"2026-04-07 12:35:58",
concept_person_f6c4b3732059,concept_insight_64e732b75dd6,embedding,0.574376,groq_batch_13r_outputs.normalized,"2026-04-07 12:35:58",
concept_person_f6c4b3732059,concept_person_21f27c1e1465,embedding,0.562579,groq_batch_13r_outputs.normalized,"2026-04-07 12:35:58",
concept_person_f6c4b3732059,concept_person_a334dbd6bdf5,embedding,0.56213,groq_batch_13r_outputs.normalized,"2026-04-07 12:35:58",
concept_event_2b3c90ec0ea9,concept_event_1afdd4884d52,embedding,0.686983,groq_batch_13r_outputs.normalized,"2026-04-07 12:35:58",
concept_event_2b3c90ec0ea9,concept_event_51f88cef979a,embedding,0.682779,groq_batch_13r_outputs.normalized,"2026-04-07 12:35:58",
concept_event_2b3c90ec0ea9,concept_event_560deabc58ca,embedding,0.670495,groq_batch_13r_outputs.normalized,"2026-04-07 12:35:58",
concept_event_2b3c90ec0ea9,concept_event_00d56a9ad99d,embedding,0.670449,groq_batch_13r_outputs.normalized,"2026-04-07 12:35:58",
concept_event_2b3c90ec0ea9,concept_event_0c8b8d0dc95f,embedding,0.635199,groq_batch_13r_outputs.normalized,"2026-04-07 12:35:58",
concept_event_2b3c90ec0ea9,concept_event_cabbaa68cbfe,embedding,0.632734,groq_batch_13r_outputs.normalized,"2026-04-07 12:35:58",
concept_event_2b3c90ec0ea9,concept_event_3f0cb2a18c66,embedding,0.619397,groq_batch_13r_outputs.normalized,"2026-04-07 12:35:58",
concept_event_2b3c90ec0ea9,concept_event_72a5e6049f14,embedding,0.603205,groq_batch_13r_outputs.normalized,"2026-04-07 12:35:58",
concept_event_00d56a9ad99d,concept_event_0c8b8d0dc95f,embedding,0.713212,groq_batch_13r_outputs.normalized,"2026-04-07 12:35:58",
concept_event_00d56a9ad99d,concept_event_51f88cef979a,embedding,0.678482,groq_batch_13r_outputs.normalized,"2026-04-07 12:35:58",
concept_event_00d56a9ad99d,concept_event_3f0cb2a18c66,embedding,0.676847,groq_batch_13r_outputs.normalized,"2026-04-07 12:35:58",
concept_event_00d56a9ad99d,concept_event_2b3c90ec0ea9,embedding,0.670449,groq_batch_13r_outputs.normalized,"2026-04-07 12:35:58",
concept_event_00d56a9ad99d,concept_event_9861163e8d9e,embedding,0.653694,groq_batch_13r_outputs.normalized,"2026-04-07 12:35:58",
concept_event_00d56a9ad99d,concept_event_560deabc58ca,embedding,0.638242,groq_batch_13r_outputs.normalized,"2026-04-07 12:35:58",
concept_event_00d56a9ad99d,concept_event_cabbaa68cbfe,embedding,0.617712,groq_batch_13r_outputs.normalized,"2026-04-07 12:35:58",
concept_event_00d56a9ad99d,concept_event_1afdd4884d52,embedding,0.617015,groq_batch_13r_outputs.normalized,"2026-04-07 12:35:58",
concept_event_3f0cb2a18c66,concept_event_0c8b8d0dc95f,embedding,0.706198,groq_batch_13r_outputs.normalized,"2026-04-07 12:35:58",
concept_event_3f0cb2a18c66,concept_event_00d56a9ad99d,embedding,0.676847,groq_batch_13r_outputs.normalized,"2026-04-07 12:35:58",
concept_event_3f0cb2a18c66,concept_event_20b4a47b8b62,embedding,0.646843,groq_batch_13r_outputs.normalized,"2026-04-07 12:35:58",
concept_event_3f0cb2a18c66,concept_event_2b3c90ec0ea9,embedding,0.619397,groq_batch_13r_outputs.normalized,"2026-04-07 12:35:58",
concept_event_3f0cb2a18c66,concept_event_51f88cef979a,embedding,0.613085,groq_batch_13r_outputs.normalized,"2026-04-07 12:35:58",
concept_event_3f0cb2a18c66,concept_event_1afdd4884d52,embedding,0.608675,groq_batch_13r_outputs.normalized,"2026-04-07 12:35:58",
concept_event_3f0cb2a18c66,concept_event_560deabc58ca,embedding,0.600118,groq_batch_13r_outputs.normalized,"2026-04-07 12:35:58",
concept_event_3f0cb2a18c66,concept_event_9861163e8d9e,embedding,0.598648,groq_batch_13r_outputs.normalized,"2026-04-07 12:35:58",
concept_concept_e2ca4ff60c78,concept_concept_1fca78ffffb2,embedding,0.611341,groq_batch_13r_outputs.normalized,"2026-04-07 12:35:58",
concept_concept_e2ca4ff60c78,concept_concept_7091d2715a81,embedding,0.609498,groq_batch_13r_outputs.normalized,"2026-04-07 12:35:58",
concept_concept_e2ca4ff60c78,concept_concept_acee6882cb32,embedding,0.604166,groq_batch_13r_outputs.normalized,"2026-04-07 12:35:58",
concept_concept_e2ca4ff60c78,concept_concept_b4100f06ff66,embedding,0.602212,groq_batch_13r_outputs.normalized,"2026-04-07 12:35:58",
concept_concept_e2ca4ff60c78,concept_concept_e52dc1b5fbca,embedding,0.587545,groq_batch_13r_outputs.normalized,"2026-04-07 12:35:58",
concept_concept_e2ca4ff60c78,concept_concept_98398f0335f0,embedding,0.583328,groq_batch_13r_outputs.normalized,"2026-04-07 12:35:58",
concept_concept_e2ca4ff60c78,concept_insight_64e732b75dd6,embedding,0.580472,groq_batch_13r_outputs.normalized,"2026-04-07 12:35:58",
concept_concept_e2ca4ff60c78,concept_concept_371b6e7c4c93,embedding,0.572892,groq_batch_13r_outputs.normalized,"2026-04-07 12:35:58",
concept_concept_106d6f9b3f78,concept_theme_a9d4963e4af4,embedding,0.740048,groq_batch_13r_outputs.normalized,"2026-04-07 12:35:58",
concept_concept_106d6f9b3f78,concept_concept_7e033ea7ea53,embedding,0.672948,groq_batch_13r_outputs.normalized,"2026-04-07 12:35:58",
concept_concept_106d6f9b3f78,concept_theme_1153174560cc,embedding,0.659668,groq_batch_13r_outputs.normalized,"2026-04-07 12:35:58",
concept_concept_106d6f9b3f78,concept_concept_6407111ba2a4,embedding,0.633759,groq_batch_13r_outputs.normalized,"2026-04-07 12:35:58",
concept_concept_106d6f9b3f78,concept_concept_88bb6fcdb482,embedding,0.616214,groq_batch_13r_outputs.normalized,"2026-04-07 12:35:58",
concept_concept_106d6f9b3f78,concept_concept_acee6882cb32,embedding,0.58946,groq_batch_13r_outputs.normalized,"2026-04-07 12:35:58",
concept_concept_106d6f9b3f78,concept_domain_cee803d4cfc3,embedding,0.587626,groq_batch_13r_outputs.normalized,"2026-04-07 12:35:58",
concept_concept_106d6f9b3f78,concept_concept_b4100f06ff66,embedding,0.585913,groq_batch_13r_outputs.normalized,"2026-04-07 12:35:58",
concept_concept_7e033ea7ea53,concept_theme_7252661eddc1,embedding,0.781254,groq_batch_13r_outputs.normalized,"2026-04-07 12:35:58",
concept_concept_7e033ea7ea53,concept_concept_6407111ba2a4,embedding,0.77755,groq_batch_13r_outputs.normalized,"2026-04-07 12:35:58",
concept_concept_7e033ea7ea53,concept_concept_106d6f9b3f78,embedding,0.672948,groq_batch_13r_outputs.normalized,"2026-04-07 12:35:58",
concept_concept_7e033ea7ea53,concept_concept_88bb6fcdb482,embedding,0.606013,groq_batch_13r_outputs.normalized,"2026-04-07 12:35:58",
concept_concept_7e033ea7ea53,concept_concept_4f802f6c07a5,embedding,0.60419,groq_batch_13r_outputs.normalized,"2026-04-07 12:35:58",
concept_concept_7e033ea7ea53,concept_insight_5100b8166653,embedding,0.602984,groq_batch_13r_outputs.normalized,"2026-04-07 12:35:58",
concept_concept_7e033ea7ea53,concept_problem_62f72052d5e3,embedding,0.601923,groq_batch_13r_outputs.normalized,"2026-04-07 12:35:58",
concept_concept_7e033ea7ea53,concept_concept_b4100f06ff66,embedding,0.588631,groq_batch_13r_outputs.normalized,"2026-04-07 12:35:58",
concept_concept_6407111ba2a4,concept_concept_7e033ea7ea53,embedding,0.77755,groq_batch_13r_outputs.normalized,"2026-04-07 12:35:58",
concept_concept_6407111ba2a4,concept_theme_7a0a498a851b,embedding,0.655362,groq_batch_13r_outputs.normalized,"2026-04-07 12:35:58",
concept_concept_6407111ba2a4,concept_concept_88bb6fcdb482,embedding,0.650184,groq_batch_13r_outputs.normalized,"2026-04-07 12:35:58",
concept_concept_6407111ba2a4,concept_concept_106d6f9b3f78,embedding,0.633759,groq_batch_13r_outputs.normalized,"2026-04-07 12:35:58",
concept_concept_6407111ba2a4,concept_concept_1fca78ffffb2,embedding,0.622048,groq_batch_13r_outputs.normalized,"2026-04-07 12:35:58",
concept_concept_6407111ba2a4,concept_concept_107a1b377f11,embedding,0.614194,groq_batch_13r_outputs.normalized,"2026-04-07 12:35:58",
concept_concept_6407111ba2a4,concept_concept_d6d3aad7d086,embedding,0.609489,groq_batch_13r_outputs.normalized,"2026-04-07 12:35:58",
concept_concept_6407111ba2a4,concept_concept_98398f0335f0,embedding,0.606424,groq_batch_13r_outputs.normalized,"2026-04-07 12:35:58",
concept_event_1afdd4884d52,concept_event_2b3c90ec0ea9,embedding,0.686983,groq_batch_13r_outputs.normalized,"2026-04-07 12:35:58",
concept_event_1afdd4884d52,concept_event_00d56a9ad99d,embedding,0.617015,groq_batch_13r_outputs.normalized,"2026-04-07 12:35:58",
concept_event_1afdd4884d52,concept_event_51f88cef979a,embedding,0.614546,groq_batch_13r_outputs.normalized,"2026-04-07 12:35:58",
concept_event_1afdd4884d52,concept_event_3f0cb2a18c66,embedding,0.608675,groq_batch_13r_outputs.normalized,"2026-04-07 12:35:58",
concept_event_1afdd4884d52,concept_event_0c8b8d0dc95f,embedding,0.581614,groq_batch_13r_outputs.normalized,"2026-04-07 12:35:58",
concept_event_1afdd4884d52,concept_event_cabbaa68cbfe,embedding,0.574463,groq_batch_13r_outputs.normalized,"2026-04-07 12:35:58",
concept_event_1afdd4884d52,concept_event_20b4a47b8b62,embedding,0.560857,groq_batch_13r_outputs.normalized,"2026-04-07 12:35:58",
concept_person_c6b32b63db61,concept_person_8240af5ee220,embedding,0.712262,groq_batch_13r_outputs.normalized,"2026-04-07 12:35:58",
concept_person_c6b32b63db61,concept_person_e44b6c0c3af3,embedding,0.591643,groq_batch_13r_outputs.normalized,"2026-04-07 12:35:58",
concept_person_c6b32b63db61,concept_concept_106d6f9b3f78,embedding,0.560393,groq_batch_13r_outputs.normalized,"2026-04-07 12:35:58",
concept_person_c6b32b63db61,concept_person_da9b195bd690,embedding,0.556084,groq_batch_13r_outputs.normalized,"2026-04-07 12:35:58",
concept_insight_47838f281218,concept_insight_8e442199e39c,embedding,0.614778,groq_batch_13r_outputs.normalized,"2026-04-07 12:35:58",
concept_insight_47838f281218,concept_insight_0a53ef175f33,embedding,0.602961,groq_batch_13r_outputs.normalized,"2026-04-07 12:35:58",
concept_insight_47838f281218,concept_insight_08d14842ffcd,embedding,0.60208,groq_batch_13r_outputs.normalized,"2026-04-07 12:35:58",
concept_insight_47838f281218,concept_person_5ebf778f5317,embedding,0.58434,groq_batch_13r_outputs.normalized,"2026-04-07 12:35:58",
concept_insight_47838f281218,concept_insight_36696f32b8cc,embedding,0.576724,groq_batch_13r_outputs.normalized,"2026-04-07 12:35:58",
concept_insight_47838f281218,concept_insight_92d0dd7ca5aa,embedding,0.558005,groq_batch_13r_outputs.normalized,"2026-04-07 12:35:58",
concept_insight_47838f281218,concept_insight_7d335d1cb893,embedding,0.556404,groq_batch_13r_outputs.normalized,"2026-04-07 12:35:58",
concept_insight_64e732b75dd6,concept_concept_e2ca4ff60c78,embedding,0.580472,groq_batch_13r_outputs.normalized,"2026-04-07 12:35:58",
concept_insight_64e732b75dd6,concept_insight_905000696726,embedding,0.57479,groq_batch_13r_outputs.normalized,"2026-04-07 12:35:58",
concept_insight_64e732b75dd6,concept_person_f6c4b3732059,embedding,0.574376,groq_batch_13r_outputs.normalized,"2026-04-07 12:35:58",
concept_insight_905000696726,concept_person_f6c4b3732059,embedding,0.577167,groq_batch_13r_outputs.normalized,"2026-04-07 12:35:58",
concept_insight_905000696726,concept_insight_64e732b75dd6,embedding,0.57479,groq_batch_13r_outputs.normalized,"2026-04-07 12:35:58",
concept_domain_856e8d2e7ee2,concept_domain_e19086aaa18e,embedding,0.944459,groq_batch_13r_outputs.normalized,"2026-04-07 12:35:58",
concept_domain_856e8d2e7ee2,concept_domain_db4d9c3bc628,embedding,0.787549,groq_batch_13r_outputs.normalized,"2026-04-07 12:35:58",
concept_domain_856e8d2e7ee2,concept_domain_ec0eb439899e,embedding,0.711544,groq_batch_13r_outputs.normalized,"2026-04-07 12:35:58",
concept_domain_856e8d2e7ee2,concept_domain_68b5c531a430,embedding,0.657258,groq_batch_13r_outputs.normalized,"2026-04-07 12:35:58",
concept_domain_856e8d2e7ee2,concept_domain_79be89866d06,embedding,0.651027,groq_batch_13r_outputs.normalized,"2026-04-07 12:35:58",
concept_domain_856e8d2e7ee2,concept_domain_c3b6f5840cc9,embedding,0.648803,groq_batch_13r_outputs.normalized,"2026-04-07 12:35:58",
concept_domain_856e8d2e7ee2,concept_domain_bdad25e4cd05,embedding,0.645774,groq_batch_13r_outputs.normalized,"2026-04-07 12:35:58",
concept_domain_856e8d2e7ee2,concept_domain_caee2af76561,embedding,0.644629,groq_batch_13r_outputs.normalized,"2026-04-07 12:35:58",
concept_domain_c3b6f5840cc9,concept_domain_d73d97c85da5,embedding,0.795192,groq_batch_13r_outputs.normalized,"2026-04-07 12:35:58",
concept_domain_c3b6f5840cc9,concept_domain_ec0eb439899e,embedding,0.756951,groq_batch_13r_outputs.normalized,"2026-04-07 12:35:58",
concept_domain_c3b6f5840cc9,concept_domain_1b0fc624c2e1,embedding,0.727768,groq_batch_13r_outputs.normalized,"2026-04-07 12:35:58",
concept_domain_c3b6f5840cc9,concept_domain_79be89866d06,embedding,0.721203,groq_batch_13r_outputs.normalized,"2026-04-07 12:35:58",
concept_domain_c3b6f5840cc9,concept_domain_caee2af76561,embedding,0.7158,groq_batch_13r_outputs.normalized,"2026-04-07 12:35:58",
concept_domain_c3b6f5840cc9,concept_domain_68b5c531a430,embedding,0.713105,groq_batch_13r_outputs.normalized,"2026-04-07 12:35:58",
concept_domain_c3b6f5840cc9,concept_domain_10549d935983,embedding,0.701979,groq_batch_13r_outputs.normalized,"2026-04-07 12:35:58",
concept_domain_c3b6f5840cc9,concept_domain_0cb9c36cb6da,embedding,0.692748,groq_batch_13r_outputs.normalized,"2026-04-07 12:35:58",
concept_domain_caee2af76561,concept_domain_ec0eb439899e,embedding,0.809075,groq_batch_13r_outputs.normalized,"2026-04-07 12:35:58",
concept_domain_caee2af76561,concept_domain_79be89866d06,embedding,0.744548,groq_batch_13r_outputs.normalized,"2026-04-07 12:35:58",
concept_domain_caee2af76561,concept_domain_bdad25e4cd05,embedding,0.738997,groq_batch_13r_outputs.normalized,"2026-04-07 12:35:58",
concept_domain_caee2af76561,concept_domain_68b5c531a430,embedding,0.737986,groq_batch_13r_outputs.normalized,"2026-04-07 12:35:58",
concept_domain_caee2af76561,concept_domain_0cb9c36cb6da,embedding,0.735038,groq_batch_13r_outputs.normalized,"2026-04-07 12:35:58",
concept_domain_caee2af76561,concept_domain_1602bd03169f,embedding,0.734612,groq_batch_13r_outputs.normalized,"2026-04-07 12:35:58",
concept_domain_caee2af76561,concept_domain_c5e34dfeae31,embedding,0.717953,groq_batch_13r_outputs.normalized,"2026-04-07 12:35:58",
concept_domain_caee2af76561,concept_domain_c3b6f5840cc9,embedding,0.7158,groq_batch_13r_outputs.normalized,"2026-04-07 12:35:58",
concept_domain_53bbdf8cb7ec,concept_framework_db5e2f336086,embedding,0.647062,groq_batch_13r_outputs.normalized,"2026-04-07 12:35:58",
concept_domain_53bbdf8cb7ec,concept_domain_1602bd03169f,embedding,0.590911,groq_batch_13r_outputs.normalized,"2026-04-07 12:35:58",
concept_domain_53bbdf8cb7ec,concept_domain_5326cf49f80e,embedding,0.580273,groq_batch_13r_outputs.normalized,"2026-04-07 12:35:58",
concept_theme_7972f0e7e448,concept_theme_7a0a498a851b,embedding,0.866214,groq_batch_13r_outputs.normalized,"2026-04-07 12:35:58",
concept_theme_7972f0e7e448,concept_theme_fa5840fd8c6b,embedding,0.664571,groq_batch_13r_outputs.normalized,"2026-04-07 12:35:58",
concept_theme_7972f0e7e448,concept_theme_fdb178f712b2,embedding,0.657137,groq_batch_13r_outputs.normalized,"2026-04-07 12:35:58",
concept_theme_7972f0e7e448,concept_theme_ef4a5f63202e,embedding,0.63787,groq_batch_13r_outputs.normalized,"2026-04-07 12:35:58",
concept_theme_7972f0e7e448,concept_theme_e4e20b6dd893,embedding,0.629758,groq_batch_13r_outputs.normalized,"2026-04-07 12:35:58",
concept_theme_7972f0e7e448,concept_theme_820db04b004d,embedding,0.619043,groq_batch_13r_outputs.normalized,"2026-04-07 12:35:58",
concept_theme_7972f0e7e448,concept_theme_e2d0e38cfde1,embedding,0.610921,groq_batch_13r_outputs.normalized,"2026-04-07 12:35:58",
concept_theme_7972f0e7e448,concept_theme_d1bb3a733135,embedding,0.602557,groq_batch_13r_outputs.normalized,"2026-04-07 12:35:58",
concept_theme_ef4a5f63202e,concept_concept_b4100f06ff66,embedding,0.773886,groq_batch_13r_outputs.normalized,"2026-04-07 12:35:58",
concept_theme_ef4a5f63202e,concept_theme_9bad5ae05f7a,embedding,0.769923,groq_batch_13r_outputs.normalized,"2026-04-07 12:35:58",
concept_theme_ef4a5f63202e,concept_theme_9a858beb1019,embedding,0.687135,groq_batch_13r_outputs.normalized,"2026-04-07 12:35:58",
concept_theme_ef4a5f63202e,concept_theme_7a0a498a851b,embedding,0.669818,groq_batch_13r_outputs.normalized,"2026-04-07 12:35:58",
concept_theme_ef4a5f63202e,concept_theme_fa5840fd8c6b,embedding,0.662924,groq_batch_13r_outputs.normalized,"2026-04-07 12:35:58",
concept_theme_ef4a5f63202e,concept_theme_f156a24f6899,embedding,0.650238,groq_batch_13r_outputs.normalized,"2026-04-07 12:35:58",
concept_theme_ef4a5f63202e,concept_theme_e2d0e38cfde1,embedding,0.650092,groq_batch_13r_outputs.normalized,"2026-04-07 12:35:58",
concept_theme_ef4a5f63202e,concept_theme_43c39021bb74,embedding,0.645971,groq_batch_13r_outputs.normalized,"2026-04-07 12:35:58",
concept_theme_a1985c85fa2e,concept_event_72a5e6049f14,embedding,0.759428,groq_batch_13r_outputs.normalized,"2026-04-07 12:35:58",
concept_theme_a1985c85fa2e,concept_theme_fa5840fd8c6b,embedding,0.743979,groq_batch_13r_outputs.normalized,"2026-04-07 12:35:58",
concept_theme_a1985c85fa2e,concept_theme_1113530e106b,embedding,0.700067,groq_batch_13r_outputs.normalized,"2026-04-07 12:35:58",
concept_theme_a1985c85fa2e,concept_theme_e2d0e38cfde1,embedding,0.661111,groq_batch_13r_outputs.normalized,"2026-04-07 12:35:58",
concept_theme_a1985c85fa2e,concept_theme_745975005936,embedding,0.652576,groq_batch_13r_outputs.normalized,"2026-04-07 12:35:58",
concept_theme_a1985c85fa2e,concept_theme_fdb178f712b2,embedding,0.588795,groq_batch_13r_outputs.normalized,"2026-04-07 12:35:58",
concept_theme_a1985c85fa2e,concept_theme_cf58c74dc5bc,embedding,0.582619,groq_batch_13r_outputs.normalized,"2026-04-07 12:35:58",
concept_theme_a1985c85fa2e,concept_theme_cc4b66d16c07,embedding,0.580409,groq_batch_13r_outputs.normalized,"2026-04-07 12:35:58",
concept_theme_fa5840fd8c6b,concept_theme_a1985c85fa2e,embedding,0.743979,groq_batch_13r_outputs.normalized,"2026-04-07 12:35:59",
concept_theme_fa5840fd8c6b,concept_theme_e2d0e38cfde1,embedding,0.736243,groq_batch_13r_outputs.normalized,"2026-04-07 12:35:59",
concept_theme_fa5840fd8c6b,concept_event_51f88cef979a,embedding,0.676573,groq_batch_13r_outputs.normalized,"2026-04-07 12:35:59",
concept_theme_fa5840fd8c6b,concept_theme_9bad5ae05f7a,embedding,0.672474,groq_batch_13r_outputs.normalized,"2026-04-07 12:35:59",
concept_theme_fa5840fd8c6b,concept_theme_745975005936,embedding,0.672392,groq_batch_13r_outputs.normalized,"2026-04-07 12:35:59",
concept_theme_fa5840fd8c6b,concept_theme_7972f0e7e448,embedding,0.664571,groq_batch_13r_outputs.normalized,"2026-04-07 12:35:59",
concept_theme_fa5840fd8c6b,concept_theme_ef4a5f63202e,embedding,0.662924,groq_batch_13r_outputs.normalized,"2026-04-07 12:35:59",
concept_theme_fa5840fd8c6b,concept_theme_820db04b004d,embedding,0.654498,groq_batch_13r_outputs.normalized,"2026-04-07 12:35:59",
concept_theme_24dd1ca79d25,concept_theme_7575d727932f,embedding,0.660432,groq_batch_13r_outputs.normalized,"2026-04-07 12:35:59",
concept_theme_24dd1ca79d25,concept_theme_cf58c74dc5bc,embedding,0.639202,groq_batch_13r_outputs.normalized,"2026-04-07 12:35:59",
concept_theme_24dd1ca79d25,concept_theme_7df4f3e3d80b,embedding,0.625535,groq_batch_13r_outputs.normalized,"2026-04-07 12:35:59",
concept_theme_24dd1ca79d25,concept_theme_38b944c29632,embedding,0.617158,groq_batch_13r_outputs.normalized,"2026-04-07 12:35:59",
concept_theme_24dd1ca79d25,concept_theme_782e59f0fbcf,embedding,0.614505,groq_batch_13r_outputs.normalized,"2026-04-07 12:35:59",
concept_theme_24dd1ca79d25,concept_theme_180e409bd4e6,embedding,0.604416,groq_batch_13r_outputs.normalized,"2026-04-07 12:35:59",
concept_theme_24dd1ca79d25,concept_theme_2c6c49c54bbd,embedding,0.590854,groq_batch_13r_outputs.normalized,"2026-04-07 12:35:59",
concept_theme_24dd1ca79d25,concept_theme_43c39021bb74,embedding,0.580179,groq_batch_13r_outputs.normalized,"2026-04-07 12:35:59",
concept_theme_745975005936,concept_concept_7802f292d33f,embedding,0.754394,groq_batch_13r_outputs.normalized,"2026-04-07 12:35:59",
concept_theme_745975005936,concept_theme_fa5840fd8c6b,embedding,0.672392,groq_batch_13r_outputs.normalized,"2026-04-07 12:35:59",
concept_theme_745975005936,concept_theme_a1985c85fa2e,embedding,0.652576,groq_batch_13r_outputs.normalized,"2026-04-07 12:35:59",
concept_theme_745975005936,concept_theme_9bad5ae05f7a,embedding,0.636355,groq_batch_13r_outputs.normalized,"2026-04-07 12:35:59",
concept_theme_745975005936,concept_theme_1113530e106b,embedding,0.635792,groq_batch_13r_outputs.normalized,"2026-04-07 12:35:59",
concept_theme_745975005936,concept_theme_820db04b004d,embedding,0.600277,groq_batch_13r_outputs.normalized,"2026-04-07 12:35:59",
concept_theme_745975005936,concept_theme_f156a24f6899,embedding,0.595087,groq_batch_13r_outputs.normalized,"2026-04-07 12:35:59",
concept_theme_745975005936,concept_theme_7972f0e7e448,embedding,0.58624,groq_batch_13r_outputs.normalized,"2026-04-07 12:35:59",
concept_theme_cc4b66d16c07,concept_theme_e2d0e38cfde1,embedding,0.71997,groq_batch_13r_outputs.normalized,"2026-04-07 12:35:59",
concept_theme_cc4b66d16c07,concept_theme_cf58c74dc5bc,embedding,0.662765,groq_batch_13r_outputs.normalized,"2026-04-07 12:35:59",
concept_theme_cc4b66d16c07,concept_event_9861163e8d9e,embedding,0.645177,groq_batch_13r_outputs.normalized,"2026-04-07 12:35:59",
concept_theme_cc4b66d16c07,concept_theme_38b944c29632,embedding,0.638723,groq_batch_13r_outputs.normalized,"2026-04-07 12:35:59",
concept_theme_cc4b66d16c07,concept_theme_0b9c40adb718,embedding,0.630978,groq_batch_13r_outputs.normalized,"2026-04-07 12:35:59",
concept_theme_cc4b66d16c07,concept_theme_0643c166f9c9,embedding,0.619707,groq_batch_13r_outputs.normalized,"2026-04-07 12:35:59",
concept_theme_cc4b66d16c07,concept_theme_d1bb3a733135,embedding,0.615399,groq_batch_13r_outputs.normalized,"2026-04-07 12:35:59",
concept_theme_cc4b66d16c07,concept_theme_fa5840fd8c6b,embedding,0.613505,groq_batch_13r_outputs.normalized,"2026-04-07 12:35:59",
concept_theme_1113530e106b,concept_theme_a1985c85fa2e,embedding,0.700067,groq_batch_13r_outputs.normalized,"2026-04-07 12:35:59",
concept_theme_1113530e106b,concept_theme_fa5840fd8c6b,embedding,0.640414,groq_batch_13r_outputs.normalized,"2026-04-07 12:35:59",
concept_theme_1113530e106b,concept_theme_745975005936,embedding,0.635792,groq_batch_13r_outputs.normalized,"2026-04-07 12:35:59",
concept_theme_1113530e106b,concept_event_cabbaa68cbfe,embedding,0.573162,groq_batch_13r_outputs.normalized,"2026-04-07 12:35:59",
concept_theme_1113530e106b,concept_theme_a9d4963e4af4,embedding,0.568525,groq_batch_13r_outputs.normalized,"2026-04-07 12:35:59",
concept_theme_1113530e106b,concept_insight_228a5959e8f3,embedding,0.56778,groq_batch_13r_outputs.normalized,"2026-04-07 12:35:59",
concept_theme_1113530e106b,concept_theme_e2d0e38cfde1,embedding,0.565287,groq_batch_13r_outputs.normalized,"2026-04-07 12:35:59",
concept_theme_1113530e106b,concept_theme_9bad5ae05f7a,embedding,0.554765,groq_batch_13r_outputs.normalized,"2026-04-07 12:35:59",
concept_person_a334dbd6bdf5,concept_person_da9b195bd690,embedding,0.793471,groq_batch_13r_outputs.normalized,"2026-04-07 12:35:59",
concept_person_a334dbd6bdf5,concept_person_8240af5ee220,embedding,0.649672,groq_batch_13r_outputs.normalized,"2026-04-07 12:35:59",
concept_person_a334dbd6bdf5,concept_person_04f6a21252a0,embedding,0.648841,groq_batch_13r_outputs.normalized,"2026-04-07 12:35:59",
concept_person_a334dbd6bdf5,concept_person_5ebf778f5317,embedding,0.629121,groq_batch_13r_outputs.normalized,"2026-04-07 12:35:59",
concept_person_a334dbd6bdf5,concept_person_e44b6c0c3af3,embedding,0.623388,groq_batch_13r_outputs.normalized,"2026-04-07 12:35:59",
concept_person_a334dbd6bdf5,concept_person_83c95af5001c,embedding,0.592964,groq_batch_13r_outputs.normalized,"2026-04-07 12:35:59",
concept_person_a334dbd6bdf5,concept_person_21f27c1e1465,embedding,0.587396,groq_batch_13r_outputs.normalized,"2026-04-07 12:35:59",
concept_person_a334dbd6bdf5,concept_person_51eb0d09611c,embedding,0.571529,groq_batch_13r_outputs.normalized,"2026-04-07 12:35:59",
concept_person_da9b195bd690,concept_person_a334dbd6bdf5,embedding,0.793471,groq_batch_13r_outputs.normalized,"2026-04-07 12:35:59",
concept_person_da9b195bd690,concept_person_04f6a21252a0,embedding,0.763387,groq_batch_13r_outputs.normalized,"2026-04-07 12:35:59",
concept_person_da9b195bd690,concept_person_8240af5ee220,embedding,0.726077,groq_batch_13r_outputs.normalized,"2026-04-07 12:35:59",
concept_person_da9b195bd690,concept_person_e44b6c0c3af3,embedding,0.695682,groq_batch_13r_outputs.normalized,"2026-04-07 12:35:59",
concept_person_da9b195bd690,concept_person_f6c4b3732059,embedding,0.645963,groq_batch_13r_outputs.normalized,"2026-04-07 12:35:59",
concept_person_da9b195bd690,concept_person_21f27c1e1465,embedding,0.633068,groq_batch_13r_outputs.normalized,"2026-04-07 12:35:59",
concept_person_da9b195bd690,concept_person_ac4b64acdfab,embedding,0.632796,groq_batch_13r_outputs.normalized,"2026-04-07 12:35:59",
concept_person_da9b195bd690,concept_event_51f88cef979a,embedding,0.616948,groq_batch_13r_outputs.normalized,"2026-04-07 12:35:59",
concept_event_cabbaa68cbfe,concept_event_51f88cef979a,embedding,0.752445,groq_batch_13r_outputs.normalized,"2026-04-07 12:35:59",
concept_event_cabbaa68cbfe,concept_event_72a5e6049f14,embedding,0.740212,groq_batch_13r_outputs.normalized,"2026-04-07 12:35:59",
concept_event_cabbaa68cbfe,concept_event_560deabc58ca,embedding,0.64502,groq_batch_13r_outputs.normalized,"2026-04-07 12:35:59",
concept_event_cabbaa68cbfe,concept_event_2b3c90ec0ea9,embedding,0.632734,groq_batch_13r_outputs.normalized,"2026-04-07 12:35:59",
concept_event_cabbaa68cbfe,concept_event_00d56a9ad99d,embedding,0.617712,groq_batch_13r_outputs.normalized,"2026-04-07 12:35:59",
concept_event_cabbaa68cbfe,concept_event_9861163e8d9e,embedding,0.5997,groq_batch_13r_outputs.normalized,"2026-04-07 12:35:59",
concept_event_cabbaa68cbfe,concept_event_20b4a47b8b62,embedding,0.598156,groq_batch_13r_outputs.normalized,"2026-04-07 12:35:59",
concept_event_cabbaa68cbfe,concept_event_0c8b8d0dc95f,embedding,0.580216,groq_batch_13r_outputs.normalized,"2026-04-07 12:35:59",
concept_event_9861163e8d9e,concept_event_0c8b8d0dc95f,embedding,0.71435,groq_batch_13r_outputs.normalized,"2026-04-07 12:35:59",
concept_event_9861163e8d9e,concept_event_00d56a9ad99d,embedding,0.653694,groq_batch_13r_outputs.normalized,"2026-04-07 12:35:59",
concept_event_9861163e8d9e,concept_theme_cc4b66d16c07,embedding,0.645177,groq_batch_13r_outputs.normalized,"2026-04-07 12:35:59",
concept_event_9861163e8d9e,concept_event_20b4a47b8b62,embedding,0.627426,groq_batch_13r_outputs.normalized,"2026-04-07 12:35:59",
concept_event_9861163e8d9e,concept_event_560deabc58ca,embedding,0.607908,groq_batch_13r_outputs.normalized,"2026-04-07 12:35:59",
concept_event_9861163e8d9e,concept_event_cabbaa68cbfe,embedding,0.5997,groq_batch_13r_outputs.normalized,"2026-04-07 12:35:59",
concept_event_9861163e8d9e,concept_event_3f0cb2a18c66,embedding,0.598648,groq_batch_13r_outputs.normalized,"2026-04-07 12:35:59",
concept_event_9861163e8d9e,concept_event_51f88cef979a,embedding,0.591165,groq_batch_13r_outputs.normalized,"2026-04-07 12:35:59",
concept_concept_b4100f06ff66,concept_concept_acee6882cb32,embedding,0.7973,groq_batch_13r_outputs.normalized,"2026-04-07 12:35:59",
concept_concept_b4100f06ff66,concept_theme_ef4a5f63202e,embedding,0.773886,groq_batch_13r_outputs.normalized,"2026-04-07 12:35:59",
concept_concept_b4100f06ff66,concept_concept_88bb6fcdb482,embedding,0.664364,groq_batch_13r_outputs.normalized,"2026-04-07 12:35:59",
concept_concept_b4100f06ff66,concept_theme_9bad5ae05f7a,embedding,0.656656,groq_batch_13r_outputs.normalized,"2026-04-07 12:35:59",
concept_concept_b4100f06ff66,concept_concept_1aee207f7857,embedding,0.654355,groq_batch_13r_outputs.normalized,"2026-04-07 12:35:59",
concept_concept_b4100f06ff66,concept_domain_1b0fc624c2e1,embedding,0.632978,groq_batch_13r_outputs.normalized,"2026-04-07 12:35:59",
concept_concept_b4100f06ff66,concept_concept_e52dc1b5fbca,embedding,0.616365,groq_batch_13r_outputs.normalized,"2026-04-07 12:35:59",
concept_concept_b4100f06ff66,concept_concept_6407111ba2a4,embedding,0.603541,groq_batch_13r_outputs.normalized,"2026-04-07 12:35:59",
concept_event_51f88cef979a,concept_event_72a5e6049f14,embedding,0.790365,groq_batch_13r_outputs.normalized,"2026-04-07 12:35:59",
concept_event_51f88cef979a,concept_event_cabbaa68cbfe,embedding,0.752445,groq_batch_13r_outputs.normalized,"2026-04-07 12:35:59",
concept_event_51f88cef979a,concept_event_560deabc58ca,embedding,0.707695,groq_batch_13r_outputs.normalized,"2026-04-07 12:35:59",
concept_event_51f88cef979a,concept_event_0c8b8d0dc95f,embedding,0.686623,groq_batch_13r_outputs.normalized,"2026-04-07 12:35:59",
concept_event_51f88cef979a,concept_event_2b3c90ec0ea9,embedding,0.682779,groq_batch_13r_outputs.normalized,"2026-04-07 12:35:59",
concept_event_51f88cef979a,concept_event_00d56a9ad99d,embedding,0.678482,groq_batch_13r_outputs.normalized,"2026-04-07 12:35:59",
concept_event_51f88cef979a,concept_theme_fa5840fd8c6b,embedding,0.676573,groq_batch_13r_outputs.normalized,"2026-04-07 12:35:59",
concept_event_51f88cef979a,concept_person_da9b195bd690,embedding,0.616948,groq_batch_13r_outputs.normalized,"2026-04-07 12:35:59",
concept_event_72a5e6049f14,concept_event_51f88cef979a,embedding,0.790365,groq_batch_13r_outputs.normalized,"2026-04-07 12:35:59",
concept_event_72a5e6049f14,concept_theme_a1985c85fa2e,embedding,0.759428,groq_batch_13r_outputs.normalized,"2026-04-07 12:35:59",
concept_event_72a5e6049f14,concept_event_cabbaa68cbfe,embedding,0.740212,groq_batch_13r_outputs.normalized,"2026-04-07 12:35:59",
concept_event_72a5e6049f14,concept_person_04f6a21252a0,embedding,0.618121,groq_batch_13r_outputs.normalized,"2026-04-07 12:35:59",
concept_event_72a5e6049f14,concept_event_560deabc58ca,embedding,0.617676,groq_batch_13r_outputs.normalized,"2026-04-07 12:35:59",
concept_event_72a5e6049f14,concept_event_2b3c90ec0ea9,embedding,0.603205,groq_batch_13r_outputs.normalized,"2026-04-07 12:35:59",
concept_event_72a5e6049f14,concept_event_00d56a9ad99d,embedding,0.586446,groq_batch_13r_outputs.normalized,"2026-04-07 12:35:59",
concept_event_72a5e6049f14,concept_event_0c8b8d0dc95f,embedding,0.579837,groq_batch_13r_outputs.normalized,"2026-04-07 12:35:59",
concept_person_04f6a21252a0,concept_person_da9b195bd690,embedding,0.763387,groq_batch_13r_outputs.normalized,"2026-04-07 12:35:59",
concept_person_04f6a21252a0,concept_person_a334dbd6bdf5,embedding,0.648841,groq_batch_13r_outputs.normalized,"2026-04-07 12:35:59",
concept_person_04f6a21252a0,concept_event_72a5e6049f14,embedding,0.618121,groq_batch_13r_outputs.normalized,"2026-04-07 12:35:59",
concept_person_04f6a21252a0,concept_person_8240af5ee220,embedding,0.609266,groq_batch_13r_outputs.normalized,"2026-04-07 12:35:59",
concept_person_04f6a21252a0,concept_person_ac4b64acdfab,embedding,0.605912,groq_batch_13r_outputs.normalized,"2026-04-07 12:35:59",
concept_person_04f6a21252a0,concept_person_7694d49afe8d,embedding,0.587319,groq_batch_13r_outputs.normalized,"2026-04-07 12:35:59",
concept_person_04f6a21252a0,concept_event_51f88cef979a,embedding,0.568875,groq_batch_13r_outputs.normalized,"2026-04-07 12:35:59",
concept_person_04f6a21252a0,concept_insight_efd382c67ae4,embedding,0.565965,groq_batch_13r_outputs.normalized,"2026-04-07 12:35:59",
concept_person_fe864868902c,concept_insight_228a5959e8f3,embedding,0.704408,groq_batch_13r_outputs.normalized,"2026-04-07 12:35:59",
concept_person_fe864868902c,concept_organization_6fbd6e5190d5,embedding,0.603184,groq_batch_13r_outputs.normalized,"2026-04-07 12:35:59",
concept_person_fe864868902c,concept_problem_f51fb4657608,embedding,0.557049,groq_batch_13r_outputs.normalized,"2026-04-07 12:35:59",
concept_problem_f51fb4657608,concept_problem_7e804a096195,embedding,0.578932,groq_batch_13r_outputs.normalized,"2026-04-07 12:35:59",
concept_problem_f51fb4657608,concept_problem_546dd49ff145,embedding,0.570685,groq_batch_13r_outputs.normalized,"2026-04-07 12:35:59",
concept_problem_f51fb4657608,concept_person_fe864868902c,embedding,0.557049,groq_batch_13r_outputs.normalized,"2026-04-07 12:35:59",
concept_problem_f51fb4657608,concept_domain_232eb9300d28,embedding,0.553523,groq_batch_13r_outputs.normalized,"2026-04-07 12:35:59",
concept_concept_7802f292d33f,concept_theme_745975005936,embedding,0.754394,groq_batch_13r_outputs.normalized,"2026-04-07 12:35:59",
concept_concept_7802f292d33f,concept_theory_5f1e28e6f2aa,embedding,0.560034,groq_batch_13r_outputs.normalized,"2026-04-07 12:35:59",
concept_concept_7802f292d33f,concept_concept_88bb6fcdb482,embedding,0.551615,groq_batch_13r_outputs.normalized,"2026-04-07 12:35:59",
concept_framework_db5e2f336086,concept_domain_53bbdf8cb7ec,embedding,0.647062,groq_batch_13r_outputs.normalized,"2026-04-07 12:35:59",
concept_framework_db5e2f336086,concept_framework_422f1769eb93,embedding,0.578699,groq_batch_13r_outputs.normalized,"2026-04-07 12:35:59",
concept_framework_db5e2f336086,concept_domain_e19086aaa18e,embedding,0.554742,groq_batch_13r_outputs.normalized,"2026-04-07 12:35:59",
concept_framework_db5e2f336086,concept_theme_6881785e1d46,embedding,0.550635,groq_batch_13r_outputs.normalized,"2026-04-07 12:35:59",
concept_framework_db5e2f336086,concept_domain_856e8d2e7ee2,embedding,0.55031,groq_batch_13r_outputs.normalized,"2026-04-07 12:35:59",
concept_insight_76798d343b6e,concept_insight_bccfe5e808c0,embedding,0.726844,groq_batch_13r_outputs.normalized,"2026-04-07 12:35:59",
concept_insight_76798d343b6e,concept_insight_efd382c67ae4,embedding,0.681015,groq_batch_13r_outputs.normalized,"2026-04-07 12:35:59",
concept_insight_76798d343b6e,concept_insight_90e67928fa24,embedding,0.636047,groq_batch_13r_outputs.normalized,"2026-04-07 12:35:59",
concept_insight_76798d343b6e,concept_insight_1694192f1956,embedding,0.605842,groq_batch_13r_outputs.normalized,"2026-04-07 12:35:59",
concept_insight_76798d343b6e,concept_insight_5cbd97b72edb,embedding,0.574247,groq_batch_13r_outputs.normalized,"2026-04-07 12:35:59",
concept_insight_76798d343b6e,concept_insight_21742a43c3c1,embedding,0.555042,groq_batch_13r_outputs.normalized,"2026-04-07 12:35:59",
concept_insight_1694192f1956,concept_insight_21742a43c3c1,embedding,0.706676,groq_batch_13r_outputs.normalized,"2026-04-07 12:35:59",
concept_insight_1694192f1956,concept_insight_bccfe5e808c0,embedding,0.686669,groq_batch_13r_outputs.normalized,"2026-04-07 12:35:59",
concept_insight_1694192f1956,concept_insight_efd382c67ae4,embedding,0.659286,groq_batch_13r_outputs.normalized,"2026-04-07 12:35:59",
concept_insight_1694192f1956,concept_insight_5cbd97b72edb,embedding,0.633587,groq_batch_13r_outputs.normalized,"2026-04-07 12:35:59",
concept_insight_1694192f1956,concept_insight_76798d343b6e,embedding,0.605842,groq_batch_13r_outputs.normalized,"2026-04-07 12:35:59",
concept_insight_1694192f1956,concept_event_51f88cef979a,embedding,0.588861,groq_batch_13r_outputs.normalized,"2026-04-07 12:35:59",
concept_insight_1694192f1956,concept_theme_fa5840fd8c6b,embedding,0.582175,groq_batch_13r_outputs.normalized,"2026-04-07 12:35:59",
concept_insight_1694192f1956,concept_insight_90e67928fa24,embedding,0.57928,groq_batch_13r_outputs.normalized,"2026-04-07 12:35:59",
concept_insight_efd382c67ae4,concept_insight_90e67928fa24,embedding,0.728329,groq_batch_13r_outputs.normalized,"2026-04-07 12:35:59",
concept_insight_efd382c67ae4,concept_insight_5cbd97b72edb,embedding,0.698461,groq_batch_13r_outputs.normalized,"2026-04-07 12:35:59",
concept_insight_efd382c67ae4,concept_insight_76798d343b6e,embedding,0.681015,groq_batch_13r_outputs.normalized,"2026-04-07 12:35:59",
concept_insight_efd382c67ae4,concept_insight_bccfe5e808c0,embedding,0.671401,groq_batch_13r_outputs.normalized,"2026-04-07 12:35:59",
concept_insight_efd382c67ae4,concept_insight_1694192f1956,embedding,0.659286,groq_batch_13r_outputs.normalized,"2026-04-07 12:35:59",
concept_insight_efd382c67ae4,concept_insight_21742a43c3c1,embedding,0.602142,groq_batch_13r_outputs.normalized,"2026-04-07 12:35:59",
concept_insight_efd382c67ae4,concept_person_04f6a21252a0,embedding,0.565965,groq_batch_13r_outputs.normalized,"2026-04-07 12:35:59",
concept_insight_efd382c67ae4,concept_insight_228a5959e8f3,embedding,0.558598,groq_batch_13r_outputs.normalized,"2026-04-07 12:35:59",
concept_insight_5cbd97b72edb,concept_insight_efd382c67ae4,embedding,0.698461,groq_batch_13r_outputs.normalized,"2026-04-07 12:35:59",
concept_insight_5cbd97b72edb,concept_insight_1694192f1956,embedding,0.633587,groq_batch_13r_outputs.normalized,"2026-04-07 12:35:59",
concept_insight_5cbd97b72edb,concept_insight_90e67928fa24,embedding,0.629798,groq_batch_13r_outputs.normalized,"2026-04-07 12:35:59",
concept_insight_5cbd97b72edb,concept_insight_bccfe5e808c0,embedding,0.623446,groq_batch_13r_outputs.normalized,"2026-04-07 12:35:59",
concept_insight_5cbd97b72edb,concept_insight_76798d343b6e,embedding,0.574247,groq_batch_13r_outputs.normalized,"2026-04-07 12:35:59",
concept_insight_5cbd97b72edb,concept_insight_b7e0f0d7c69c,embedding,0.571224,groq_batch_13r_outputs.normalized,"2026-04-07 12:35:59",
concept_insight_5cbd97b72edb,concept_insight_b17947dfee84,embedding,0.560577,groq_batch_13r_outputs.normalized,"2026-04-07 12:35:59",
concept_insight_5cbd97b72edb,concept_insight_21742a43c3c1,embedding,0.553651,groq_batch_13r_outputs.normalized,"2026-04-07 12:35:59",
concept_insight_90e67928fa24,concept_insight_efd382c67ae4,embedding,0.728329,groq_batch_13r_outputs.normalized,"2026-04-07 12:35:59",
concept_insight_90e67928fa24,concept_insight_bccfe5e808c0,embedding,0.653957,groq_batch_13r_outputs.normalized,"2026-04-07 12:35:59",
concept_insight_90e67928fa24,concept_insight_76798d343b6e,embedding,0.636047,groq_batch_13r_outputs.normalized,"2026-04-07 12:35:59",
concept_insight_90e67928fa24,concept_insight_5cbd97b72edb,embedding,0.629798,groq_batch_13r_outputs.normalized,"2026-04-07 12:35:59",
concept_insight_90e67928fa24,concept_insight_1694192f1956,embedding,0.57928,groq_batch_13r_outputs.normalized,"2026-04-07 12:35:59",
concept_insight_21742a43c3c1,concept_insight_1694192f1956,embedding,0.706676,groq_batch_13r_outputs.normalized,"2026-04-07 12:35:59",
concept_insight_21742a43c3c1,concept_insight_bccfe5e808c0,embedding,0.637643,groq_batch_13r_outputs.normalized,"2026-04-07 12:35:59",
concept_insight_21742a43c3c1,concept_insight_efd382c67ae4,embedding,0.602142,groq_batch_13r_outputs.normalized,"2026-04-07 12:35:59",
concept_insight_21742a43c3c1,concept_event_51f88cef979a,embedding,0.564111,groq_batch_13r_outputs.normalized,"2026-04-07 12:35:59",
concept_insight_21742a43c3c1,concept_insight_76798d343b6e,embedding,0.555042,groq_batch_13r_outputs.normalized,"2026-04-07 12:35:59",
concept_insight_21742a43c3c1,concept_insight_5cbd97b72edb,embedding,0.553651,groq_batch_13r_outputs.normalized,"2026-04-07 12:35:59",
concept_insight_228a5959e8f3,concept_person_fe864868902c,embedding,0.704408,groq_batch_13r_outputs.normalized,"2026-04-07 12:35:59",
concept_insight_228a5959e8f3,concept_theme_1113530e106b,embedding,0.56778,groq_batch_13r_outputs.normalized,"2026-04-07 12:35:59",
concept_insight_228a5959e8f3,concept_insight_efd382c67ae4,embedding,0.558598,groq_batch_13r_outputs.normalized,"2026-04-07 12:35:59",
concept_insight_bccfe5e808c0,concept_insight_76798d343b6e,embedding,0.726844,groq_batch_13r_outputs.normalized,"2026-04-07 12:35:59",
concept_insight_bccfe5e808c0,concept_insight_1694192f1956,embedding,0.686669,groq_batch_13r_outputs.normalized,"2026-04-07 12:35:59",
concept_insight_bccfe5e808c0,concept_insight_efd382c67ae4,embedding,0.671401,groq_batch_13r_outputs.normalized,"2026-04-07 12:35:59",
concept_insight_bccfe5e808c0,concept_insight_90e67928fa24,embedding,0.653957,groq_batch_13r_outputs.normalized,"2026-04-07 12:35:59",
concept_insight_bccfe5e808c0,concept_insight_21742a43c3c1,embedding,0.637643,groq_batch_13r_outputs.normalized,"2026-04-07 12:35:59",
concept_insight_bccfe5e808c0,concept_insight_5cbd97b72edb,embedding,0.623446,groq_batch_13r_outputs.normalized,"2026-04-07 12:35:59",
concept_insight_bccfe5e808c0,concept_insight_7a031f02124a,embedding,0.562567,groq_batch_13r_outputs.normalized,"2026-04-07 12:35:59",
concept_domain_db4d9c3bc628,concept_domain_ff2a5f10eba0,embedding,0.794154,groq_batch_13r_outputs.normalized,"2026-04-07 12:35:59",
concept_domain_db4d9c3bc628,concept_domain_856e8d2e7ee2,embedding,0.787549,groq_batch_13r_outputs.normalized,"2026-04-07 12:35:59",
concept_domain_db4d9c3bc628,concept_domain_e19086aaa18e,embedding,0.770596,groq_batch_13r_outputs.normalized,"2026-04-07 12:35:59",
concept_domain_db4d9c3bc628,concept_domain_ec0eb439899e,embedding,0.753724,groq_batch_13r_outputs.normalized,"2026-04-07 12:35:59",
concept_domain_db4d9c3bc628,concept_example_1305baf5a434,embedding,0.746158,groq_batch_13r_outputs.normalized,"2026-04-07 12:35:59",
concept_domain_db4d9c3bc628,concept_domain_caee2af76561,embedding,0.697119,groq_batch_13r_outputs.normalized,"2026-04-07 12:35:59",
concept_domain_db4d9c3bc628,concept_domain_68b5c531a430,embedding,0.694636,groq_batch_13r_outputs.normalized,"2026-04-07 12:35:59",
concept_domain_db4d9c3bc628,concept_domain_cae9453bc958,embedding,0.693134,groq_batch_13r_outputs.normalized,"2026-04-07 12:35:59",
concept_domain_7049e80c45da,concept_domain_cae9453bc958,embedding,0.85831,groq_batch_13r_outputs.normalized,"2026-04-07 12:35:59",
concept_domain_7049e80c45da,concept_domain_5263cb23e03c,embedding,0.713052,groq_batch_13r_outputs.normalized,"2026-04-07 12:35:59",
concept_domain_7049e80c45da,concept_domain_bb3345625297,embedding,0.709401,groq_batch_13r_outputs.normalized,"2026-04-07 12:35:59",
concept_domain_7049e80c45da,concept_domain_ec0eb439899e,embedding,0.696978,groq_batch_13r_outputs.normalized,"2026-04-07 12:35:59",
concept_domain_7049e80c45da,concept_domain_6a5413595b4b,embedding,0.691198,groq_batch_13r_outputs.normalized,"2026-04-07 12:35:59",
concept_domain_7049e80c45da,concept_domain_bdad25e4cd05,embedding,0.673252,groq_batch_13r_outputs.normalized,"2026-04-07 12:35:59",
concept_domain_7049e80c45da,concept_domain_1602bd03169f,embedding,0.672947,groq_batch_13r_outputs.normalized,"2026-04-07 12:35:59",
concept_domain_7049e80c45da,concept_domain_ac24a4eaffb5,embedding,0.671189,groq_batch_13r_outputs.normalized,"2026-04-07 12:35:59",
concept_domain_2d54c8b8873f,concept_domain_56441dbefe7d,embedding,0.803108,groq_batch_13r_outputs.normalized,"2026-04-07 12:35:59",
concept_domain_2d54c8b8873f,concept_domain_ec0eb439899e,embedding,0.704289,groq_batch_13r_outputs.normalized,"2026-04-07 12:35:59",
concept_domain_2d54c8b8873f,concept_domain_c3b6f5840cc9,embedding,0.691483,groq_batch_13r_outputs.normalized,"2026-04-07 12:35:59",
concept_domain_2d54c8b8873f,concept_domain_cee803d4cfc3,embedding,0.684742,groq_batch_13r_outputs.normalized,"2026-04-07 12:35:59",
concept_domain_2d54c8b8873f,concept_domain_86d37f6c96c1,embedding,0.679015,groq_batch_13r_outputs.normalized,"2026-04-07 12:35:59",
concept_domain_2d54c8b8873f,concept_domain_4f4118e273eb,embedding,0.678907,groq_batch_13r_outputs.normalized,"2026-04-07 12:35:59",
concept_domain_2d54c8b8873f,concept_domain_ff2a5f10eba0,embedding,0.676366,groq_batch_13r_outputs.normalized,"2026-04-07 12:35:59",
concept_domain_2d54c8b8873f,concept_concept_937b9e6e0a5a,embedding,0.668428,groq_batch_13r_outputs.normalized,"2026-04-07 12:35:59",
concept_domain_ff2a5f10eba0,concept_domain_db4d9c3bc628,embedding,0.794154,groq_batch_13r_outputs.normalized,"2026-04-07 12:35:59",
concept_domain_ff2a5f10eba0,concept_domain_cee803d4cfc3,embedding,0.764496,groq_batch_13r_outputs.normalized,"2026-04-07 12:35:59",
concept_domain_ff2a5f10eba0,concept_domain_68b5c531a430,embedding,0.684558,groq_batch_13r_outputs.normalized,"2026-04-07 12:35:59",
concept_domain_ff2a5f10eba0,concept_domain_2d54c8b8873f,embedding,0.676366,groq_batch_13r_outputs.normalized,"2026-04-07 12:35:59",
concept_domain_ff2a5f10eba0,concept_domain_cae9453bc958,embedding,0.663642,groq_batch_13r_outputs.normalized,"2026-04-07 12:35:59",
concept_domain_ff2a5f10eba0,concept_domain_6a5413595b4b,embedding,0.663285,groq_batch_13r_outputs.normalized,"2026-04-07 12:35:59",
concept_domain_ff2a5f10eba0,concept_domain_1602bd03169f,embedding,0.662646,groq_batch_13r_outputs.normalized,"2026-04-07 12:35:59",
concept_domain_ff2a5f10eba0,concept_domain_86d37f6c96c1,embedding,0.638618,groq_batch_13r_outputs.normalized,"2026-04-07 12:35:59",
concept_theme_e4e9b6a01aa0,concept_concept_cab28b5d6cf6,embedding,0.719856,groq_batch_13r_outputs.normalized,"2026-04-07 12:35:59",
concept_theme_e4e9b6a01aa0,concept_theme_5cbed3fc17c4,embedding,0.698712,groq_batch_13r_outputs.normalized,"2026-04-07 12:35:59",
concept_theme_e4e9b6a01aa0,concept_concept_4f802f6c07a5,embedding,0.651069,groq_batch_13r_outputs.normalized,"2026-04-07 12:35:59",
concept_theme_e4e9b6a01aa0,concept_theme_ae185a7e89ba,embedding,0.646391,groq_batch_13r_outputs.normalized,"2026-04-07 12:35:59",
concept_theme_e4e9b6a01aa0,concept_concept_dce6aea418f2,embedding,0.630831,groq_batch_13r_outputs.normalized,"2026-04-07 12:35:59",
concept_theme_e4e9b6a01aa0,concept_theme_9edcea900bda,embedding,0.630088,groq_batch_13r_outputs.normalized,"2026-04-07 12:35:59",
concept_theme_e4e9b6a01aa0,concept_theme_e2d0e38cfde1,embedding,0.616763,groq_batch_13r_outputs.normalized,"2026-04-07 12:35:59",
concept_theme_e4e9b6a01aa0,concept_theme_782e59f0fbcf,embedding,0.611159,groq_batch_13r_outputs.normalized,"2026-04-07 12:35:59",
concept_theme_ae185a7e89ba,concept_theme_e4e9b6a01aa0,embedding,0.646391,groq_batch_13r_outputs.normalized,"2026-04-07 12:35:59",
concept_theme_ae185a7e89ba,concept_concept_6606129d4be1,embedding,0.645615,groq_batch_13r_outputs.normalized,"2026-04-07 12:35:59",
concept_theme_ae185a7e89ba,concept_theme_297d28a28e80,embedding,0.598123,groq_batch_13r_outputs.normalized,"2026-04-07 12:35:59",
concept_theme_ae185a7e89ba,concept_theme_bda16218d10a,embedding,0.597979,groq_batch_13r_outputs.normalized,"2026-04-07 12:35:59",
concept_theme_ae185a7e89ba,concept_theme_12cbe3a27907,embedding,0.584146,groq_batch_13r_outputs.normalized,"2026-04-07 12:35:59",
concept_theme_ae185a7e89ba,concept_theme_820db04b004d,embedding,0.574284,groq_batch_13r_outputs.normalized,"2026-04-07 12:35:59",
concept_theme_ae185a7e89ba,concept_insight_b463ef2a803e,embedding,0.57422,groq_batch_13r_outputs.normalized,"2026-04-07 12:35:59",
concept_theme_ae185a7e89ba,concept_theme_41e347bb2550,embedding,0.566407,groq_batch_13r_outputs.normalized,"2026-04-07 12:35:59",
concept_theme_bda16218d10a,concept_concept_0799453ba742,embedding,0.784682,groq_batch_13r_outputs.normalized,"2026-04-07 12:35:59",
concept_theme_bda16218d10a,concept_theme_e2d0e38cfde1,embedding,0.672658,groq_batch_13r_outputs.normalized,"2026-04-07 12:35:59",
concept_theme_bda16218d10a,concept_theme_9edcea900bda,embedding,0.626138,groq_batch_13r_outputs.normalized,"2026-04-07 12:35:59",
concept_theme_bda16218d10a,concept_theme_ae185a7e89ba,embedding,0.597979,groq_batch_13r_outputs.normalized,"2026-04-07 12:35:59",
concept_theme_bda16218d10a,concept_theme_fa5840fd8c6b,embedding,0.591435,groq_batch_13r_outputs.normalized,"2026-04-07 12:35:59",
concept_theme_bda16218d10a,concept_theme_297d28a28e80,embedding,0.582638,groq_batch_13r_outputs.normalized,"2026-04-07 12:35:59",
concept_theme_bda16218d10a,concept_theme_9bad5ae05f7a,embedding,0.582266,groq_batch_13r_outputs.normalized,"2026-04-07 12:35:59",
concept_theme_bda16218d10a,concept_theme_a9d4963e4af4,embedding,0.581521,groq_batch_13r_outputs.normalized,"2026-04-07 12:35:59",
concept_theme_0b2bdbaf1512,concept_theme_84a7efb3cc4b,embedding,0.690474,groq_batch_13r_outputs.normalized,"2026-04-07 12:35:59",
concept_theme_0b2bdbaf1512,concept_data_16f03d4e4c70,embedding,0.660877,groq_batch_13r_outputs.normalized,"2026-04-07 12:35:59",
concept_theme_0b2bdbaf1512,concept_domain_7049e80c45da,embedding,0.637447,groq_batch_13r_outputs.normalized,"2026-04-07 12:35:59",
concept_theme_0b2bdbaf1512,concept_data_fccd50be3d39,embedding,0.608193,groq_batch_13r_outputs.normalized,"2026-04-07 12:35:59",
concept_theme_0b2bdbaf1512,concept_person_209e09f17aee,embedding,0.578027,groq_batch_13r_outputs.normalized,"2026-04-07 12:35:59",
concept_theme_5cbed3fc17c4,concept_theme_e4e9b6a01aa0,embedding,0.698712,groq_batch_13r_outputs.normalized,"2026-04-07 12:35:59",
concept_theme_5cbed3fc17c4,concept_theme_9edcea900bda,embedding,0.694008,groq_batch_13r_outputs.normalized,"2026-04-07 12:35:59",
concept_theme_5cbed3fc17c4,concept_theme_e2d0e38cfde1,embedding,0.660585,groq_batch_13r_outputs.normalized,"2026-04-07 12:35:59",
concept_theme_5cbed3fc17c4,concept_theme_fa5840fd8c6b,embedding,0.626864,groq_batch_13r_outputs.normalized,"2026-04-07 12:35:59",
concept_theme_5cbed3fc17c4,concept_theme_fdb178f712b2,embedding,0.624127,groq_batch_13r_outputs.normalized,"2026-04-07 12:35:59",
concept_theme_5cbed3fc17c4,concept_theme_021670d1b86c,embedding,0.61389,groq_batch_13r_outputs.normalized,"2026-04-07 12:35:59",
concept_theme_5cbed3fc17c4,concept_theme_e4e20b6dd893,embedding,0.607948,groq_batch_13r_outputs.normalized,"2026-04-07 12:35:59",
concept_theme_5cbed3fc17c4,concept_theme_4f6b17dc1d5d,embedding,0.606855,groq_batch_13r_outputs.normalized,"2026-04-07 12:35:59",
concept_theme_12cbe3a27907,concept_concept_ee5c67875d9b,embedding,0.638937,groq_batch_13r_outputs.normalized,"2026-04-07 12:35:59",
concept_theme_12cbe3a27907,concept_theme_ae185a7e89ba,embedding,0.584146,groq_batch_13r_outputs.normalized,"2026-04-07 12:35:59",
concept_theme_12cbe3a27907,concept_theme_f156a24f6899,embedding,0.556895,groq_batch_13r_outputs.normalized,"2026-04-07 12:35:59",
concept_theme_23cc79d4ac5d,concept_theme_782e59f0fbcf,embedding,0.691225,groq_batch_13r_outputs.normalized,"2026-04-07 12:35:59",
concept_theme_23cc79d4ac5d,concept_theme_13ccca9acff4,embedding,0.616367,groq_batch_13r_outputs.normalized,"2026-04-07 12:35:59",
concept_theme_23cc79d4ac5d,concept_theme_7df4f3e3d80b,embedding,0.591134,groq_batch_13r_outputs.normalized,"2026-04-07 12:35:59",
concept_theme_23cc79d4ac5d,concept_theme_70047803e06e,embedding,0.566505,groq_batch_13r_outputs.normalized,"2026-04-07 12:35:59",
concept_theme_23cc79d4ac5d,concept_theme_d1bb3a733135,embedding,0.557892,groq_batch_13r_outputs.normalized,"2026-04-07 12:35:59",
concept_theme_6881785e1d46,concept_theme_297d28a28e80,embedding,0.609991,groq_batch_13r_outputs.normalized,"2026-04-07 12:35:59",
concept_theme_6881785e1d46,concept_domain_db4d9c3bc628,embedding,0.557309,groq_batch_13r_outputs.normalized,"2026-04-07 12:35:59",
concept_theme_6881785e1d46,concept_framework_db5e2f336086,embedding,0.550635,groq_batch_13r_outputs.normalized,"2026-04-07 12:35:59",
concept_concept_4f802f6c07a5,concept_concept_cab28b5d6cf6,embedding,0.732125,groq_batch_13r_outputs.normalized,"2026-04-07 12:35:59",
concept_concept_4f802f6c07a5,concept_insight_5100b8166653,embedding,0.698482,groq_batch_13r_outputs.normalized,"2026-04-07 12:35:59",
concept_concept_4f802f6c07a5,concept_theme_e4e9b6a01aa0,embedding,0.651069,groq_batch_13r_outputs.normalized,"2026-04-07 12:35:59",
concept_concept_4f802f6c07a5,concept_concept_ee5c67875d9b,embedding,0.629081,groq_batch_13r_outputs.normalized,"2026-04-07 12:35:59",
concept_concept_4f802f6c07a5,concept_concept_6606129d4be1,embedding,0.618943,groq_batch_13r_outputs.normalized,"2026-04-07 12:35:59",
concept_concept_4f802f6c07a5,concept_concept_dce6aea418f2,embedding,0.617314,groq_batch_13r_outputs.normalized,"2026-04-07 12:35:59",
concept_concept_4f802f6c07a5,concept_concept_7e033ea7ea53,embedding,0.60419,groq_batch_13r_outputs.normalized,"2026-04-07 12:35:59",
concept_concept_4f802f6c07a5,concept_concept_106d6f9b3f78,embedding,0.575954,groq_batch_13r_outputs.normalized,"2026-04-07 12:35:59",
concept_concept_cab28b5d6cf6,concept_concept_4f802f6c07a5,embedding,0.732125,groq_batch_13r_outputs.normalized,"2026-04-07 12:35:59",
concept_concept_cab28b5d6cf6,concept_theme_e4e9b6a01aa0,embedding,0.719856,groq_batch_13r_outputs.normalized,"2026-04-07 12:35:59",
concept_concept_cab28b5d6cf6,concept_concept_dce6aea418f2,embedding,0.64095,groq_batch_13r_outputs.normalized,"2026-04-07 12:35:59",
concept_concept_cab28b5d6cf6,concept_concept_ee5c67875d9b,embedding,0.567657,groq_batch_13r_outputs.normalized,"2026-04-07 12:35:59",
concept_concept_cab28b5d6cf6,concept_domain_d73d97c85da5,embedding,0.551678,groq_batch_13r_outputs.normalized,"2026-04-07 12:35:59",
concept_concept_cab28b5d6cf6,concept_concept_6606129d4be1,embedding,0.550642,groq_batch_13r_outputs.normalized,"2026-04-07 12:35:59",
concept_concept_dce6aea418f2,concept_concept_cab28b5d6cf6,embedding,0.64095,groq_batch_13r_outputs.normalized,"2026-04-07 12:35:59",
concept_concept_dce6aea418f2,concept_theme_e4e9b6a01aa0,embedding,0.630831,groq_batch_13r_outputs.normalized,"2026-04-07 12:35:59",
concept_concept_dce6aea418f2,concept_concept_6606129d4be1,embedding,0.627321,groq_batch_13r_outputs.normalized,"2026-04-07 12:35:59",
concept_concept_dce6aea418f2,concept_concept_4f802f6c07a5,embedding,0.617314,groq_batch_13r_outputs.normalized,"2026-04-07 12:35:59",
concept_concept_dce6aea418f2,concept_concept_ee5c67875d9b,embedding,0.602979,groq_batch_13r_outputs.normalized,"2026-04-07 12:35:59",
concept_concept_dce6aea418f2,concept_concept_937b9e6e0a5a,embedding,0.584756,groq_batch_13r_outputs.normalized,"2026-04-07 12:35:59",
concept_concept_dce6aea418f2,concept_concept_7091d2715a81,embedding,0.57938,groq_batch_13r_outputs.normalized,"2026-04-07 12:35:59",
concept_concept_dce6aea418f2,concept_concept_0799453ba742,embedding,0.560961,groq_batch_13r_outputs.normalized,"2026-04-07 12:35:59",
concept_concept_6606129d4be1,concept_concept_371b6e7c4c93,embedding,0.672774,groq_batch_13r_outputs.normalized,"2026-04-07 12:36:00",
concept_concept_6606129d4be1,concept_concept_ee5c67875d9b,embedding,0.667743,groq_batch_13r_outputs.normalized,"2026-04-07 12:36:00",
concept_concept_6606129d4be1,concept_theme_ae185a7e89ba,embedding,0.645615,groq_batch_13r_outputs.normalized,"2026-04-07 12:36:00",
concept_concept_6606129d4be1,concept_concept_937b9e6e0a5a,embedding,0.641906,groq_batch_13r_outputs.normalized,"2026-04-07 12:36:00",
concept_concept_6606129d4be1,concept_concept_dce6aea418f2,embedding,0.627321,groq_batch_13r_outputs.normalized,"2026-04-07 12:36:00",
concept_concept_6606129d4be1,concept_concept_7091d2715a81,embedding,0.619113,groq_batch_13r_outputs.normalized,"2026-04-07 12:36:00",
concept_concept_6606129d4be1,concept_concept_4f802f6c07a5,embedding,0.618943,groq_batch_13r_outputs.normalized,"2026-04-07 12:36:00",
concept_concept_6606129d4be1,concept_concept_98398f0335f0,embedding,0.606443,groq_batch_13r_outputs.normalized,"2026-04-07 12:36:00",
concept_concept_371b6e7c4c93,concept_concept_98398f0335f0,embedding,0.740432,groq_batch_13r_outputs.normalized,"2026-04-07 12:36:00",
concept_concept_371b6e7c4c93,concept_concept_e52dc1b5fbca,embedding,0.721665,groq_batch_13r_outputs.normalized,"2026-04-07 12:36:00",
concept_concept_371b6e7c4c93,concept_concept_1fca78ffffb2,embedding,0.717783,groq_batch_13r_outputs.normalized,"2026-04-07 12:36:00",
concept_concept_371b6e7c4c93,concept_concept_9faf2c5e903f,embedding,0.679987,groq_batch_13r_outputs.normalized,"2026-04-07 12:36:00",
concept_concept_371b6e7c4c93,concept_concept_7091d2715a81,embedding,0.677169,groq_batch_13r_outputs.normalized,"2026-04-07 12:36:00",
concept_concept_371b6e7c4c93,concept_concept_6606129d4be1,embedding,0.672774,groq_batch_13r_outputs.normalized,"2026-04-07 12:36:00",
concept_concept_371b6e7c4c93,concept_concept_d6d3aad7d086,embedding,0.653721,groq_batch_13r_outputs.normalized,"2026-04-07 12:36:00",
concept_concept_371b6e7c4c93,concept_concept_ddc45b4288a0,embedding,0.636631,groq_batch_13r_outputs.normalized,"2026-04-07 12:36:00",
concept_event_560deabc58ca,concept_event_51f88cef979a,embedding,0.707695,groq_batch_13r_outputs.normalized,"2026-04-07 12:36:00",
concept_event_560deabc58ca,concept_event_0c8b8d0dc95f,embedding,0.706365,groq_batch_13r_outputs.normalized,"2026-04-07 12:36:00",
concept_event_560deabc58ca,concept_event_2b3c90ec0ea9,embedding,0.670495,groq_batch_13r_outputs.normalized,"2026-04-07 12:36:00",
concept_event_560deabc58ca,concept_event_cabbaa68cbfe,embedding,0.64502,groq_batch_13r_outputs.normalized,"2026-04-07 12:36:00",
concept_event_560deabc58ca,concept_event_00d56a9ad99d,embedding,0.638242,groq_batch_13r_outputs.normalized,"2026-04-07 12:36:00",
concept_event_560deabc58ca,concept_event_72a5e6049f14,embedding,0.617676,groq_batch_13r_outputs.normalized,"2026-04-07 12:36:00",
concept_event_560deabc58ca,concept_event_9861163e8d9e,embedding,0.607908,groq_batch_13r_outputs.normalized,"2026-04-07 12:36:00",
concept_event_560deabc58ca,concept_event_3f0cb2a18c66,embedding,0.600118,groq_batch_13r_outputs.normalized,"2026-04-07 12:36:00",
concept_concept_0799453ba742,concept_theme_bda16218d10a,embedding,0.784682,groq_batch_13r_outputs.normalized,"2026-04-07 12:36:00",
concept_concept_0799453ba742,concept_example_1305baf5a434,embedding,0.651659,groq_batch_13r_outputs.normalized,"2026-04-07 12:36:00",
concept_concept_0799453ba742,concept_concept_ee5c67875d9b,embedding,0.598727,groq_batch_13r_outputs.normalized,"2026-04-07 12:36:00",
concept_concept_0799453ba742,concept_concept_1fca78ffffb2,embedding,0.589164,groq_batch_13r_outputs.normalized,"2026-04-07 12:36:00",
concept_concept_0799453ba742,concept_concept_98398f0335f0,embedding,0.575707,groq_batch_13r_outputs.normalized,"2026-04-07 12:36:00",
concept_concept_0799453ba742,concept_concept_106d6f9b3f78,embedding,0.571691,groq_batch_13r_outputs.normalized,"2026-04-07 12:36:00",
concept_concept_0799453ba742,concept_theory_5f1e28e6f2aa,embedding,0.566164,groq_batch_13r_outputs.normalized,"2026-04-07 12:36:00",
concept_concept_0799453ba742,concept_concept_dce6aea418f2,embedding,0.560961,groq_batch_13r_outputs.normalized,"2026-04-07 12:36:00",
concept_event_d6be579f65ce,concept_insight_6417d9e86262,embedding,0.61759,groq_batch_13r_outputs.normalized,"2026-04-07 12:36:00",
concept_event_d6be579f65ce,concept_event_0c8b8d0dc95f,embedding,0.566038,groq_batch_13r_outputs.normalized,"2026-04-07 12:36:00",
concept_event_d6be579f65ce,concept_event_560deabc58ca,embedding,0.5636,groq_batch_13r_outputs.normalized,"2026-04-07 12:36:00",
concept_data_458967e395ea,concept_concept_1fca78ffffb2,embedding,0.653002,groq_batch_13r_outputs.normalized,"2026-04-07 12:36:00",
concept_data_458967e395ea,concept_concept_e52dc1b5fbca,embedding,0.649672,groq_batch_13r_outputs.normalized,"2026-04-07 12:36:00",
concept_data_458967e395ea,concept_concept_98398f0335f0,embedding,0.624703,groq_batch_13r_outputs.normalized,"2026-04-07 12:36:00",
concept_data_458967e395ea,concept_insight_6224d4eaa223,embedding,0.623889,groq_batch_13r_outputs.normalized,"2026-04-07 12:36:00",
concept_data_458967e395ea,concept_concept_371b6e7c4c93,embedding,0.565942,groq_batch_13r_outputs.normalized,"2026-04-07 12:36:00",
concept_data_458967e395ea,concept_example_1305baf5a434,embedding,0.556014,groq_batch_13r_outputs.normalized,"2026-04-07 12:36:00",
concept_example_1305baf5a434,concept_domain_db4d9c3bc628,embedding,0.746158,groq_batch_13r_outputs.normalized,"2026-04-07 12:36:00",
concept_example_1305baf5a434,concept_concept_0799453ba742,embedding,0.651659,groq_batch_13r_outputs.normalized,"2026-04-07 12:36:00",
concept_example_1305baf5a434,concept_concept_1fca78ffffb2,embedding,0.620648,groq_batch_13r_outputs.normalized,"2026-04-07 12:36:00",
concept_example_1305baf5a434,concept_domain_ff2a5f10eba0,embedding,0.608353,groq_batch_13r_outputs.normalized,"2026-04-07 12:36:00",
concept_example_1305baf5a434,concept_concept_98398f0335f0,embedding,0.584965,groq_batch_13r_outputs.normalized,"2026-04-07 12:36:00",
concept_example_1305baf5a434,concept_event_51f88cef979a,embedding,0.568312,groq_batch_13r_outputs.normalized,"2026-04-07 12:36:00",
concept_example_1305baf5a434,concept_concept_e52dc1b5fbca,embedding,0.562966,groq_batch_13r_outputs.normalized,"2026-04-07 12:36:00",
concept_example_1305baf5a434,concept_data_458967e395ea,embedding,0.556014,groq_batch_13r_outputs.normalized,"2026-04-07 12:36:00",
concept_project_846f086d0e0c,concept_project_d428c5714bd7,embedding,0.587822,groq_batch_13r_outputs.normalized,"2026-04-07 12:36:00",
concept_project_846f086d0e0c,concept_project_2cf91f7afc68,embedding,0.571809,groq_batch_13r_outputs.normalized,"2026-04-07 12:36:00",
concept_project_846f086d0e0c,concept_project_5a7680340f1e,embedding,0.558412,groq_batch_13r_outputs.normalized,"2026-04-07 12:36:00",
concept_project_846f086d0e0c,concept_project_f73071ba917f,embedding,0.556276,groq_batch_13r_outputs.normalized,"2026-04-07 12:36:00",
concept_data_fccd50be3d39,concept_theme_0b2bdbaf1512,embedding,0.608193,groq_batch_13r_outputs.normalized,"2026-04-07 12:36:00",
concept_data_fccd50be3d39,concept_data_16f03d4e4c70,embedding,0.591601,groq_batch_13r_outputs.normalized,"2026-04-07 12:36:00",
concept_data_fccd50be3d39,concept_domain_7049e80c45da,embedding,0.565718,groq_batch_13r_outputs.normalized,"2026-04-07 12:36:00",
concept_data_16f03d4e4c70,concept_theme_0b2bdbaf1512,embedding,0.660877,groq_batch_13r_outputs.normalized,"2026-04-07 12:36:00",
concept_data_16f03d4e4c70,concept_data_0e01f40cc537,embedding,0.650404,groq_batch_13r_outputs.normalized,"2026-04-07 12:36:00",
concept_data_16f03d4e4c70,concept_person_209e09f17aee,embedding,0.628798,groq_batch_13r_outputs.normalized,"2026-04-07 12:36:00",
concept_data_16f03d4e4c70,concept_data_fccd50be3d39,embedding,0.591601,groq_batch_13r_outputs.normalized,"2026-04-07 12:36:00",
concept_data_16f03d4e4c70,concept_concept_1fca78ffffb2,embedding,0.589197,groq_batch_13r_outputs.normalized,"2026-04-07 12:36:00",
concept_data_16f03d4e4c70,concept_data_45a353c451c2,embedding,0.582247,groq_batch_13r_outputs.normalized,"2026-04-07 12:36:00",
concept_data_16f03d4e4c70,concept_domain_7049e80c45da,embedding,0.577735,groq_batch_13r_outputs.normalized,"2026-04-07 12:36:00",
concept_data_16f03d4e4c70,concept_concept_e52dc1b5fbca,embedding,0.568148,groq_batch_13r_outputs.normalized,"2026-04-07 12:36:00",
concept_person_7694d49afe8d,concept_person_8240af5ee220,embedding,0.623076,groq_batch_13r_outputs.normalized,"2026-04-07 12:36:00",
concept_person_7694d49afe8d,concept_person_1b6312ede318,embedding,0.614236,groq_batch_13r_outputs.normalized,"2026-04-07 12:36:00",
concept_person_7694d49afe8d,concept_person_ac4b64acdfab,embedding,0.599241,groq_batch_13r_outputs.normalized,"2026-04-07 12:36:00",
concept_person_7694d49afe8d,concept_concept_9faf2c5e903f,embedding,0.5975,groq_batch_13r_outputs.normalized,"2026-04-07 12:36:00",
concept_person_7694d49afe8d,concept_concept_6606129d4be1,embedding,0.592309,groq_batch_13r_outputs.normalized,"2026-04-07 12:36:00",
concept_person_7694d49afe8d,concept_person_67306b016d0a,embedding,0.591692,groq_batch_13r_outputs.normalized,"2026-04-07 12:36:00",
concept_person_7694d49afe8d,concept_concept_1fca78ffffb2,embedding,0.590849,groq_batch_13r_outputs.normalized,"2026-04-07 12:36:00",
concept_person_7694d49afe8d,concept_person_04f6a21252a0,embedding,0.587319,groq_batch_13r_outputs.normalized,"2026-04-07 12:36:00",
concept_concept_ee5c67875d9b,concept_concept_6606129d4be1,embedding,0.667743,groq_batch_13r_outputs.normalized,"2026-04-07 12:36:00",
concept_concept_ee5c67875d9b,concept_concept_7091d2715a81,embedding,0.664514,groq_batch_13r_outputs.normalized,"2026-04-07 12:36:00",
concept_concept_ee5c67875d9b,concept_concept_98398f0335f0,embedding,0.659853,groq_batch_13r_outputs.normalized,"2026-04-07 12:36:00",
concept_concept_ee5c67875d9b,concept_concept_d6d3aad7d086,embedding,0.649181,groq_batch_13r_outputs.normalized,"2026-04-07 12:36:00",
concept_concept_ee5c67875d9b,concept_theme_12cbe3a27907,embedding,0.638937,groq_batch_13r_outputs.normalized,"2026-04-07 12:36:00",
concept_concept_ee5c67875d9b,concept_concept_1fca78ffffb2,embedding,0.633157,groq_batch_13r_outputs.normalized,"2026-04-07 12:36:00",
concept_concept_ee5c67875d9b,concept_concept_88bb6fcdb482,embedding,0.631584,groq_batch_13r_outputs.normalized,"2026-04-07 12:36:00",
concept_concept_ee5c67875d9b,concept_concept_4f802f6c07a5,embedding,0.629081,groq_batch_13r_outputs.normalized,"2026-04-07 12:36:00",
concept_insight_5100b8166653,concept_concept_4f802f6c07a5,embedding,0.698482,groq_batch_13r_outputs.normalized,"2026-04-07 12:36:00",
concept_insight_5100b8166653,concept_insight_0a53ef175f33,embedding,0.638122,groq_batch_13r_outputs.normalized,"2026-04-07 12:36:00",
concept_insight_5100b8166653,concept_insight_28aeb1f16e83,embedding,0.610503,groq_batch_13r_outputs.normalized,"2026-04-07 12:36:00",
concept_insight_5100b8166653,concept_concept_7e033ea7ea53,embedding,0.602984,groq_batch_13r_outputs.normalized,"2026-04-07 12:36:00",
concept_insight_5100b8166653,concept_insight_86f642f3a4f2,embedding,0.567577,groq_batch_13r_outputs.normalized,"2026-04-07 12:36:00",
concept_insight_5100b8166653,concept_insight_7d335d1cb893,embedding,0.55758,groq_batch_13r_outputs.normalized,"2026-04-07 12:36:00",
concept_insight_5100b8166653,concept_concept_6407111ba2a4,embedding,0.55465,groq_batch_13r_outputs.normalized,"2026-04-07 12:36:00",
concept_insight_b463ef2a803e,concept_concept_371b6e7c4c93,embedding,0.588959,groq_batch_13r_outputs.normalized,"2026-04-07 12:36:00",
concept_insight_b463ef2a803e,concept_theme_ae185a7e89ba,embedding,0.57422,groq_batch_13r_outputs.normalized,"2026-04-07 12:36:00",
concept_insight_6417d9e86262,concept_event_d6be579f65ce,embedding,0.61759,groq_batch_13r_outputs.normalized,"2026-04-07 12:36:00",
concept_insight_6224d4eaa223,concept_data_458967e395ea,embedding,0.623889,groq_batch_13r_outputs.normalized,"2026-04-07 12:36:00",
concept_domain_10549d935983,concept_domain_ec0eb439899e,embedding,0.864333,groq_batch_13r_outputs.normalized,"2026-04-07 12:36:00",
concept_domain_10549d935983,concept_domain_79be89866d06,embedding,0.805803,groq_batch_13r_outputs.normalized,"2026-04-07 12:36:00",
concept_domain_10549d935983,concept_domain_5dc11fbfb1c4,embedding,0.805565,groq_batch_13r_outputs.normalized,"2026-04-07 12:36:00",
concept_domain_10549d935983,concept_domain_fe3d1148f3ef,embedding,0.764715,groq_batch_13r_outputs.normalized,"2026-04-07 12:36:00",
concept_domain_10549d935983,concept_domain_823daac77dc4,embedding,0.761023,groq_batch_13r_outputs.normalized,"2026-04-07 12:36:00",
concept_domain_10549d935983,concept_domain_bdad25e4cd05,embedding,0.738238,groq_batch_13r_outputs.normalized,"2026-04-07 12:36:00",
concept_domain_10549d935983,concept_domain_0cb9c36cb6da,embedding,0.735353,groq_batch_13r_outputs.normalized,"2026-04-07 12:36:00",
concept_domain_10549d935983,concept_domain_c5e34dfeae31,embedding,0.731909,groq_batch_13r_outputs.normalized,"2026-04-07 12:36:00",
concept_domain_5326cf49f80e,concept_domain_1602bd03169f,embedding,0.822722,groq_batch_2r_outputs.normalized,"2026-04-08 11:51:49",
concept_domain_5326cf49f80e,concept_domain_cee803d4cfc3,embedding,0.718703,groq_batch_2r_outputs.normalized,"2026-04-08 11:51:49",
concept_domain_5326cf49f80e,concept_domain_6a5413595b4b,embedding,0.677641,groq_batch_2r_outputs.normalized,"2026-04-08 11:51:49",
concept_domain_5326cf49f80e,concept_domain_1847ca18206c,embedding,0.677413,groq_batch_2r_outputs.normalized,"2026-04-08 11:51:49",
concept_domain_5326cf49f80e,concept_concept_2cb228cf1194,embedding,0.651585,groq_batch_2r_outputs.normalized,"2026-04-08 11:51:49",
concept_domain_5326cf49f80e,concept_domain_caee2af76561,embedding,0.648147,groq_batch_2r_outputs.normalized,"2026-04-08 11:51:49",
concept_domain_5326cf49f80e,concept_concept_88bb6fcdb482,embedding,0.628574,groq_batch_2r_outputs.normalized,"2026-04-08 11:51:49",
concept_domain_5326cf49f80e,concept_domain_79be89866d06,embedding,0.624625,groq_batch_13r_outputs.normalized,"2026-04-07 12:36:00",
concept_domain_8925e91225ed,concept_domain_cee803d4cfc3,embedding,0.702988,groq_batch_13r_outputs.normalized,"2026-04-07 12:36:00",
concept_domain_8925e91225ed,concept_concept_6a1271aaf29b,embedding,0.623183,groq_batch_13r_outputs.normalized,"2026-04-07 12:36:00",
concept_domain_8925e91225ed,concept_domain_e70a7d890fdc,embedding,0.617164,groq_batch_13r_outputs.normalized,"2026-04-07 12:36:00",
concept_domain_8925e91225ed,concept_theme_a7fecbc80a27,embedding,0.573489,groq_batch_13r_outputs.normalized,"2026-04-07 12:36:00",
concept_domain_8925e91225ed,concept_domain_6a5413595b4b,embedding,0.571628,groq_batch_13r_outputs.normalized,"2026-04-07 12:36:00",
concept_domain_8925e91225ed,concept_theme_7e9c10cc412b,embedding,0.566007,groq_batch_13r_outputs.normalized,"2026-04-07 12:36:00",
concept_domain_823daac77dc4,concept_domain_68b5c531a430,embedding,0.775635,groq_batch_2r_outputs.normalized,"2026-04-08 11:51:49",
concept_domain_823daac77dc4,concept_domain_10549d935983,embedding,0.761023,groq_batch_2r_outputs.normalized,"2026-04-08 11:51:49",
concept_domain_823daac77dc4,concept_domain_ec0eb439899e,embedding,0.734976,groq_batch_2r_outputs.normalized,"2026-04-08 11:51:49",
concept_domain_823daac77dc4,concept_domain_a290a714846b,embedding,0.7207,groq_batch_2r_outputs.normalized,"2026-04-08 11:51:49",
concept_domain_823daac77dc4,concept_domain_6a5413595b4b,embedding,0.71188,groq_batch_2r_outputs.normalized,"2026-04-08 11:51:49",
concept_domain_823daac77dc4,concept_domain_caee2af76561,embedding,0.707172,groq_batch_2r_outputs.normalized,"2026-04-08 11:51:49",
concept_domain_823daac77dc4,concept_domain_5dc11fbfb1c4,embedding,0.690284,groq_batch_2r_outputs.normalized,"2026-04-08 11:51:49",
concept_domain_823daac77dc4,concept_domain_1602bd03169f,embedding,0.666805,groq_batch_13r_outputs.normalized,"2026-04-07 12:36:00",
concept_domain_5dc11fbfb1c4,concept_domain_a290a714846b,embedding,0.875695,groq_batch_13r_outputs.normalized,"2026-04-07 12:36:00",
concept_domain_5dc11fbfb1c4,concept_domain_10549d935983,embedding,0.805565,groq_batch_13r_outputs.normalized,"2026-04-07 12:36:00",
concept_domain_5dc11fbfb1c4,concept_domain_79be89866d06,embedding,0.726189,groq_batch_13r_outputs.normalized,"2026-04-07 12:36:00",
concept_domain_5dc11fbfb1c4,concept_domain_ec0eb439899e,embedding,0.723755,groq_batch_13r_outputs.normalized,"2026-04-07 12:36:00",
concept_domain_5dc11fbfb1c4,concept_domain_823daac77dc4,embedding,0.690284,groq_batch_13r_outputs.normalized,"2026-04-07 12:36:00",
concept_domain_5dc11fbfb1c4,concept_domain_c5e34dfeae31,embedding,0.650818,groq_batch_13r_outputs.normalized,"2026-04-07 12:36:00",
concept_domain_5dc11fbfb1c4,concept_domain_fe3d1148f3ef,embedding,0.641375,groq_batch_13r_outputs.normalized,"2026-04-07 12:36:00",
concept_domain_5dc11fbfb1c4,concept_domain_bdad25e4cd05,embedding,0.636133,groq_batch_13r_outputs.normalized,"2026-04-07 12:36:00",
concept_theme_dbf2642a8ec3,concept_theme_202fa6cbd6fc,embedding,0.697213,groq_batch_13r_outputs.normalized,"2026-04-07 12:36:00",
concept_theme_dbf2642a8ec3,concept_theme_c0edc0bf578f,embedding,0.672061,groq_batch_13r_outputs.normalized,"2026-04-07 12:36:00",
concept_theme_dbf2642a8ec3,concept_theme_ef2718110e9e,embedding,0.665001,groq_batch_13r_outputs.normalized,"2026-04-07 12:36:00",
concept_theme_dbf2642a8ec3,concept_theme_ed51747319b1,embedding,0.63945,groq_batch_13r_outputs.normalized,"2026-04-07 12:36:00",
concept_theme_dbf2642a8ec3,concept_theme_0323cd1f92f0,embedding,0.63139,groq_batch_13r_outputs.normalized,"2026-04-07 12:36:00",
concept_theme_dbf2642a8ec3,concept_theme_180e409bd4e6,embedding,0.631353,groq_batch_13r_outputs.normalized,"2026-04-07 12:36:00",
concept_theme_dbf2642a8ec3,concept_theme_dd615f11df34,embedding,0.619896,groq_batch_13r_outputs.normalized,"2026-04-07 12:36:00",
concept_theme_dbf2642a8ec3,concept_theme_e3c7bbb32f9f,embedding,0.609759,groq_batch_13r_outputs.normalized,"2026-04-07 12:36:00",
concept_theme_4f48ec3dc840,concept_concept_6a1271aaf29b,embedding,0.803251,groq_batch_13r_outputs.normalized,"2026-04-07 12:36:00",
concept_theme_8e269d61b3b7,concept_theme_021670d1b86c,embedding,0.625422,groq_batch_13r_outputs.normalized,"2026-04-07 12:36:00",
concept_theme_8e269d61b3b7,concept_theme_f636fcc71916,embedding,0.622199,groq_batch_13r_outputs.normalized,"2026-04-07 12:36:00",
concept_theme_8e269d61b3b7,concept_theme_e2d0e38cfde1,embedding,0.618687,groq_batch_13r_outputs.normalized,"2026-04-07 12:36:00",
concept_theme_8e269d61b3b7,concept_theme_5cbed3fc17c4,embedding,0.601877,groq_batch_13r_outputs.normalized,"2026-04-07 12:36:00",
concept_theme_8e269d61b3b7,concept_theme_70047803e06e,embedding,0.601802,groq_batch_13r_outputs.normalized,"2026-04-07 12:36:00",
concept_theme_8e269d61b3b7,concept_theme_c0edc0bf578f,embedding,0.599954,groq_batch_13r_outputs.normalized,"2026-04-07 12:36:00",
concept_theme_8e269d61b3b7,concept_theme_43c39021bb74,embedding,0.584538,groq_batch_13r_outputs.normalized,"2026-04-07 12:36:00",
concept_theme_8e269d61b3b7,concept_theme_7df4f3e3d80b,embedding,0.577135,groq_batch_13r_outputs.normalized,"2026-04-07 12:36:00",
concept_theme_a7fecbc80a27,concept_concept_107a1b377f11,embedding,0.639976,groq_batch_13r_outputs.normalized,"2026-04-07 12:36:00",
concept_theme_a7fecbc80a27,concept_theme_7e9c10cc412b,embedding,0.58093,groq_batch_13r_outputs.normalized,"2026-04-07 12:36:00",
concept_theme_a7fecbc80a27,concept_domain_8925e91225ed,embedding,0.573489,groq_batch_13r_outputs.normalized,"2026-04-07 12:36:00",
concept_theme_a7fecbc80a27,concept_theme_c0edc0bf578f,embedding,0.572909,groq_batch_13r_outputs.normalized,"2026-04-07 12:36:00",
concept_theme_a7fecbc80a27,concept_theme_0adab5543235,embedding,0.565394,groq_batch_13r_outputs.normalized,"2026-04-07 12:36:00",
concept_theme_a7fecbc80a27,concept_theme_9edcea900bda,embedding,0.562025,groq_batch_13r_outputs.normalized,"2026-04-07 12:36:00",
concept_theme_0adab5543235,concept_theme_6db96ab49b6a,embedding,0.678686,groq_batch_13r_outputs.normalized,"2026-04-07 12:36:00",
concept_theme_0adab5543235,concept_theme_bb241d8eafcf,embedding,0.672523,groq_batch_13r_outputs.normalized,"2026-04-07 12:36:00",
concept_theme_0adab5543235,concept_domain_aa086e443a06,embedding,0.632858,groq_batch_13r_outputs.normalized,"2026-04-07 12:36:00",
concept_theme_0adab5543235,concept_theme_297d28a28e80,embedding,0.606634,groq_batch_13r_outputs.normalized,"2026-04-07 12:36:00",
concept_theme_0adab5543235,concept_theme_9edcea900bda,embedding,0.597908,groq_batch_13r_outputs.normalized,"2026-04-07 12:36:00",
concept_theme_0adab5543235,concept_theme_fa5840fd8c6b,embedding,0.594379,groq_batch_13r_outputs.normalized,"2026-04-07 12:36:00",
concept_theme_0adab5543235,concept_theme_6e012f9ac3a8,embedding,0.591913,groq_batch_13r_outputs.normalized,"2026-04-07 12:36:00",
concept_theme_0adab5543235,concept_theme_e2d0e38cfde1,embedding,0.58966,groq_batch_13r_outputs.normalized,"2026-04-07 12:36:00",
concept_theme_7e9c10cc412b,concept_concept_b37d41b0a351,embedding,0.757933,groq_batch_13r_outputs.normalized,"2026-04-07 12:36:00",
concept_theme_7e9c10cc412b,concept_theme_f636fcc71916,embedding,0.674254,groq_batch_13r_outputs.normalized,"2026-04-07 12:36:00",
concept_theme_7e9c10cc412b,concept_domain_e70a7d890fdc,embedding,0.629486,groq_batch_13r_outputs.normalized,"2026-04-07 12:36:00",
concept_theme_7e9c10cc412b,concept_theme_9a858beb1019,embedding,0.618815,groq_batch_13r_outputs.normalized,"2026-04-07 12:36:00",
concept_theme_7e9c10cc412b,concept_theme_bb241d8eafcf,embedding,0.602345,groq_batch_13r_outputs.normalized,"2026-04-07 12:36:00",
concept_theme_7e9c10cc412b,concept_theme_297d28a28e80,embedding,0.588831,groq_batch_13r_outputs.normalized,"2026-04-07 12:36:00",
concept_theme_7e9c10cc412b,concept_theme_f156a24f6899,embedding,0.585886,groq_batch_13r_outputs.normalized,"2026-04-07 12:36:00",
concept_theme_7e9c10cc412b,concept_theme_9edcea900bda,embedding,0.58525,groq_batch_13r_outputs.normalized,"2026-04-07 12:36:00",
concept_theme_a13f57c75b49,concept_framework_422f1769eb93,embedding,0.730402,groq_batch_13r_outputs.normalized,"2026-04-07 12:36:00",
concept_theme_a13f57c75b49,concept_theme_e2d0e38cfde1,embedding,0.696733,groq_batch_13r_outputs.normalized,"2026-04-07 12:36:00",
concept_theme_a13f57c75b49,concept_theme_021670d1b86c,embedding,0.617671,groq_batch_13r_outputs.normalized,"2026-04-07 12:36:00",
concept_theme_a13f57c75b49,concept_theme_6e012f9ac3a8,embedding,0.591885,groq_batch_13r_outputs.normalized,"2026-04-07 12:36:00",
concept_theme_a13f57c75b49,concept_theme_cf58c74dc5bc,embedding,0.588082,groq_batch_13r_outputs.normalized,"2026-04-07 12:36:00",
concept_theme_a13f57c75b49,concept_theme_7575d727932f,embedding,0.585429,groq_batch_13r_outputs.normalized,"2026-04-07 12:36:00",
concept_theme_a13f57c75b49,concept_theme_d1bb3a733135,embedding,0.580392,groq_batch_13r_outputs.normalized,"2026-04-07 12:36:00",
concept_theme_a13f57c75b49,concept_theme_38b944c29632,embedding,0.577462,groq_batch_13r_outputs.normalized,"2026-04-07 12:36:00",
concept_theme_4f6b17dc1d5d,concept_theme_0b9c40adb718,embedding,0.668641,groq_batch_13r_outputs.normalized,"2026-04-07 12:36:00",
concept_theme_4f6b17dc1d5d,concept_theme_0323cd1f92f0,embedding,0.636775,groq_batch_13r_outputs.normalized,"2026-04-07 12:36:00",
concept_theme_4f6b17dc1d5d,concept_theme_9edcea900bda,embedding,0.634625,groq_batch_13r_outputs.normalized,"2026-04-07 12:36:00",
concept_theme_4f6b17dc1d5d,concept_event_0c8b8d0dc95f,embedding,0.607171,groq_batch_13r_outputs.normalized,"2026-04-07 12:36:00",
concept_theme_4f6b17dc1d5d,concept_theme_5cbed3fc17c4,embedding,0.606855,groq_batch_13r_outputs.normalized,"2026-04-07 12:36:00",
concept_theme_4f6b17dc1d5d,concept_theme_e4e20b6dd893,embedding,0.605246,groq_batch_13r_outputs.normalized,"2026-04-07 12:36:00",
concept_theme_4f6b17dc1d5d,concept_theme_cc4b66d16c07,embedding,0.600878,groq_batch_13r_outputs.normalized,"2026-04-07 12:36:00",
concept_theme_4f6b17dc1d5d,concept_theme_93218682a633,embedding,0.592734,groq_batch_13r_outputs.normalized,"2026-04-07 12:36:00",
concept_person_83c95af5001c,concept_person_51eb0d09611c,embedding,0.96222,groq_batch_13r_outputs.normalized,"2026-04-07 12:36:00",
concept_person_83c95af5001c,concept_concept_b1a5296cb659,embedding,0.643699,groq_batch_13r_outputs.normalized,"2026-04-07 12:36:00",
concept_person_83c95af5001c,concept_person_a334dbd6bdf5,embedding,0.592964,groq_batch_13r_outputs.normalized,"2026-04-07 12:36:00",
concept_person_83c95af5001c,concept_person_7694d49afe8d,embedding,0.581238,groq_batch_13r_outputs.normalized,"2026-04-07 12:36:00",
concept_person_83c95af5001c,concept_person_da9b195bd690,embedding,0.566862,groq_batch_13r_outputs.normalized,"2026-04-07 12:36:00",
concept_person_83c95af5001c,concept_project_f73071ba917f,embedding,0.553855,groq_batch_13r_outputs.normalized,"2026-04-07 12:36:00",
concept_person_ac4b64acdfab,concept_person_da9b195bd690,embedding,0.632796,groq_batch_13r_outputs.normalized,"2026-04-07 12:36:00",
concept_person_ac4b64acdfab,concept_person_04f6a21252a0,embedding,0.605912,groq_batch_13r_outputs.normalized,"2026-04-07 12:36:00",
concept_person_ac4b64acdfab,concept_person_1b6312ede318,embedding,0.605792,groq_batch_13r_outputs.normalized,"2026-04-07 12:36:00",
concept_person_ac4b64acdfab,concept_person_7694d49afe8d,embedding,0.599241,groq_batch_13r_outputs.normalized,"2026-04-07 12:36:00",
concept_person_ac4b64acdfab,concept_person_8240af5ee220,embedding,0.595875,groq_batch_13r_outputs.normalized,"2026-04-07 12:36:00",
concept_person_ac4b64acdfab,concept_organization_2855bc13f39c,embedding,0.571427,groq_batch_13r_outputs.normalized,"2026-04-07 12:36:00",
concept_person_ac4b64acdfab,concept_insight_069b1c17faf8,embedding,0.567182,groq_batch_13r_outputs.normalized,"2026-04-07 12:36:00",
concept_person_ac4b64acdfab,concept_person_a334dbd6bdf5,embedding,0.55855,groq_batch_13r_outputs.normalized,"2026-04-07 12:36:00",
concept_project_d428c5714bd7,concept_project_f73071ba917f,embedding,0.817973,groq_batch_13r_outputs.normalized,"2026-04-07 12:36:00",
concept_project_d428c5714bd7,concept_project_2cf91f7afc68,embedding,0.802143,groq_batch_13r_outputs.normalized,"2026-04-07 12:36:00",
concept_project_d428c5714bd7,concept_project_5a7680340f1e,embedding,0.78278,groq_batch_13r_outputs.normalized,"2026-04-07 12:36:00",
concept_project_d428c5714bd7,concept_concept_98398f0335f0,embedding,0.598106,groq_batch_13r_outputs.normalized,"2026-04-07 12:36:00",
concept_project_d428c5714bd7,concept_project_846f086d0e0c,embedding,0.587822,groq_batch_13r_outputs.normalized,"2026-04-07 12:36:00",
concept_project_d428c5714bd7,concept_concept_e52dc1b5fbca,embedding,0.586455,groq_batch_13r_outputs.normalized,"2026-04-07 12:36:00",
concept_project_d428c5714bd7,concept_event_0c8b8d0dc95f,embedding,0.585171,groq_batch_13r_outputs.normalized,"2026-04-07 12:36:00",
concept_project_d428c5714bd7,concept_concept_1fca78ffffb2,embedding,0.581142,groq_batch_13r_outputs.normalized,"2026-04-07 12:36:00",
concept_project_f73071ba917f,concept_project_d428c5714bd7,embedding,0.817973,groq_batch_13r_outputs.normalized,"2026-04-07 12:36:00",
concept_project_f73071ba917f,concept_project_2cf91f7afc68,embedding,0.801781,groq_batch_13r_outputs.normalized,"2026-04-07 12:36:00",
concept_project_f73071ba917f,concept_project_5a7680340f1e,embedding,0.772742,groq_batch_13r_outputs.normalized,"2026-04-07 12:36:00",
concept_project_f73071ba917f,concept_domain_a290a714846b,embedding,0.621866,groq_batch_13r_outputs.normalized,"2026-04-07 12:36:00",
concept_project_f73071ba917f,concept_person_51eb0d09611c,embedding,0.620195,groq_batch_13r_outputs.normalized,"2026-04-07 12:36:00",
concept_project_f73071ba917f,concept_concept_d6d3aad7d086,embedding,0.617801,groq_batch_13r_outputs.normalized,"2026-04-07 12:36:00",
concept_project_f73071ba917f,concept_organization_e2e89d036d4e,embedding,0.614686,groq_batch_13r_outputs.normalized,"2026-04-07 12:36:00",
concept_project_f73071ba917f,concept_concept_98398f0335f0,embedding,0.610839,groq_batch_13r_outputs.normalized,"2026-04-07 12:36:00",
concept_project_5a7680340f1e,concept_project_d428c5714bd7,embedding,0.78278,groq_batch_13r_outputs.normalized,"2026-04-07 12:36:00",
concept_project_5a7680340f1e,concept_project_f73071ba917f,embedding,0.772742,groq_batch_13r_outputs.normalized,"2026-04-07 12:36:00",
concept_project_5a7680340f1e,concept_project_2cf91f7afc68,embedding,0.744576,groq_batch_13r_outputs.normalized,"2026-04-07 12:36:00",
concept_project_5a7680340f1e,concept_domain_a290a714846b,embedding,0.615559,groq_batch_13r_outputs.normalized,"2026-04-07 12:36:00",
concept_project_5a7680340f1e,concept_example_fc8aca7c31c2,embedding,0.610952,groq_batch_13r_outputs.normalized,"2026-04-07 12:36:00",
concept_project_5a7680340f1e,concept_concept_98398f0335f0,embedding,0.608728,groq_batch_13r_outputs.normalized,"2026-04-07 12:36:00",
concept_project_5a7680340f1e,concept_concept_d6d3aad7d086,embedding,0.599442,groq_batch_13r_outputs.normalized,"2026-04-07 12:36:00",
concept_project_5a7680340f1e,concept_organization_e2e89d036d4e,embedding,0.588667,groq_batch_13r_outputs.normalized,"2026-04-07 12:36:00",
concept_project_2cf91f7afc68,concept_project_d428c5714bd7,embedding,0.802143,groq_batch_13r_outputs.normalized,"2026-04-07 12:36:00",
concept_project_2cf91f7afc68,concept_project_f73071ba917f,embedding,0.801781,groq_batch_13r_outputs.normalized,"2026-04-07 12:36:00",
concept_project_2cf91f7afc68,concept_project_5a7680340f1e,embedding,0.744576,groq_batch_13r_outputs.normalized,"2026-04-07 12:36:00",
concept_project_2cf91f7afc68,concept_organization_e2e89d036d4e,embedding,0.590847,groq_batch_13r_outputs.normalized,"2026-04-07 12:36:00",
concept_project_2cf91f7afc68,concept_event_0c8b8d0dc95f,embedding,0.590389,groq_batch_13r_outputs.normalized,"2026-04-07 12:36:00",
concept_project_2cf91f7afc68,concept_project_846f086d0e0c,embedding,0.571809,groq_batch_13r_outputs.normalized,"2026-04-07 12:36:00",
concept_project_2cf91f7afc68,concept_concept_98398f0335f0,embedding,0.566622,groq_batch_13r_outputs.normalized,"2026-04-07 12:36:00",
concept_project_2cf91f7afc68,concept_concept_d6d3aad7d086,embedding,0.556861,groq_batch_13r_outputs.normalized,"2026-04-07 12:36:00",
concept_event_0c8b8d0dc95f,concept_event_9861163e8d9e,embedding,0.71435,groq_batch_13r_outputs.normalized,"2026-04-07 12:36:00",
concept_event_0c8b8d0dc95f,concept_event_00d56a9ad99d,embedding,0.713212,groq_batch_13r_outputs.normalized,"2026-04-07 12:36:00",
concept_event_0c8b8d0dc95f,concept_event_560deabc58ca,embedding,0.706365,groq_batch_13r_outputs.normalized,"2026-04-07 12:36:00",
concept_event_0c8b8d0dc95f,concept_event_3f0cb2a18c66,embedding,0.706198,groq_batch_13r_outputs.normalized,"2026-04-07 12:36:00",
concept_event_0c8b8d0dc95f,concept_event_51f88cef979a,embedding,0.686623,groq_batch_13r_outputs.normalized,"2026-04-07 12:36:00",
concept_event_0c8b8d0dc95f,concept_event_2b3c90ec0ea9,embedding,0.635199,groq_batch_13r_outputs.normalized,"2026-04-07 12:36:00",
concept_event_0c8b8d0dc95f,concept_event_20b4a47b8b62,embedding,0.623691,groq_batch_13r_outputs.normalized,"2026-04-07 12:36:00",
concept_event_0c8b8d0dc95f,concept_concept_e52dc1b5fbca,embedding,0.617269,groq_batch_13r_outputs.normalized,"2026-04-07 12:36:00",
concept_event_20b4a47b8b62,concept_event_3f0cb2a18c66,embedding,0.646843,groq_batch_13r_outputs.normalized,"2026-04-07 12:36:00",
concept_event_20b4a47b8b62,concept_event_9861163e8d9e,embedding,0.627426,groq_batch_13r_outputs.normalized,"2026-04-07 12:36:00",
concept_event_20b4a47b8b62,concept_event_0c8b8d0dc95f,embedding,0.623691,groq_batch_13r_outputs.normalized,"2026-04-07 12:36:00",
concept_event_20b4a47b8b62,concept_event_51f88cef979a,embedding,0.611733,groq_batch_13r_outputs.normalized,"2026-04-07 12:36:00",
concept_event_20b4a47b8b62,concept_event_00d56a9ad99d,embedding,0.606315,groq_batch_13r_outputs.normalized,"2026-04-07 12:36:00",
concept_event_20b4a47b8b62,concept_event_cabbaa68cbfe,embedding,0.598156,groq_batch_13r_outputs.normalized,"2026-04-07 12:36:00",
concept_event_20b4a47b8b62,concept_event_560deabc58ca,embedding,0.587575,groq_batch_13r_outputs.normalized,"2026-04-07 12:36:00",
concept_event_20b4a47b8b62,concept_event_2b3c90ec0ea9,embedding,0.573883,groq_batch_13r_outputs.normalized,"2026-04-07 12:36:00",
concept_person_67306b016d0a,concept_person_e44b6c0c3af3,embedding,0.592443,groq_batch_13r_outputs.normalized,"2026-04-07 12:36:00",
concept_person_67306b016d0a,concept_person_7694d49afe8d,embedding,0.591692,groq_batch_13r_outputs.normalized,"2026-04-07 12:36:00",
concept_person_67306b016d0a,concept_person_209e09f17aee,embedding,0.579751,groq_batch_13r_outputs.normalized,"2026-04-07 12:36:00",
concept_person_67306b016d0a,concept_person_8240af5ee220,embedding,0.563444,groq_batch_13r_outputs.normalized,"2026-04-07 12:36:00",
concept_person_67306b016d0a,concept_person_da9b195bd690,embedding,0.558022,groq_batch_13r_outputs.normalized,"2026-04-07 12:36:00",
concept_person_67306b016d0a,concept_concept_371b6e7c4c93,embedding,0.556722,groq_batch_13r_outputs.normalized,"2026-04-07 12:36:00",
concept_person_67306b016d0a,concept_concept_e52dc1b5fbca,embedding,0.556536,groq_batch_13r_outputs.normalized,"2026-04-07 12:36:00",
concept_person_67306b016d0a,concept_concept_98398f0335f0,embedding,0.555259,groq_batch_13r_outputs.normalized,"2026-04-07 12:36:00",
concept_organization_e2e89d036d4e,concept_project_f73071ba917f,embedding,0.614686,groq_batch_13r_outputs.normalized,"2026-04-07 12:36:01",
concept_organization_e2e89d036d4e,concept_project_2cf91f7afc68,embedding,0.590847,groq_batch_13r_outputs.normalized,"2026-04-07 12:36:01",
concept_organization_e2e89d036d4e,concept_project_5a7680340f1e,embedding,0.588667,groq_batch_13r_outputs.normalized,"2026-04-07 12:36:01",
concept_organization_e2e89d036d4e,concept_project_d428c5714bd7,embedding,0.577231,groq_batch_13r_outputs.normalized,"2026-04-07 12:36:01",
concept_organization_e2e89d036d4e,concept_organization_cc6183c7e6ae,embedding,0.569214,groq_batch_13r_outputs.normalized,"2026-04-07 12:36:01",
concept_organization_e2e89d036d4e,concept_organization_1ed16d4a9679,embedding,0.563994,groq_batch_13r_outputs.normalized,"2026-04-07 12:36:01",
concept_organization_e2e89d036d4e,concept_domain_a290a714846b,embedding,0.556158,groq_batch_13r_outputs.normalized,"2026-04-07 12:36:01",
concept_project_67b77cb8335b,concept_project_f73071ba917f,embedding,0.604148,groq_batch_13r_outputs.normalized,"2026-04-07 12:36:01",
concept_project_67b77cb8335b,concept_project_d428c5714bd7,embedding,0.569728,groq_batch_13r_outputs.normalized,"2026-04-07 12:36:01",
concept_project_67b77cb8335b,concept_project_5a7680340f1e,embedding,0.561648,groq_batch_13r_outputs.normalized,"2026-04-07 12:36:01",
concept_concept_107a1b377f11,concept_concept_98398f0335f0,embedding,0.653642,groq_batch_13r_outputs.normalized,"2026-04-07 12:36:01",
concept_concept_107a1b377f11,concept_concept_e52dc1b5fbca,embedding,0.644508,groq_batch_13r_outputs.normalized,"2026-04-07 12:36:01",
concept_concept_107a1b377f11,concept_theme_a7fecbc80a27,embedding,0.639976,groq_batch_13r_outputs.normalized,"2026-04-07 12:36:01",
concept_concept_107a1b377f11,concept_concept_1fca78ffffb2,embedding,0.626029,groq_batch_13r_outputs.normalized,"2026-04-07 12:36:01",
concept_concept_107a1b377f11,concept_organization_813cfe2f8018,embedding,0.625855,groq_batch_13r_outputs.normalized,"2026-04-07 12:36:01",
concept_concept_107a1b377f11,concept_concept_ddc45b4288a0,embedding,0.621857,groq_batch_13r_outputs.normalized,"2026-04-07 12:36:01",
concept_concept_107a1b377f11,concept_concept_9faf2c5e903f,embedding,0.618343,groq_batch_13r_outputs.normalized,"2026-04-07 12:36:01",
concept_concept_107a1b377f11,concept_concept_88bb6fcdb482,embedding,0.615356,groq_batch_13r_outputs.normalized,"2026-04-07 12:36:01",
concept_concept_6a1271aaf29b,concept_theme_4f48ec3dc840,embedding,0.803251,groq_batch_13r_outputs.normalized,"2026-04-07 12:36:01",
concept_concept_6a1271aaf29b,concept_domain_8925e91225ed,embedding,0.623183,groq_batch_13r_outputs.normalized,"2026-04-07 12:36:01",
concept_concept_6a1271aaf29b,concept_domain_5326cf49f80e,embedding,0.582672,groq_batch_13r_outputs.normalized,"2026-04-07 12:36:01",
concept_concept_b37d41b0a351,concept_theme_7e9c10cc412b,embedding,0.757933,groq_batch_13r_outputs.normalized,"2026-04-07 12:36:01",
concept_concept_b37d41b0a351,concept_concept_88bb6fcdb482,embedding,0.613637,groq_batch_13r_outputs.normalized,"2026-04-07 12:36:01",
concept_concept_b37d41b0a351,concept_concept_d6d3aad7d086,embedding,0.611011,groq_batch_13r_outputs.normalized,"2026-04-07 12:36:01",
concept_concept_b37d41b0a351,concept_concept_65b51cb5f8d8,embedding,0.595623,groq_batch_13r_outputs.normalized,"2026-04-07 12:36:01",
concept_concept_b37d41b0a351,concept_concept_acef4d9fce7d,embedding,0.586699,groq_batch_13r_outputs.normalized,"2026-04-07 12:36:01",
concept_concept_b37d41b0a351,concept_concept_107a1b377f11,embedding,0.581671,groq_batch_13r_outputs.normalized,"2026-04-07 12:36:01",
concept_concept_b37d41b0a351,concept_concept_2cb228cf1194,embedding,0.573925,groq_batch_13r_outputs.normalized,"2026-04-07 12:36:01",
concept_concept_b37d41b0a351,concept_concept_ddc45b4288a0,embedding,0.570966,groq_batch_13r_outputs.normalized,"2026-04-07 12:36:01",
concept_framework_422f1769eb93,concept_theme_a13f57c75b49,embedding,0.730402,groq_batch_13r_outputs.normalized,"2026-04-07 12:36:01",
concept_framework_422f1769eb93,concept_framework_29712ae47db3,embedding,0.686137,groq_batch_13r_outputs.normalized,"2026-04-07 12:36:01",
concept_framework_422f1769eb93,concept_concept_e52dc1b5fbca,embedding,0.636517,groq_batch_13r_outputs.normalized,"2026-04-07 12:36:01",
concept_framework_422f1769eb93,concept_concept_53c051279c7e,embedding,0.612752,groq_batch_13r_outputs.normalized,"2026-04-07 12:36:01",
concept_framework_422f1769eb93,concept_concept_98398f0335f0,embedding,0.609313,groq_batch_13r_outputs.normalized,"2026-04-07 12:36:01",
concept_framework_422f1769eb93,concept_concept_9faf2c5e903f,embedding,0.60008,groq_batch_13r_outputs.normalized,"2026-04-07 12:36:01",
concept_framework_422f1769eb93,concept_concept_1fca78ffffb2,embedding,0.59362,groq_batch_13r_outputs.normalized,"2026-04-07 12:36:01",
concept_framework_422f1769eb93,concept_concept_ddc45b4288a0,embedding,0.588899,groq_batch_13r_outputs.normalized,"2026-04-07 12:36:01",
concept_insight_5765b9b1a563,concept_insight_0a53ef175f33,embedding,0.610013,groq_batch_13r_outputs.normalized,"2026-04-07 12:36:01",
concept_insight_5765b9b1a563,concept_insight_08d14842ffcd,embedding,0.602188,groq_batch_13r_outputs.normalized,"2026-04-07 12:36:01",
concept_insight_5765b9b1a563,concept_insight_399c32fa40c8,embedding,0.589738,groq_batch_13r_outputs.normalized,"2026-04-07 12:36:01",
concept_insight_5765b9b1a563,concept_insight_9a7172f1d8c8,embedding,0.583284,groq_batch_13r_outputs.normalized,"2026-04-07 12:36:01",
concept_insight_5765b9b1a563,concept_insight_92d0dd7ca5aa,embedding,0.581866,groq_batch_13r_outputs.normalized,"2026-04-07 12:36:01",
concept_insight_5765b9b1a563,concept_insight_36696f32b8cc,embedding,0.581263,groq_batch_13r_outputs.normalized,"2026-04-07 12:36:01",
concept_insight_5765b9b1a563,concept_insight_b17947dfee84,embedding,0.57836,groq_batch_13r_outputs.normalized,"2026-04-07 12:36:01",
concept_insight_5765b9b1a563,concept_insight_8e7d70cde12a,embedding,0.552167,groq_batch_13r_outputs.normalized,"2026-04-07 12:36:01",
concept_insight_ecf42d44dda0,concept_insight_069b1c17faf8,embedding,0.715922,groq_batch_13r_outputs.normalized,"2026-04-07 12:36:01",
concept_insight_c255bd97a3f2,concept_insight_8e442199e39c,embedding,0.571955,groq_batch_13r_outputs.normalized,"2026-04-07 12:36:01",
concept_insight_c255bd97a3f2,concept_insight_b7e0f0d7c69c,embedding,0.55848,groq_batch_13r_outputs.normalized,"2026-04-07 12:36:01",
concept_insight_c255bd97a3f2,concept_insight_0a53ef175f33,embedding,0.550022,groq_batch_13r_outputs.normalized,"2026-04-07 12:36:01",
concept_insight_069b1c17faf8,concept_insight_ecf42d44dda0,embedding,0.715922,groq_batch_13r_outputs.normalized,"2026-04-07 12:36:01",
concept_insight_069b1c17faf8,concept_insight_eb7ab978da76,embedding,0.609121,groq_batch_13r_outputs.normalized,"2026-04-07 12:36:01",
concept_insight_069b1c17faf8,concept_person_ac4b64acdfab,embedding,0.567182,groq_batch_13r_outputs.normalized,"2026-04-07 12:36:01",
concept_insight_069b1c17faf8,concept_insight_3d2cf9ee6805,embedding,0.550099,groq_batch_13r_outputs.normalized,"2026-04-07 12:36:01",
concept_insight_eb7ab978da76,concept_insight_069b1c17faf8,embedding,0.609121,groq_batch_13r_outputs.normalized,"2026-04-07 12:36:01",
concept_insight_3d2cf9ee6805,concept_insight_069b1c17faf8,embedding,0.550099,groq_batch_13r_outputs.normalized,"2026-04-07 12:36:01",
concept_insight_339acd0dccdd,concept_insight_0a53ef175f33,embedding,0.626885,groq_batch_13r_outputs.normalized,"2026-04-07 12:36:01",
concept_insight_339acd0dccdd,concept_insight_36696f32b8cc,embedding,0.61873,groq_batch_13r_outputs.normalized,"2026-04-07 12:36:01",
concept_insight_339acd0dccdd,concept_insight_ab7e798e2fe8,embedding,0.574727,groq_batch_13r_outputs.normalized,"2026-04-07 12:36:01",
concept_insight_339acd0dccdd,concept_insight_8e442199e39c,embedding,0.568882,groq_batch_13r_outputs.normalized,"2026-04-07 12:36:01",
concept_insight_339acd0dccdd,concept_insight_b17947dfee84,embedding,0.560288,groq_batch_13r_outputs.normalized,"2026-04-07 12:36:01",
concept_insight_339acd0dccdd,concept_insight_92d0dd7ca5aa,embedding,0.558576,groq_batch_13r_outputs.normalized,"2026-04-07 12:36:01",
concept_insight_4317806b9f80,concept_insight_0a53ef175f33,embedding,0.625764,groq_batch_13r_outputs.normalized,"2026-04-07 12:36:01",
concept_insight_4317806b9f80,concept_insight_b17947dfee84,embedding,0.553514,groq_batch_13r_outputs.normalized,"2026-04-07 12:36:01",
concept_domain_1602bd03169f,concept_domain_5326cf49f80e,embedding,0.822722,groq_batch_2r_outputs.normalized,"2026-04-08 11:51:48",
concept_domain_1602bd03169f,concept_domain_bb3345625297,embedding,0.812587,groq_batch_2r_outputs.normalized,"2026-04-08 11:51:48",
concept_domain_1602bd03169f,concept_domain_cee803d4cfc3,embedding,0.76042,groq_batch_2r_outputs.normalized,"2026-04-08 11:51:48",
concept_domain_1602bd03169f,concept_domain_c8b3347b1708,embedding,0.760061,groq_batch_2r_outputs.normalized,"2026-04-08 11:51:48",
concept_domain_1602bd03169f,concept_domain_86d37f6c96c1,embedding,0.751033,groq_batch_2r_outputs.normalized,"2026-04-08 11:51:48",
concept_domain_1602bd03169f,concept_domain_fe3d1148f3ef,embedding,0.751013,groq_batch_2r_outputs.normalized,"2026-04-08 11:51:48",
concept_domain_1602bd03169f,concept_domain_68b5c531a430,embedding,0.736714,groq_batch_2r_outputs.normalized,"2026-04-08 11:51:48",
concept_domain_1602bd03169f,concept_domain_caee2af76561,embedding,0.734612,groq_batch_13r_outputs.normalized,"2026-04-07 12:36:01",
concept_domain_e8f8911d9105,concept_domain_a97f95cb9036,embedding,0.801625,groq_batch_13r_outputs.normalized,"2026-04-07 12:36:01",
concept_domain_e8f8911d9105,concept_domain_ec0eb439899e,embedding,0.792989,groq_batch_13r_outputs.normalized,"2026-04-07 12:36:01",
concept_domain_e8f8911d9105,concept_domain_68b5c531a430,embedding,0.776618,groq_batch_13r_outputs.normalized,"2026-04-07 12:36:01",
concept_domain_e8f8911d9105,concept_domain_56441dbefe7d,embedding,0.748287,groq_batch_13r_outputs.normalized,"2026-04-07 12:36:01",
concept_domain_e8f8911d9105,concept_domain_bdad25e4cd05,embedding,0.741621,groq_batch_13r_outputs.normalized,"2026-04-07 12:36:01",
concept_domain_e8f8911d9105,concept_domain_71392c689382,embedding,0.732692,groq_batch_13r_outputs.normalized,"2026-04-07 12:36:01",
concept_domain_e8f8911d9105,concept_domain_c5e34dfeae31,embedding,0.731133,groq_batch_13r_outputs.normalized,"2026-04-07 12:36:01",
concept_domain_e8f8911d9105,concept_domain_86d37f6c96c1,embedding,0.721681,groq_batch_13r_outputs.normalized,"2026-04-07 12:36:01",
concept_domain_86d37f6c96c1,concept_domain_ec0eb439899e,embedding,0.754954,groq_batch_2r_outputs.normalized,"2026-04-08 11:51:48",
concept_domain_86d37f6c96c1,concept_domain_0cb9c36cb6da,embedding,0.754551,groq_batch_2r_outputs.normalized,"2026-04-08 11:51:48",
concept_domain_86d37f6c96c1,concept_domain_1602bd03169f,embedding,0.751033,groq_batch_2r_outputs.normalized,"2026-04-08 11:51:48",
concept_domain_86d37f6c96c1,concept_domain_fe3d1148f3ef,embedding,0.740376,groq_batch_2r_outputs.normalized,"2026-04-08 11:51:48",
concept_domain_86d37f6c96c1,concept_domain_79be89866d06,embedding,0.723176,groq_batch_2r_outputs.normalized,"2026-04-08 11:51:48",
concept_domain_86d37f6c96c1,concept_domain_e8f8911d9105,embedding,0.721681,groq_batch_2r_outputs.normalized,"2026-04-08 11:51:48",
concept_domain_86d37f6c96c1,concept_domain_5263cb23e03c,embedding,0.718743,groq_batch_2r_outputs.normalized,"2026-04-08 11:51:48",
concept_domain_86d37f6c96c1,concept_domain_cae9453bc958,embedding,0.715122,groq_batch_2r_outputs.normalized,"2026-04-08 11:51:48",
concept_theme_f156a24f6899,concept_problem_62f72052d5e3,embedding,0.747885,groq_batch_13r_outputs.normalized,"2026-04-07 12:36:01",
concept_theme_f156a24f6899,concept_insight_7a031f02124a,embedding,0.710115,groq_batch_13r_outputs.normalized,"2026-04-07 12:36:01",
concept_theme_f156a24f6899,concept_theme_9bad5ae05f7a,embedding,0.683708,groq_batch_13r_outputs.normalized,"2026-04-07 12:36:01",
concept_theme_f156a24f6899,concept_theme_2c6c49c54bbd,embedding,0.681301,groq_batch_13r_outputs.normalized,"2026-04-07 12:36:01",
concept_theme_f156a24f6899,concept_theme_ef4a5f63202e,embedding,0.650238,groq_batch_13r_outputs.normalized,"2026-04-07 12:36:01",
concept_theme_f156a24f6899,concept_theme_7252661eddc1,embedding,0.640783,groq_batch_13r_outputs.normalized,"2026-04-07 12:36:01",
concept_theme_f156a24f6899,concept_theme_9edcea900bda,embedding,0.628729,groq_batch_13r_outputs.normalized,"2026-04-07 12:36:01",
concept_theme_f156a24f6899,concept_theme_01d7c3fc0160,embedding,0.628708,groq_batch_13r_outputs.normalized,"2026-04-07 12:36:01",
concept_theme_2c6c49c54bbd,concept_framework_4852c58bccb3,embedding,0.757092,groq_batch_13r_outputs.normalized,"2026-04-07 12:36:01",
concept_theme_2c6c49c54bbd,concept_theme_f156a24f6899,embedding,0.681301,groq_batch_13r_outputs.normalized,"2026-04-07 12:36:01",
concept_theme_2c6c49c54bbd,concept_theme_01d7c3fc0160,embedding,0.68065,groq_batch_13r_outputs.normalized,"2026-04-07 12:36:01",
concept_theme_2c6c49c54bbd,concept_theme_ef2718110e9e,embedding,0.64533,groq_batch_13r_outputs.normalized,"2026-04-07 12:36:01",
concept_theme_2c6c49c54bbd,concept_theme_e4e20b6dd893,embedding,0.633361,groq_batch_13r_outputs.normalized,"2026-04-07 12:36:01",
concept_theme_2c6c49c54bbd,concept_theme_d1bb3a733135,embedding,0.632412,groq_batch_13r_outputs.normalized,"2026-04-07 12:36:01",
concept_theme_2c6c49c54bbd,concept_theme_180e409bd4e6,embedding,0.62758,groq_batch_13r_outputs.normalized,"2026-04-07 12:36:01",
concept_theme_2c6c49c54bbd,concept_theme_ef4a5f63202e,embedding,0.625679,groq_batch_13r_outputs.normalized,"2026-04-07 12:36:01",
concept_theme_77353817aa33,concept_example_2c2b6b199fd7,embedding,0.599213,groq_batch_13r_outputs.normalized,"2026-04-07 12:36:01",
concept_theme_77353817aa33,concept_theme_cc4cd0302d7e,embedding,0.59252,groq_batch_13r_outputs.normalized,"2026-04-07 12:36:01",
concept_theme_77353817aa33,concept_theme_1f09b347acb4,embedding,0.582453,groq_batch_13r_outputs.normalized,"2026-04-07 12:36:01",
concept_theme_77353817aa33,concept_theme_43c39021bb74,embedding,0.580235,groq_batch_13r_outputs.normalized,"2026-04-07 12:36:01",
concept_theme_77353817aa33,concept_theme_180e409bd4e6,embedding,0.570883,groq_batch_13r_outputs.normalized,"2026-04-07 12:36:01",
concept_theme_77353817aa33,concept_theme_e4e20b6dd893,embedding,0.570464,groq_batch_13r_outputs.normalized,"2026-04-07 12:36:01",
concept_theme_77353817aa33,concept_theme_0b9c40adb718,embedding,0.568235,groq_batch_13r_outputs.normalized,"2026-04-07 12:36:01",
concept_theme_77353817aa33,concept_theme_7575d727932f,embedding,0.566892,groq_batch_13r_outputs.normalized,"2026-04-07 12:36:01",
concept_theme_c0edc0bf578f,concept_theme_180e409bd4e6,embedding,0.686779,groq_batch_13r_outputs.normalized,"2026-04-07 12:36:01",
concept_theme_c0edc0bf578f,concept_theme_dbf2642a8ec3,embedding,0.672061,groq_batch_13r_outputs.normalized,"2026-04-07 12:36:01",
concept_theme_c0edc0bf578f,concept_theme_882929a7b1fc,embedding,0.662383,groq_batch_13r_outputs.normalized,"2026-04-07 12:36:01",
concept_theme_c0edc0bf578f,concept_theme_9edcea900bda,embedding,0.65817,groq_batch_13r_outputs.normalized,"2026-04-07 12:36:01",
concept_theme_c0edc0bf578f,concept_theme_e4e20b6dd893,embedding,0.656982,groq_batch_13r_outputs.normalized,"2026-04-07 12:36:01",
concept_theme_c0edc0bf578f,concept_example_002bbaf681b5,embedding,0.641027,groq_batch_13r_outputs.normalized,"2026-04-07 12:36:01",
concept_theme_c0edc0bf578f,concept_theme_e2d0e38cfde1,embedding,0.637112,groq_batch_13r_outputs.normalized,"2026-04-07 12:36:01",
concept_theme_c0edc0bf578f,concept_theme_43c39021bb74,embedding,0.636154,groq_batch_13r_outputs.normalized,"2026-04-07 12:36:01",
concept_theme_9bad5ae05f7a,concept_theme_ef4a5f63202e,embedding,0.769923,groq_batch_13r_outputs.normalized,"2026-04-07 12:36:01",
concept_theme_9bad5ae05f7a,concept_theme_ce93101aa057,embedding,0.714698,groq_batch_13r_outputs.normalized,"2026-04-07 12:36:01",
concept_theme_9bad5ae05f7a,concept_concept_acee6882cb32,embedding,0.702484,groq_batch_13r_outputs.normalized,"2026-04-07 12:36:01",
concept_theme_9bad5ae05f7a,concept_theme_820db04b004d,embedding,0.697019,groq_batch_13r_outputs.normalized,"2026-04-07 12:36:01",
concept_theme_9bad5ae05f7a,concept_theme_f156a24f6899,embedding,0.683708,groq_batch_13r_outputs.normalized,"2026-04-07 12:36:01",
concept_theme_9bad5ae05f7a,concept_theme_fa5840fd8c6b,embedding,0.672474,groq_batch_13r_outputs.normalized,"2026-04-07 12:36:01",
concept_theme_9bad5ae05f7a,concept_theme_e2d0e38cfde1,embedding,0.661994,groq_batch_13r_outputs.normalized,"2026-04-07 12:36:01",
concept_theme_9bad5ae05f7a,concept_theme_9a858beb1019,embedding,0.661447,groq_batch_13r_outputs.normalized,"2026-04-07 12:36:01",
concept_theme_72d3351703a6,concept_concept_c6249fcaa743,embedding,0.845241,groq_batch_13r_outputs.normalized,"2026-04-07 12:36:01",
concept_theme_72d3351703a6,concept_theme_1d264c8c4e5a,embedding,0.580282,groq_batch_13r_outputs.normalized,"2026-04-07 12:36:01",
concept_theme_72d3351703a6,concept_theme_6e012f9ac3a8,embedding,0.576484,groq_batch_13r_outputs.normalized,"2026-04-07 12:36:01",
concept_theme_72d3351703a6,concept_theme_e4e20b6dd893,embedding,0.571128,groq_batch_13r_outputs.normalized,"2026-04-07 12:36:01",
concept_theme_72d3351703a6,concept_theme_f4d50e998dcc,embedding,0.561427,groq_batch_13r_outputs.normalized,"2026-04-07 12:36:01",
concept_theme_01d7c3fc0160,concept_theme_2c6c49c54bbd,embedding,0.68065,groq_batch_13r_outputs.normalized,"2026-04-07 12:36:01",
concept_theme_01d7c3fc0160,concept_theme_f156a24f6899,embedding,0.628708,groq_batch_13r_outputs.normalized,"2026-04-07 12:36:01",
concept_theme_01d7c3fc0160,concept_theme_6e012f9ac3a8,embedding,0.612924,groq_batch_13r_outputs.normalized,"2026-04-07 12:36:01",
concept_theme_01d7c3fc0160,concept_theme_021670d1b86c,embedding,0.603748,groq_batch_13r_outputs.normalized,"2026-04-07 12:36:01",
concept_theme_01d7c3fc0160,concept_theme_e4e20b6dd893,embedding,0.603325,groq_batch_13r_outputs.normalized,"2026-04-07 12:36:01",
concept_theme_01d7c3fc0160,concept_theme_9edcea900bda,embedding,0.599592,groq_batch_13r_outputs.normalized,"2026-04-07 12:36:01",
concept_theme_01d7c3fc0160,concept_theme_bb241d8eafcf,embedding,0.598996,groq_batch_13r_outputs.normalized,"2026-04-07 12:36:01",
concept_theme_01d7c3fc0160,concept_theme_fb865f5891ae,embedding,0.592961,groq_batch_13r_outputs.normalized,"2026-04-07 12:36:01",
concept_theme_d1bb3a733135,concept_theme_e2d0e38cfde1,embedding,0.758797,groq_batch_13r_outputs.normalized,"2026-04-07 12:36:01",
concept_theme_d1bb3a733135,concept_theme_5240b182cb33,embedding,0.710616,groq_batch_13r_outputs.normalized,"2026-04-07 12:36:01",
concept_theme_d1bb3a733135,concept_theme_a9d4963e4af4,embedding,0.700458,groq_batch_13r_outputs.normalized,"2026-04-07 12:36:01",
concept_theme_d1bb3a733135,concept_theme_9edcea900bda,embedding,0.68418,groq_batch_13r_outputs.normalized,"2026-04-07 12:36:01",
concept_theme_d1bb3a733135,concept_theme_b92bec05333d,embedding,0.675156,groq_batch_13r_outputs.normalized,"2026-04-07 12:36:01",
concept_theme_d1bb3a733135,concept_theme_38b944c29632,embedding,0.666735,groq_batch_13r_outputs.normalized,"2026-04-07 12:36:01",
concept_theme_d1bb3a733135,concept_theme_04411e9b5dd0,embedding,0.656517,groq_batch_13r_outputs.normalized,"2026-04-07 12:36:01",
concept_theme_d1bb3a733135,concept_theme_e4e20b6dd893,embedding,0.648743,groq_batch_13r_outputs.normalized,"2026-04-07 12:36:01",
concept_concept_65b51cb5f8d8,concept_concept_d6d3aad7d086,embedding,0.732196,groq_batch_13r_outputs.normalized,"2026-04-07 12:36:01",
concept_concept_65b51cb5f8d8,concept_problem_62f72052d5e3,embedding,0.691094,groq_batch_13r_outputs.normalized,"2026-04-07 12:36:01",
concept_concept_65b51cb5f8d8,concept_concept_dc6ee4cdb9aa,embedding,0.675456,groq_batch_13r_outputs.normalized,"2026-04-07 12:36:01",
concept_concept_65b51cb5f8d8,concept_insight_b17947dfee84,embedding,0.656501,groq_batch_13r_outputs.normalized,"2026-04-07 12:36:01",
concept_concept_65b51cb5f8d8,concept_insight_0a53ef175f33,embedding,0.627525,groq_batch_13r_outputs.normalized,"2026-04-07 12:36:01",
concept_concept_65b51cb5f8d8,concept_concept_1fca78ffffb2,embedding,0.621952,groq_batch_13r_outputs.normalized,"2026-04-07 12:36:01",
concept_concept_65b51cb5f8d8,concept_domain_232eb9300d28,embedding,0.621402,groq_batch_13r_outputs.normalized,"2026-04-07 12:36:01",
concept_concept_65b51cb5f8d8,concept_concept_98398f0335f0,embedding,0.616323,groq_batch_13r_outputs.normalized,"2026-04-07 12:36:01",
concept_problem_62f72052d5e3,concept_insight_7a031f02124a,embedding,0.8042,groq_batch_13r_outputs.normalized,"2026-04-07 12:36:01",
concept_problem_62f72052d5e3,concept_theme_f156a24f6899,embedding,0.747885,groq_batch_13r_outputs.normalized,"2026-04-07 12:36:01",
concept_problem_62f72052d5e3,concept_concept_65b51cb5f8d8,embedding,0.691094,groq_batch_13r_outputs.normalized,"2026-04-07 12:36:01",
concept_problem_62f72052d5e3,concept_insight_de31ee28a40b,embedding,0.664503,groq_batch_13r_outputs.normalized,"2026-04-07 12:36:01",
concept_problem_62f72052d5e3,concept_concept_7e033ea7ea53,embedding,0.601923,groq_batch_13r_outputs.normalized,"2026-04-07 12:36:01",
concept_problem_62f72052d5e3,concept_framework_4852c58bccb3,embedding,0.596041,groq_batch_13r_outputs.normalized,"2026-04-07 12:36:01",
concept_problem_62f72052d5e3,concept_concept_b4100f06ff66,embedding,0.589393,groq_batch_13r_outputs.normalized,"2026-04-07 12:36:01",
concept_problem_62f72052d5e3,concept_concept_1aee207f7857,embedding,0.579688,groq_batch_13r_outputs.normalized,"2026-04-07 12:36:01",
concept_framework_4852c58bccb3,concept_theme_2c6c49c54bbd,embedding,0.757092,groq_batch_13r_outputs.normalized,"2026-04-07 12:36:01",
concept_framework_4852c58bccb3,concept_framework_3edc9036275c,embedding,0.733343,groq_batch_13r_outputs.normalized,"2026-04-07 12:36:01",
concept_framework_4852c58bccb3,concept_framework_29712ae47db3,embedding,0.723849,groq_batch_13r_outputs.normalized,"2026-04-07 12:36:01",
concept_framework_4852c58bccb3,concept_concept_d6d3aad7d086,embedding,0.604594,groq_batch_13r_outputs.normalized,"2026-04-07 12:36:01",
concept_framework_4852c58bccb3,concept_insight_de31ee28a40b,embedding,0.60067,groq_batch_13r_outputs.normalized,"2026-04-07 12:36:01",
concept_framework_4852c58bccb3,concept_domain_e8f8911d9105,embedding,0.598787,groq_batch_13r_outputs.normalized,"2026-04-07 12:36:01",
concept_framework_4852c58bccb3,concept_problem_62f72052d5e3,embedding,0.596041,groq_batch_13r_outputs.normalized,"2026-04-07 12:36:01",
concept_framework_4852c58bccb3,concept_concept_9faf2c5e903f,embedding,0.59533,groq_batch_13r_outputs.normalized,"2026-04-07 12:36:01",
concept_concept_acee6882cb32,concept_concept_b4100f06ff66,embedding,0.7973,groq_batch_13r_outputs.normalized,"2026-04-07 12:36:01",
concept_concept_acee6882cb32,concept_theme_9bad5ae05f7a,embedding,0.702484,groq_batch_13r_outputs.normalized,"2026-04-07 12:36:01",
concept_concept_acee6882cb32,concept_concept_1aee207f7857,embedding,0.69363,groq_batch_13r_outputs.normalized,"2026-04-07 12:36:01",
concept_concept_acee6882cb32,concept_concept_88bb6fcdb482,embedding,0.671865,groq_batch_13r_outputs.normalized,"2026-04-07 12:36:01",
concept_concept_acee6882cb32,concept_domain_1b0fc624c2e1,embedding,0.64397,groq_batch_13r_outputs.normalized,"2026-04-07 12:36:01",
concept_concept_acee6882cb32,concept_concept_e52dc1b5fbca,embedding,0.629478,groq_batch_13r_outputs.normalized,"2026-04-07 12:36:01",
concept_concept_acee6882cb32,concept_theme_ef4a5f63202e,embedding,0.616343,groq_batch_13r_outputs.normalized,"2026-04-07 12:36:01",
concept_concept_acee6882cb32,concept_concept_98398f0335f0,embedding,0.614923,groq_batch_13r_outputs.normalized,"2026-04-07 12:36:01",
concept_concept_c6249fcaa743,concept_theme_72d3351703a6,embedding,0.845241,groq_batch_13r_outputs.normalized,"2026-04-07 12:36:01",
concept_concept_c6249fcaa743,concept_concept_d6d3aad7d086,embedding,0.614946,groq_batch_13r_outputs.normalized,"2026-04-07 12:36:01",
concept_concept_c6249fcaa743,concept_concept_ddc45b4288a0,embedding,0.559668,groq_batch_13r_outputs.normalized,"2026-04-07 12:36:01",
concept_quote_9d5da0e072f7,concept_concept_88bb6fcdb482,embedding,0.589556,groq_batch_13r_outputs.normalized,"2026-04-07 12:36:01",
concept_example_2c2b6b199fd7,concept_theme_77353817aa33,embedding,0.599213,groq_batch_13r_outputs.normalized,"2026-04-07 12:36:01",
concept_example_2c2b6b199fd7,concept_insight_f2364366b111,embedding,0.581945,groq_batch_13r_outputs.normalized,"2026-04-07 12:36:01",
concept_example_002bbaf681b5,concept_concept_e52dc1b5fbca,embedding,0.722077,groq_batch_13r_outputs.normalized,"2026-04-07 12:36:01",
concept_example_002bbaf681b5,concept_concept_238b02278eb3,embedding,0.701494,groq_batch_13r_outputs.normalized,"2026-04-07 12:36:01",
concept_example_002bbaf681b5,concept_concept_1fca78ffffb2,embedding,0.700859,groq_batch_13r_outputs.normalized,"2026-04-07 12:36:01",
concept_example_002bbaf681b5,concept_concept_98398f0335f0,embedding,0.680308,groq_batch_13r_outputs.normalized,"2026-04-07 12:36:01",
concept_example_002bbaf681b5,concept_concept_d6d3aad7d086,embedding,0.651627,groq_batch_13r_outputs.normalized,"2026-04-07 12:36:01",
concept_example_002bbaf681b5,concept_example_fc8aca7c31c2,embedding,0.644681,groq_batch_13r_outputs.normalized,"2026-04-07 12:36:01",
concept_example_002bbaf681b5,concept_theme_c0edc0bf578f,embedding,0.641027,groq_batch_13r_outputs.normalized,"2026-04-07 12:36:01",
concept_example_002bbaf681b5,concept_concept_9faf2c5e903f,embedding,0.637523,groq_batch_13r_outputs.normalized,"2026-04-07 12:36:01",
concept_problem_7e804a096195,concept_problem_50945df8dbbb,embedding,0.602257,groq_batch_13r_outputs.normalized,"2026-04-07 12:36:02",
concept_problem_7e804a096195,concept_problem_546dd49ff145,embedding,0.595565,groq_batch_13r_outputs.normalized,"2026-04-07 12:36:02",
concept_problem_7e804a096195,concept_problem_f51fb4657608,embedding,0.578932,groq_batch_13r_outputs.normalized,"2026-04-07 12:36:02",
concept_problem_7e804a096195,concept_problem_62f72052d5e3,embedding,0.565667,groq_batch_13r_outputs.normalized,"2026-04-07 12:36:02",
concept_problem_7e804a096195,concept_organization_7cc7b8406153,embedding,0.565511,groq_batch_13r_outputs.normalized,"2026-04-07 12:36:02",
concept_problem_7e804a096195,concept_insight_511e47b693fc,embedding,0.559235,groq_batch_13r_outputs.normalized,"2026-04-07 12:36:02",
concept_problem_7e804a096195,concept_concept_dc6ee4cdb9aa,embedding,0.55423,groq_batch_13r_outputs.normalized,"2026-04-07 12:36:02",
concept_concept_88bb6fcdb482,concept_concept_1aee207f7857,embedding,0.727215,groq_batch_13r_outputs.normalized,"2026-04-07 12:36:02",
concept_concept_88bb6fcdb482,concept_concept_2cb228cf1194,embedding,0.704778,groq_batch_13r_outputs.normalized,"2026-04-07 12:36:02",
concept_concept_88bb6fcdb482,concept_concept_acee6882cb32,embedding,0.671865,groq_batch_13r_outputs.normalized,"2026-04-07 12:36:02",
concept_concept_88bb6fcdb482,concept_concept_acef4d9fce7d,embedding,0.667185,groq_batch_13r_outputs.normalized,"2026-04-07 12:36:02",
concept_concept_88bb6fcdb482,concept_concept_b4100f06ff66,embedding,0.664364,groq_batch_13r_outputs.normalized,"2026-04-07 12:36:02",
concept_concept_88bb6fcdb482,concept_concept_98398f0335f0,embedding,0.664154,groq_batch_13r_outputs.normalized,"2026-04-07 12:36:02",
concept_concept_88bb6fcdb482,concept_concept_e52dc1b5fbca,embedding,0.66363,groq_batch_13r_outputs.normalized,"2026-04-07 12:36:02",
concept_concept_88bb6fcdb482,concept_concept_d6d3aad7d086,embedding,0.662165,groq_batch_13r_outputs.normalized,"2026-04-07 12:36:02",
concept_insight_f2364366b111,concept_insight_cd0e0eb65e53,embedding,0.672678,groq_batch_13r_outputs.normalized,"2026-04-07 12:36:02",
concept_insight_f2364366b111,concept_insight_05aa6a7b8cdc,embedding,0.644121,groq_batch_13r_outputs.normalized,"2026-04-07 12:36:02",
concept_insight_f2364366b111,concept_insight_08d14842ffcd,embedding,0.614383,groq_batch_13r_outputs.normalized,"2026-04-07 12:36:02",
concept_insight_f2364366b111,concept_insight_5b846f78bd84,embedding,0.599458,groq_batch_13r_outputs.normalized,"2026-04-07 12:36:02",
concept_insight_f2364366b111,concept_insight_0a53ef175f33,embedding,0.587851,groq_batch_13r_outputs.normalized,"2026-04-07 12:36:02",
concept_insight_f2364366b111,concept_example_2c2b6b199fd7,embedding,0.581945,groq_batch_13r_outputs.normalized,"2026-04-07 12:36:02",
concept_insight_f2364366b111,concept_insight_e824b5e21e39,embedding,0.571957,groq_batch_13r_outputs.normalized,"2026-04-07 12:36:02",
concept_insight_f2364366b111,concept_insight_ce4295fce154,embedding,0.568166,groq_batch_13r_outputs.normalized,"2026-04-07 12:36:02",
concept_insight_b297b21c0778,concept_insight_7a031f02124a,embedding,0.656407,groq_batch_13r_outputs.normalized,"2026-04-07 12:36:02",
concept_insight_b297b21c0778,concept_insight_399c32fa40c8,embedding,0.644211,groq_batch_13r_outputs.normalized,"2026-04-07 12:36:02",
concept_insight_b297b21c0778,concept_insight_0a53ef175f33,embedding,0.61967,groq_batch_13r_outputs.normalized,"2026-04-07 12:36:02",
concept_insight_b297b21c0778,concept_insight_8e7d70cde12a,embedding,0.608141,groq_batch_13r_outputs.normalized,"2026-04-07 12:36:02",
concept_insight_b297b21c0778,concept_insight_b17947dfee84,embedding,0.600479,groq_batch_13r_outputs.normalized,"2026-04-07 12:36:02",
concept_insight_b297b21c0778,concept_insight_9a7172f1d8c8,embedding,0.585751,groq_batch_13r_outputs.normalized,"2026-04-07 12:36:02",
concept_insight_b297b21c0778,concept_insight_2abca14dbe74,embedding,0.575047,groq_batch_13r_outputs.normalized,"2026-04-07 12:36:02",
concept_insight_b297b21c0778,concept_insight_88b1b52e8dca,embedding,0.574644,groq_batch_13r_outputs.normalized,"2026-04-07 12:36:02",
concept_insight_88b1b52e8dca,concept_insight_5b846f78bd84,embedding,0.665176,groq_batch_13r_outputs.normalized,"2026-04-07 12:36:02",
concept_insight_88b1b52e8dca,concept_insight_92d0dd7ca5aa,embedding,0.621132,groq_batch_13r_outputs.normalized,"2026-04-07 12:36:02",
concept_insight_88b1b52e8dca,concept_insight_08d14842ffcd,embedding,0.617799,groq_batch_13r_outputs.normalized,"2026-04-07 12:36:02",
concept_insight_88b1b52e8dca,concept_insight_36696f32b8cc,embedding,0.612225,groq_batch_13r_outputs.normalized,"2026-04-07 12:36:02",
concept_insight_88b1b52e8dca,concept_insight_01279e5d1617,embedding,0.596999,groq_batch_13r_outputs.normalized,"2026-04-07 12:36:02",
concept_insight_88b1b52e8dca,concept_insight_8e442199e39c,embedding,0.593809,groq_batch_13r_outputs.normalized,"2026-04-07 12:36:02",
concept_insight_88b1b52e8dca,concept_insight_0a53ef175f33,embedding,0.588625,groq_batch_13r_outputs.normalized,"2026-04-07 12:36:02",
concept_insight_88b1b52e8dca,concept_insight_9a7172f1d8c8,embedding,0.586621,groq_batch_13r_outputs.normalized,"2026-04-07 12:36:02",
concept_insight_7a031f02124a,concept_problem_62f72052d5e3,embedding,0.8042,groq_batch_13r_outputs.normalized,"2026-04-07 12:36:02",
concept_insight_7a031f02124a,concept_insight_de31ee28a40b,embedding,0.783254,groq_batch_13r_outputs.normalized,"2026-04-07 12:36:02",
concept_insight_7a031f02124a,concept_insight_0a53ef175f33,embedding,0.71209,groq_batch_13r_outputs.normalized,"2026-04-07 12:36:02",
concept_insight_7a031f02124a,concept_theme_f156a24f6899,embedding,0.710115,groq_batch_13r_outputs.normalized,"2026-04-07 12:36:02",
concept_insight_7a031f02124a,concept_insight_b17947dfee84,embedding,0.662437,groq_batch_13r_outputs.normalized,"2026-04-07 12:36:02",
concept_insight_7a031f02124a,concept_insight_b297b21c0778,embedding,0.656407,groq_batch_13r_outputs.normalized,"2026-04-07 12:36:02",
concept_insight_7a031f02124a,concept_concept_65b51cb5f8d8,embedding,0.615392,groq_batch_13r_outputs.normalized,"2026-04-07 12:36:02",
concept_insight_7a031f02124a,concept_insight_399c32fa40c8,embedding,0.606988,groq_batch_13r_outputs.normalized,"2026-04-07 12:36:02",
concept_insight_0a53ef175f33,concept_insight_9a7172f1d8c8,embedding,0.734311,groq_batch_13r_outputs.normalized,"2026-04-07 12:36:02",
concept_insight_0a53ef175f33,concept_insight_b17947dfee84,embedding,0.727926,groq_batch_13r_outputs.normalized,"2026-04-07 12:36:02",
concept_insight_0a53ef175f33,concept_insight_7a031f02124a,embedding,0.71209,groq_batch_13r_outputs.normalized,"2026-04-07 12:36:02",
concept_insight_0a53ef175f33,concept_insight_08d14842ffcd,embedding,0.697753,groq_batch_13r_outputs.normalized,"2026-04-07 12:36:02",
concept_insight_0a53ef175f33,concept_insight_0ad6899a15b5,embedding,0.686129,groq_batch_13r_outputs.normalized,"2026-04-07 12:36:02",
concept_insight_0a53ef175f33,concept_insight_28aeb1f16e83,embedding,0.674753,groq_batch_13r_outputs.normalized,"2026-04-07 12:36:02",
concept_insight_0a53ef175f33,concept_insight_d56292a6db7a,embedding,0.674032,groq_batch_13r_outputs.normalized,"2026-04-07 12:36:02",
concept_insight_0a53ef175f33,concept_insight_36696f32b8cc,embedding,0.664535,groq_batch_13r_outputs.normalized,"2026-04-07 12:36:02",
concept_insight_de31ee28a40b,concept_insight_7a031f02124a,embedding,0.783254,groq_batch_13r_outputs.normalized,"2026-04-07 12:36:02",
concept_insight_de31ee28a40b,concept_problem_62f72052d5e3,embedding,0.664503,groq_batch_13r_outputs.normalized,"2026-04-07 12:36:02",
concept_insight_de31ee28a40b,concept_insight_86f642f3a4f2,embedding,0.646949,groq_batch_13r_outputs.normalized,"2026-04-07 12:36:02",
concept_insight_de31ee28a40b,concept_theme_f156a24f6899,embedding,0.620552,groq_batch_13r_outputs.normalized,"2026-04-07 12:36:02",
concept_insight_de31ee28a40b,concept_insight_28aeb1f16e83,embedding,0.604607,groq_batch_13r_outputs.normalized,"2026-04-07 12:36:02",
concept_insight_de31ee28a40b,concept_framework_4852c58bccb3,embedding,0.60067,groq_batch_13r_outputs.normalized,"2026-04-07 12:36:02",
concept_insight_de31ee28a40b,concept_insight_0a53ef175f33,embedding,0.588375,groq_batch_13r_outputs.normalized,"2026-04-07 12:36:02",
concept_insight_de31ee28a40b,concept_insight_b17947dfee84,embedding,0.58416,groq_batch_13r_outputs.normalized,"2026-04-07 12:36:02",
concept_insight_b17947dfee84,concept_insight_0a53ef175f33,embedding,0.727926,groq_batch_13r_outputs.normalized,"2026-04-07 12:36:02",
concept_insight_b17947dfee84,concept_insight_28aeb1f16e83,embedding,0.698365,groq_batch_13r_outputs.normalized,"2026-04-07 12:36:02",
concept_insight_b17947dfee84,concept_insight_7a031f02124a,embedding,0.662437,groq_batch_13r_outputs.normalized,"2026-04-07 12:36:02",
concept_insight_b17947dfee84,concept_insight_5b846f78bd84,embedding,0.662136,groq_batch_13r_outputs.normalized,"2026-04-07 12:36:02",
concept_insight_b17947dfee84,concept_concept_65b51cb5f8d8,embedding,0.656501,groq_batch_13r_outputs.normalized,"2026-04-07 12:36:02",
concept_insight_b17947dfee84,concept_insight_86f642f3a4f2,embedding,0.648852,groq_batch_13r_outputs.normalized,"2026-04-07 12:36:02",
concept_insight_b17947dfee84,concept_insight_8e442199e39c,embedding,0.644752,groq_batch_13r_outputs.normalized,"2026-04-07 12:36:02",
concept_insight_b17947dfee84,concept_insight_8e7d70cde12a,embedding,0.642035,groq_batch_13r_outputs.normalized,"2026-04-07 12:36:02",
concept_domain_cae9453bc958,concept_domain_7049e80c45da,embedding,0.85831,groq_batch_13r_outputs.normalized,"2026-04-07 12:36:02",
concept_domain_cae9453bc958,concept_domain_5263cb23e03c,embedding,0.807064,groq_batch_13r_outputs.normalized,"2026-04-07 12:36:02",
concept_domain_cae9453bc958,concept_domain_bb3345625297,embedding,0.79109,groq_batch_13r_outputs.normalized,"2026-04-07 12:36:02",
concept_domain_cae9453bc958,concept_domain_ec0eb439899e,embedding,0.759688,groq_batch_13r_outputs.normalized,"2026-04-07 12:36:02",
concept_domain_cae9453bc958,concept_domain_ac24a4eaffb5,embedding,0.755154,groq_batch_13r_outputs.normalized,"2026-04-07 12:36:02",
concept_domain_cae9453bc958,concept_domain_71392c689382,embedding,0.735889,groq_batch_13r_outputs.normalized,"2026-04-07 12:36:02",
concept_domain_cae9453bc958,concept_domain_1602bd03169f,embedding,0.721483,groq_batch_13r_outputs.normalized,"2026-04-07 12:36:02",
concept_domain_cae9453bc958,concept_domain_86d37f6c96c1,embedding,0.715122,groq_batch_13r_outputs.normalized,"2026-04-07 12:36:02",
concept_domain_5263cb23e03c,concept_domain_ac24a4eaffb5,embedding,0.855528,groq_batch_13r_outputs.normalized,"2026-04-07 12:36:02",
concept_domain_5263cb23e03c,concept_domain_cae9453bc958,embedding,0.807064,groq_batch_13r_outputs.normalized,"2026-04-07 12:36:02",
concept_domain_5263cb23e03c,concept_domain_c8b3347b1708,embedding,0.777266,groq_batch_13r_outputs.normalized,"2026-04-07 12:36:02",
concept_domain_5263cb23e03c,concept_domain_ec0eb439899e,embedding,0.771198,groq_batch_13r_outputs.normalized,"2026-04-07 12:36:02",
concept_domain_5263cb23e03c,concept_domain_bb3345625297,embedding,0.743199,groq_batch_13r_outputs.normalized,"2026-04-07 12:36:02",
concept_domain_5263cb23e03c,concept_domain_86d37f6c96c1,embedding,0.718743,groq_batch_13r_outputs.normalized,"2026-04-07 12:36:02",
concept_domain_5263cb23e03c,concept_domain_7049e80c45da,embedding,0.713052,groq_batch_13r_outputs.normalized,"2026-04-07 12:36:02",
concept_domain_5263cb23e03c,concept_domain_c5e34dfeae31,embedding,0.706569,groq_batch_13r_outputs.normalized,"2026-04-07 12:36:02",
concept_theme_1c8576ba87ea,concept_concept_da0ab406c538,embedding,0.763581,groq_batch_13r_outputs.normalized,"2026-04-07 12:36:02",
concept_theme_1c8576ba87ea,concept_theme_523b48a108dd,embedding,0.66778,groq_batch_13r_outputs.normalized,"2026-04-07 12:36:02",
concept_theme_1c8576ba87ea,concept_event_a5aaead05f60,embedding,0.606698,groq_batch_13r_outputs.normalized,"2026-04-07 12:36:02",
concept_theme_1c8576ba87ea,concept_problem_fae9a26b1b5d,embedding,0.573716,groq_batch_13r_outputs.normalized,"2026-04-07 12:36:02",
concept_theme_1c8576ba87ea,concept_insight_f79a2b2de01c,embedding,0.572292,groq_batch_13r_outputs.normalized,"2026-04-07 12:36:02",
concept_theme_882929a7b1fc,concept_theme_c0edc0bf578f,embedding,0.662383,groq_batch_13r_outputs.normalized,"2026-04-07 12:36:02",
concept_theme_882929a7b1fc,concept_concept_9df00cda61b5,embedding,0.606939,groq_batch_13r_outputs.normalized,"2026-04-07 12:36:02",
concept_theme_882929a7b1fc,concept_example_c350b544c302,embedding,0.602229,groq_batch_13r_outputs.normalized,"2026-04-07 12:36:02",
concept_theme_882929a7b1fc,concept_theme_844f8ad3dc0e,embedding,0.59991,groq_batch_13r_outputs.normalized,"2026-04-07 12:36:02",
concept_theme_882929a7b1fc,concept_theme_f92ad59e35f8,embedding,0.585191,groq_batch_13r_outputs.normalized,"2026-04-07 12:36:02",
concept_theme_882929a7b1fc,concept_theme_e3c7bbb32f9f,embedding,0.5702,groq_batch_13r_outputs.normalized,"2026-04-07 12:36:02",
concept_theme_882929a7b1fc,concept_theme_efb942ca159c,embedding,0.569474,groq_batch_13r_outputs.normalized,"2026-04-07 12:36:02",
concept_theme_882929a7b1fc,concept_theme_8861e0d208d4,embedding,0.558881,groq_batch_13r_outputs.normalized,"2026-04-07 12:36:02",
concept_theme_7707baba3f38,concept_theme_62d14eaed788,embedding,0.637023,groq_batch_13r_outputs.normalized,"2026-04-07 12:36:02",
concept_theme_7707baba3f38,concept_theme_efb942ca159c,embedding,0.566536,groq_batch_13r_outputs.normalized,"2026-04-07 12:36:02",
concept_theme_7707baba3f38,concept_concept_db0a89df95f2,embedding,0.562867,groq_batch_13r_outputs.normalized,"2026-04-07 12:36:02",
concept_theme_7707baba3f38,concept_problem_ffa08b04465a,embedding,0.553551,groq_batch_13r_outputs.normalized,"2026-04-07 12:36:02",
concept_theme_78ef56b2913d,concept_problem_228069338742,embedding,0.772814,groq_batch_13r_outputs.normalized,"2026-04-07 12:36:02",
concept_theme_78ef56b2913d,concept_insight_8eb9c952c4f3,embedding,0.748481,groq_batch_13r_outputs.normalized,"2026-04-07 12:36:02",
concept_theme_84a7efb3cc4b,concept_person_209e09f17aee,embedding,0.764898,groq_batch_13r_outputs.normalized,"2026-04-07 12:36:02",
concept_theme_84a7efb3cc4b,concept_insight_df41f79ebbde,embedding,0.746275,groq_batch_13r_outputs.normalized,"2026-04-07 12:36:02",
concept_theme_84a7efb3cc4b,concept_theme_0b2bdbaf1512,embedding,0.690474,groq_batch_13r_outputs.normalized,"2026-04-07 12:36:02",
concept_theme_84a7efb3cc4b,concept_insight_ba25e840c09c,embedding,0.574721,groq_batch_13r_outputs.normalized,"2026-04-07 12:36:02",
concept_theme_84a7efb3cc4b,concept_concept_f3306c002aa1,embedding,0.574066,groq_batch_13r_outputs.normalized,"2026-04-07 12:36:02",
concept_theme_62d14eaed788,concept_concept_db0a89df95f2,embedding,0.768277,groq_batch_13r_outputs.normalized,"2026-04-07 12:36:02",
concept_theme_62d14eaed788,concept_theme_43c39021bb74,embedding,0.643274,groq_batch_13r_outputs.normalized,"2026-04-07 12:36:02",
concept_theme_62d14eaed788,concept_theme_7707baba3f38,embedding,0.637023,groq_batch_13r_outputs.normalized,"2026-04-07 12:36:02",
concept_theme_62d14eaed788,concept_theme_844f8ad3dc0e,embedding,0.595914,groq_batch_13r_outputs.normalized,"2026-04-07 12:36:02",
concept_theme_62d14eaed788,concept_theme_6e012f9ac3a8,embedding,0.593049,groq_batch_13r_outputs.normalized,"2026-04-07 12:36:02",
concept_theme_62d14eaed788,concept_insight_6720c7db8358,embedding,0.591971,groq_batch_13r_outputs.normalized,"2026-04-07 12:36:02",
concept_theme_62d14eaed788,concept_theme_efb942ca159c,embedding,0.570558,groq_batch_13r_outputs.normalized,"2026-04-07 12:36:02",
concept_theme_844f8ad3dc0e,concept_data_0e01f40cc537,embedding,0.762915,groq_batch_13r_outputs.normalized,"2026-04-07 12:36:02",
concept_theme_844f8ad3dc0e,concept_theme_5240b182cb33,embedding,0.736759,groq_batch_13r_outputs.normalized,"2026-04-07 12:36:02",
concept_theme_844f8ad3dc0e,concept_insight_f342bba5e9c7,embedding,0.703512,groq_batch_13r_outputs.normalized,"2026-04-07 12:36:02",
concept_theme_844f8ad3dc0e,concept_theme_dd615f11df34,embedding,0.664855,groq_batch_13r_outputs.normalized,"2026-04-07 12:36:02",
concept_theme_844f8ad3dc0e,concept_theme_d1bb3a733135,embedding,0.630582,groq_batch_13r_outputs.normalized,"2026-04-07 12:36:02",
concept_theme_844f8ad3dc0e,concept_theme_e2d0e38cfde1,embedding,0.621864,groq_batch_13r_outputs.normalized,"2026-04-07 12:36:02",
concept_theme_844f8ad3dc0e,concept_theme_0643c166f9c9,embedding,0.604355,groq_batch_13r_outputs.normalized,"2026-04-07 12:36:02",
concept_theme_844f8ad3dc0e,concept_theme_43c39021bb74,embedding,0.604299,groq_batch_13r_outputs.normalized,"2026-04-07 12:36:02",
concept_theme_efb942ca159c,concept_theme_d1bb3a733135,embedding,0.625564,groq_batch_13r_outputs.normalized,"2026-04-07 12:36:02",
concept_theme_efb942ca159c,concept_theme_5240b182cb33,embedding,0.605192,groq_batch_13r_outputs.normalized,"2026-04-07 12:36:02",
concept_theme_efb942ca159c,concept_theme_844f8ad3dc0e,embedding,0.6021,groq_batch_13r_outputs.normalized,"2026-04-07 12:36:02",
concept_theme_efb942ca159c,concept_domain_6a5413595b4b,embedding,0.600714,groq_batch_13r_outputs.normalized,"2026-04-07 12:36:02",
concept_theme_efb942ca159c,concept_theme_a97f965c53d2,embedding,0.598046,groq_batch_13r_outputs.normalized,"2026-04-07 12:36:02",
concept_theme_efb942ca159c,concept_theme_ab9dbb898396,embedding,0.591324,groq_batch_13r_outputs.normalized,"2026-04-07 12:36:02",
concept_theme_efb942ca159c,concept_theme_2c6c49c54bbd,embedding,0.590865,groq_batch_13r_outputs.normalized,"2026-04-07 12:36:02",
concept_theme_efb942ca159c,concept_theme_523b48a108dd,embedding,0.585235,groq_batch_13r_outputs.normalized,"2026-04-07 12:36:02",
concept_event_a5aaead05f60,concept_concept_da0ab406c538,embedding,0.730297,groq_batch_13r_outputs.normalized,"2026-04-07 12:36:02",
concept_event_a5aaead05f60,concept_theme_1c8576ba87ea,embedding,0.606698,groq_batch_13r_outputs.normalized,"2026-04-07 12:36:02",
concept_event_a5aaead05f60,concept_event_560deabc58ca,embedding,0.576594,groq_batch_13r_outputs.normalized,"2026-04-07 12:36:02",
concept_event_a5aaead05f60,concept_event_0c8b8d0dc95f,embedding,0.568208,groq_batch_13r_outputs.normalized,"2026-04-07 12:36:02",
concept_event_a5aaead05f60,concept_event_2b3c90ec0ea9,embedding,0.554069,groq_batch_13r_outputs.normalized,"2026-04-07 12:36:02",
concept_person_209e09f17aee,concept_theme_84a7efb3cc4b,embedding,0.764898,groq_batch_13r_outputs.normalized,"2026-04-07 12:36:02",
concept_person_209e09f17aee,concept_insight_df41f79ebbde,embedding,0.718888,groq_batch_13r_outputs.normalized,"2026-04-07 12:36:02",
concept_person_209e09f17aee,concept_concept_f3306c002aa1,embedding,0.633782,groq_batch_13r_outputs.normalized,"2026-04-07 12:36:02",
concept_person_209e09f17aee,concept_data_16f03d4e4c70,embedding,0.628798,groq_batch_13r_outputs.normalized,"2026-04-07 12:36:02",
concept_person_209e09f17aee,concept_insight_ba25e840c09c,embedding,0.616821,groq_batch_13r_outputs.normalized,"2026-04-07 12:36:02",
concept_person_209e09f17aee,concept_person_67306b016d0a,embedding,0.579751,groq_batch_13r_outputs.normalized,"2026-04-07 12:36:02",
concept_person_209e09f17aee,concept_theme_0b2bdbaf1512,embedding,0.578027,groq_batch_13r_outputs.normalized,"2026-04-07 12:36:02",
concept_concept_db0a89df95f2,concept_theme_62d14eaed788,embedding,0.768277,groq_batch_13r_outputs.normalized,"2026-04-07 12:36:02",
concept_concept_db0a89df95f2,concept_insight_6720c7db8358,embedding,0.691614,groq_batch_13r_outputs.normalized,"2026-04-07 12:36:02",
concept_concept_db0a89df95f2,concept_concept_7091d2715a81,embedding,0.563162,groq_batch_13r_outputs.normalized,"2026-04-07 12:36:02",
concept_concept_db0a89df95f2,concept_theme_7707baba3f38,embedding,0.562867,groq_batch_13r_outputs.normalized,"2026-04-07 12:36:02",
concept_problem_228069338742,concept_insight_8eb9c952c4f3,embedding,0.855395,groq_batch_13r_outputs.normalized,"2026-04-07 12:36:02",
concept_problem_228069338742,concept_theme_78ef56b2913d,embedding,0.772814,groq_batch_13r_outputs.normalized,"2026-04-07 12:36:02",
concept_example_c350b544c302,concept_theme_882929a7b1fc,embedding,0.602229,groq_batch_13r_outputs.normalized,"2026-04-07 12:36:02",
concept_example_c350b544c302,concept_person_ac4b64acdfab,embedding,0.551397,groq_batch_13r_outputs.normalized,"2026-04-07 12:36:02",
concept_problem_8d73d1f51979,concept_insight_f2862c90cf5f,embedding,0.67742,groq_batch_13r_outputs.normalized,"2026-04-07 12:36:02",
concept_problem_8d73d1f51979,concept_problem_ffa08b04465a,embedding,0.638065,groq_batch_13r_outputs.normalized,"2026-04-07 12:36:02",
concept_problem_2e23b0c031cb,concept_problem_546dd49ff145,embedding,0.602059,groq_batch_13r_outputs.normalized,"2026-04-07 12:36:02",
concept_data_0e01f40cc537,concept_theme_844f8ad3dc0e,embedding,0.762915,groq_batch_13r_outputs.normalized,"2026-04-07 12:36:02",
concept_data_0e01f40cc537,concept_insight_f342bba5e9c7,embedding,0.751236,groq_batch_13r_outputs.normalized,"2026-04-07 12:36:02",
concept_data_0e01f40cc537,concept_data_16f03d4e4c70,embedding,0.650404,groq_batch_13r_outputs.normalized,"2026-04-07 12:36:02",
concept_data_0e01f40cc537,concept_data_45a353c451c2,embedding,0.617099,groq_batch_13r_outputs.normalized,"2026-04-07 12:36:02",
concept_data_0e01f40cc537,concept_concept_1fca78ffffb2,embedding,0.551483,groq_batch_13r_outputs.normalized,"2026-04-07 12:36:02",
concept_concept_da0ab406c538,concept_theme_1c8576ba87ea,embedding,0.763581,groq_batch_13r_outputs.normalized,"2026-04-07 12:36:02",
concept_concept_da0ab406c538,concept_event_a5aaead05f60,embedding,0.730297,groq_batch_13r_outputs.normalized,"2026-04-07 12:36:02",
concept_concept_da0ab406c538,concept_insight_f79a2b2de01c,embedding,0.685216,groq_batch_13r_outputs.normalized,"2026-04-07 12:36:02",
concept_concept_bc306f34f942,concept_concept_acef4d9fce7d,embedding,0.690943,groq_batch_13r_outputs.normalized,"2026-04-07 12:36:02",
concept_concept_bc306f34f942,concept_domain_6a5413595b4b,embedding,0.686289,groq_batch_13r_outputs.normalized,"2026-04-07 12:36:02",
concept_concept_bc306f34f942,concept_concept_9df00cda61b5,embedding,0.611226,groq_batch_13r_outputs.normalized,"2026-04-07 12:36:02",
concept_concept_bc306f34f942,concept_concept_ddbb671a1d33,embedding,0.605981,groq_batch_13r_outputs.normalized,"2026-04-07 12:36:02",
concept_concept_bc306f34f942,concept_problem_ffa08b04465a,embedding,0.564016,groq_batch_13r_outputs.normalized,"2026-04-07 12:36:02",
concept_concept_bc306f34f942,concept_insight_ab7e798e2fe8,embedding,0.557451,groq_batch_13r_outputs.normalized,"2026-04-07 12:36:02",
concept_problem_ffa08b04465a,concept_problem_8d73d1f51979,embedding,0.638065,groq_batch_13r_outputs.normalized,"2026-04-07 12:36:02",
concept_problem_ffa08b04465a,concept_problem_9880cf38291b,embedding,0.572845,groq_batch_13r_outputs.normalized,"2026-04-07 12:36:02",
concept_problem_ffa08b04465a,concept_concept_bc306f34f942,embedding,0.564016,groq_batch_13r_outputs.normalized,"2026-04-07 12:36:02",
concept_problem_ffa08b04465a,concept_concept_acef4d9fce7d,embedding,0.55461,groq_batch_13r_outputs.normalized,"2026-04-07 12:36:02",
concept_problem_ffa08b04465a,concept_theme_7707baba3f38,embedding,0.553551,groq_batch_13r_outputs.normalized,"2026-04-07 12:36:02",
concept_concept_f3306c002aa1,concept_insight_ba25e840c09c,embedding,0.670679,groq_batch_13r_outputs.normalized,"2026-04-07 12:36:02",
concept_concept_f3306c002aa1,concept_person_209e09f17aee,embedding,0.633782,groq_batch_13r_outputs.normalized,"2026-04-07 12:36:02",
concept_concept_f3306c002aa1,concept_theme_84a7efb3cc4b,embedding,0.574066,groq_batch_13r_outputs.normalized,"2026-04-07 12:36:02",
concept_concept_b4a3b4f10ec7,concept_insight_2f3af464b666,embedding,0.740897,groq_batch_13r_outputs.normalized,"2026-04-07 12:36:02",
concept_concept_b4a3b4f10ec7,concept_concept_c0083937037f,embedding,0.602924,groq_batch_13r_outputs.normalized,"2026-04-07 12:36:02",
concept_concept_b4a3b4f10ec7,concept_concept_2cb228cf1194,embedding,0.573675,groq_batch_13r_outputs.normalized,"2026-04-07 12:36:02",
concept_concept_b4a3b4f10ec7,concept_concept_9df00cda61b5,embedding,0.571976,groq_batch_13r_outputs.normalized,"2026-04-07 12:36:02",
concept_concept_b4a3b4f10ec7,concept_domain_8e9a57c2a700,embedding,0.556802,groq_batch_13r_outputs.normalized,"2026-04-07 12:36:02",
concept_concept_ddbb671a1d33,concept_concept_f2a7c8c9e34a,embedding,0.716479,groq_batch_13r_outputs.normalized,"2026-04-07 12:36:02",
concept_concept_ddbb671a1d33,concept_theme_ab9dbb898396,embedding,0.712508,groq_batch_13r_outputs.normalized,"2026-04-07 12:36:02",
concept_concept_ddbb671a1d33,concept_concept_acef4d9fce7d,embedding,0.670144,groq_batch_13r_outputs.normalized,"2026-04-07 12:36:02",
concept_concept_ddbb671a1d33,concept_concept_bc306f34f942,embedding,0.605981,groq_batch_13r_outputs.normalized,"2026-04-07 12:36:02",
concept_concept_ddbb671a1d33,concept_problem_9880cf38291b,embedding,0.602165,groq_batch_13r_outputs.normalized,"2026-04-07 12:36:02",
concept_concept_ddbb671a1d33,concept_concept_9df00cda61b5,embedding,0.595854,groq_batch_13r_outputs.normalized,"2026-04-07 12:36:02",
concept_concept_ddbb671a1d33,concept_problem_6acab62b2b77,embedding,0.595597,groq_batch_13r_outputs.normalized,"2026-04-07 12:36:02",
concept_concept_ddbb671a1d33,concept_concept_2cb228cf1194,embedding,0.578639,groq_batch_13r_outputs.normalized,"2026-04-07 12:36:02",
concept_insight_f79a2b2de01c,concept_concept_da0ab406c538,embedding,0.685216,groq_batch_13r_outputs.normalized,"2026-04-07 12:36:02",
concept_insight_f79a2b2de01c,concept_theme_1c8576ba87ea,embedding,0.572292,groq_batch_13r_outputs.normalized,"2026-04-07 12:36:02",
concept_insight_df41f79ebbde,concept_theme_84a7efb3cc4b,embedding,0.746275,groq_batch_13r_outputs.normalized,"2026-04-07 12:36:02",
concept_insight_df41f79ebbde,concept_person_209e09f17aee,embedding,0.718888,groq_batch_13r_outputs.normalized,"2026-04-07 12:36:02",
concept_insight_df41f79ebbde,concept_insight_ba25e840c09c,embedding,0.572132,groq_batch_13r_outputs.normalized,"2026-04-07 12:36:02",
concept_insight_8eb9c952c4f3,concept_problem_228069338742,embedding,0.855395,groq_batch_13r_outputs.normalized,"2026-04-07 12:36:02",
concept_insight_8eb9c952c4f3,concept_theme_78ef56b2913d,embedding,0.748481,groq_batch_13r_outputs.normalized,"2026-04-07 12:36:02",
concept_insight_8eb9c952c4f3,concept_insight_ab7e798e2fe8,embedding,0.552877,groq_batch_13r_outputs.normalized,"2026-04-07 12:36:02",
concept_insight_6720c7db8358,concept_concept_db0a89df95f2,embedding,0.691614,groq_batch_13r_outputs.normalized,"2026-04-07 12:36:02",
concept_insight_6720c7db8358,concept_insight_f2862c90cf5f,embedding,0.622989,groq_batch_13r_outputs.normalized,"2026-04-07 12:36:02",
concept_insight_6720c7db8358,concept_theme_62d14eaed788,embedding,0.591971,groq_batch_13r_outputs.normalized,"2026-04-07 12:36:02",
concept_insight_f342bba5e9c7,concept_data_0e01f40cc537,embedding,0.751236,groq_batch_13r_outputs.normalized,"2026-04-07 12:36:02",
concept_insight_f342bba5e9c7,concept_theme_844f8ad3dc0e,embedding,0.703512,groq_batch_13r_outputs.normalized,"2026-04-07 12:36:02",
concept_insight_f2862c90cf5f,concept_problem_8d73d1f51979,embedding,0.67742,groq_batch_13r_outputs.normalized,"2026-04-07 12:36:02",
concept_insight_f2862c90cf5f,concept_insight_6720c7db8358,embedding,0.622989,groq_batch_13r_outputs.normalized,"2026-04-07 12:36:02",
concept_insight_2f3af464b666,concept_concept_b4a3b4f10ec7,embedding,0.740897,groq_batch_13r_outputs.normalized,"2026-04-07 12:36:02",
concept_insight_ba25e840c09c,concept_concept_f3306c002aa1,embedding,0.670679,groq_batch_13r_outputs.normalized,"2026-04-07 12:36:03",
concept_insight_ba25e840c09c,concept_person_209e09f17aee,embedding,0.616821,groq_batch_13r_outputs.normalized,"2026-04-07 12:36:03",
concept_insight_ba25e840c09c,concept_theme_84a7efb3cc4b,embedding,0.574721,groq_batch_13r_outputs.normalized,"2026-04-07 12:36:03",
concept_insight_ba25e840c09c,concept_insight_df41f79ebbde,embedding,0.572132,groq_batch_13r_outputs.normalized,"2026-04-07 12:36:03",
concept_domain_c5e34dfeae31,concept_domain_ec0eb439899e,embedding,0.809475,groq_batch_13r_outputs.normalized,"2026-04-07 12:36:03",
concept_domain_c5e34dfeae31,concept_domain_79be89866d06,embedding,0.788908,groq_batch_13r_outputs.normalized,"2026-04-07 12:36:03",
concept_domain_c5e34dfeae31,concept_domain_bdad25e4cd05,embedding,0.746683,groq_batch_13r_outputs.normalized,"2026-04-07 12:36:03",
concept_domain_c5e34dfeae31,concept_domain_10549d935983,embedding,0.731909,groq_batch_13r_outputs.normalized,"2026-04-07 12:36:03",
concept_domain_c5e34dfeae31,concept_domain_e8f8911d9105,embedding,0.731133,groq_batch_13r_outputs.normalized,"2026-04-07 12:36:03",
concept_domain_c5e34dfeae31,concept_domain_caee2af76561,embedding,0.717953,groq_batch_13r_outputs.normalized,"2026-04-07 12:36:03",
concept_domain_c5e34dfeae31,concept_domain_5263cb23e03c,embedding,0.706569,groq_batch_13r_outputs.normalized,"2026-04-07 12:36:03",
concept_domain_c5e34dfeae31,concept_domain_fe3d1148f3ef,embedding,0.705198,groq_batch_13r_outputs.normalized,"2026-04-07 12:36:03",
concept_domain_56441dbefe7d,concept_domain_2d54c8b8873f,embedding,0.803108,groq_batch_13r_outputs.normalized,"2026-04-07 12:36:03",
concept_domain_56441dbefe7d,concept_domain_e8f8911d9105,embedding,0.748287,groq_batch_13r_outputs.normalized,"2026-04-07 12:36:03",
concept_domain_56441dbefe7d,concept_concept_5f55fef87c9c,embedding,0.747767,groq_batch_13r_outputs.normalized,"2026-04-07 12:36:03",
concept_domain_56441dbefe7d,concept_concept_937b9e6e0a5a,embedding,0.732872,groq_batch_13r_outputs.normalized,"2026-04-07 12:36:03",
concept_domain_56441dbefe7d,concept_domain_232eb9300d28,embedding,0.687389,groq_batch_13r_outputs.normalized,"2026-04-07 12:36:03",
concept_domain_56441dbefe7d,concept_domain_ec0eb439899e,embedding,0.675032,groq_batch_13r_outputs.normalized,"2026-04-07 12:36:03",
concept_domain_56441dbefe7d,concept_insight_86f642f3a4f2,embedding,0.670259,groq_batch_13r_outputs.normalized,"2026-04-07 12:36:03",
concept_domain_56441dbefe7d,concept_domain_bdad25e4cd05,embedding,0.661547,groq_batch_13r_outputs.normalized,"2026-04-07 12:36:03",
concept_domain_d73d97c85da5,concept_domain_c3b6f5840cc9,embedding,0.795192,groq_batch_13r_outputs.normalized,"2026-04-07 12:36:03",
concept_domain_d73d97c85da5,concept_domain_ec0eb439899e,embedding,0.740674,groq_batch_13r_outputs.normalized,"2026-04-07 12:36:03",
concept_domain_d73d97c85da5,concept_domain_c5e34dfeae31,embedding,0.689207,groq_batch_13r_outputs.normalized,"2026-04-07 12:36:03",
concept_domain_d73d97c85da5,concept_domain_db4d9c3bc628,embedding,0.676725,groq_batch_13r_outputs.normalized,"2026-04-07 12:36:03",
concept_domain_d73d97c85da5,concept_domain_79be89866d06,embedding,0.670047,groq_batch_13r_outputs.normalized,"2026-04-07 12:36:03",
concept_domain_d73d97c85da5,concept_domain_68b5c531a430,embedding,0.668861,groq_batch_13r_outputs.normalized,"2026-04-07 12:36:03",
concept_domain_d73d97c85da5,concept_domain_10549d935983,embedding,0.664325,groq_batch_13r_outputs.normalized,"2026-04-07 12:36:03",
concept_domain_d73d97c85da5,concept_domain_bdad25e4cd05,embedding,0.660705,groq_batch_13r_outputs.normalized,"2026-04-07 12:36:03",
concept_domain_a97f95cb9036,concept_domain_e8f8911d9105,embedding,0.801625,groq_batch_13r_outputs.normalized,"2026-04-07 12:36:03",
concept_domain_a97f95cb9036,concept_domain_79be89866d06,embedding,0.755629,groq_batch_13r_outputs.normalized,"2026-04-07 12:36:03",
concept_domain_a97f95cb9036,concept_concept_374ae172f793,embedding,0.720611,groq_batch_13r_outputs.normalized,"2026-04-07 12:36:03",
concept_domain_a97f95cb9036,concept_domain_ec0eb439899e,embedding,0.711892,groq_batch_13r_outputs.normalized,"2026-04-07 12:36:03",
concept_domain_a97f95cb9036,concept_domain_c5e34dfeae31,embedding,0.691836,groq_batch_13r_outputs.normalized,"2026-04-07 12:36:03",
concept_domain_a97f95cb9036,concept_domain_68b5c531a430,embedding,0.689688,groq_batch_13r_outputs.normalized,"2026-04-07 12:36:03",
concept_domain_a97f95cb9036,concept_domain_10549d935983,embedding,0.676958,groq_batch_13r_outputs.normalized,"2026-04-07 12:36:03",
concept_domain_a97f95cb9036,concept_domain_bdad25e4cd05,embedding,0.666176,groq_batch_13r_outputs.normalized,"2026-04-07 12:36:03",
concept_theme_cde874366311,concept_theme_13ccca9acff4,embedding,0.759513,groq_batch_13r_outputs.normalized,"2026-04-07 12:36:03",
concept_theme_cde874366311,concept_theme_8861e0d208d4,embedding,0.707324,groq_batch_13r_outputs.normalized,"2026-04-07 12:36:03",
concept_theme_cde874366311,concept_theme_e50b98f2c853,embedding,0.690419,groq_batch_13r_outputs.normalized,"2026-04-07 12:36:03",
concept_theme_cde874366311,concept_organization_813cfe2f8018,embedding,0.671361,groq_batch_13r_outputs.normalized,"2026-04-07 12:36:03",
concept_theme_cde874366311,concept_theme_ed51747319b1,embedding,0.66568,groq_batch_13r_outputs.normalized,"2026-04-07 12:36:03",
concept_theme_cde874366311,concept_theme_782e59f0fbcf,embedding,0.64178,groq_batch_13r_outputs.normalized,"2026-04-07 12:36:03",
concept_theme_cde874366311,concept_example_2c80abdc7544,embedding,0.631745,groq_batch_13r_outputs.normalized,"2026-04-07 12:36:03",
concept_theme_cde874366311,concept_insight_ffa5d5a7b8cd,embedding,0.589873,groq_batch_13r_outputs.normalized,"2026-04-07 12:36:03",
concept_theme_93218682a633,concept_organization_7cc7b8406153,embedding,0.753606,groq_batch_13r_outputs.normalized,"2026-04-07 12:36:03",
concept_theme_93218682a633,concept_theme_e3c7bbb32f9f,embedding,0.635346,groq_batch_13r_outputs.normalized,"2026-04-07 12:36:03",
concept_theme_93218682a633,concept_theme_0323cd1f92f0,embedding,0.632635,groq_batch_13r_outputs.normalized,"2026-04-07 12:36:03",
concept_theme_93218682a633,concept_theme_0643c166f9c9,embedding,0.611149,groq_batch_13r_outputs.normalized,"2026-04-07 12:36:03",
concept_theme_93218682a633,concept_theme_cef9a9c9abea,embedding,0.610022,groq_batch_13r_outputs.normalized,"2026-04-07 12:36:03",
concept_theme_93218682a633,concept_organization_cc6183c7e6ae,embedding,0.607055,groq_batch_13r_outputs.normalized,"2026-04-07 12:36:03",
concept_theme_93218682a633,concept_theme_9edcea900bda,embedding,0.599917,groq_batch_13r_outputs.normalized,"2026-04-07 12:36:03",
concept_theme_93218682a633,concept_theme_4f6b17dc1d5d,embedding,0.592734,groq_batch_13r_outputs.normalized,"2026-04-07 12:36:03",
concept_theme_0b9c40adb718,concept_theme_4f6b17dc1d5d,embedding,0.668641,groq_batch_13r_outputs.normalized,"2026-04-07 12:36:03",
concept_theme_0b9c40adb718,concept_theme_e2d0e38cfde1,embedding,0.655402,groq_batch_13r_outputs.normalized,"2026-04-07 12:36:03",
concept_theme_0b9c40adb718,concept_theme_f4d50e998dcc,embedding,0.646982,groq_batch_13r_outputs.normalized,"2026-04-07 12:36:03",
concept_theme_0b9c40adb718,concept_theme_9edcea900bda,embedding,0.64675,groq_batch_13r_outputs.normalized,"2026-04-07 12:36:03",
concept_theme_0b9c40adb718,concept_theme_38b944c29632,embedding,0.644956,groq_batch_13r_outputs.normalized,"2026-04-07 12:36:03",
concept_theme_0b9c40adb718,concept_theme_3ff32f9f49ec,embedding,0.635509,groq_batch_13r_outputs.normalized,"2026-04-07 12:36:03",
concept_theme_0b9c40adb718,concept_organization_96e1936d5f1d,embedding,0.632892,groq_batch_13r_outputs.normalized,"2026-04-07 12:36:03",
concept_theme_0b9c40adb718,concept_theme_cc4b66d16c07,embedding,0.630978,groq_batch_13r_outputs.normalized,"2026-04-07 12:36:03",
concept_theme_0323cd1f92f0,concept_organization_cc6183c7e6ae,embedding,0.722756,groq_batch_13r_outputs.normalized,"2026-04-07 12:36:03",
concept_theme_0323cd1f92f0,concept_theme_e3c7bbb32f9f,embedding,0.715062,groq_batch_13r_outputs.normalized,"2026-04-07 12:36:03",
concept_theme_0323cd1f92f0,concept_theme_9edcea900bda,embedding,0.663043,groq_batch_13r_outputs.normalized,"2026-04-07 12:36:03",
concept_theme_0323cd1f92f0,concept_theme_cef9a9c9abea,embedding,0.645733,groq_batch_13r_outputs.normalized,"2026-04-07 12:36:03",
concept_theme_0323cd1f92f0,concept_theme_4f6b17dc1d5d,embedding,0.636775,groq_batch_13r_outputs.normalized,"2026-04-07 12:36:03",
concept_theme_0323cd1f92f0,concept_theme_93218682a633,embedding,0.632635,groq_batch_13r_outputs.normalized,"2026-04-07 12:36:03",
concept_theme_0323cd1f92f0,concept_theme_dbf2642a8ec3,embedding,0.63139,groq_batch_13r_outputs.normalized,"2026-04-07 12:36:03",
concept_theme_0323cd1f92f0,concept_theme_7a0a498a851b,embedding,0.623767,groq_batch_13r_outputs.normalized,"2026-04-07 12:36:03",
concept_theme_e3c7bbb32f9f,concept_theme_0323cd1f92f0,embedding,0.715062,groq_batch_13r_outputs.normalized,"2026-04-07 12:36:03",
concept_theme_e3c7bbb32f9f,concept_theme_5240b182cb33,embedding,0.681089,groq_batch_13r_outputs.normalized,"2026-04-07 12:36:03",
concept_theme_e3c7bbb32f9f,concept_theme_9edcea900bda,embedding,0.653537,groq_batch_13r_outputs.normalized,"2026-04-07 12:36:03",
concept_theme_e3c7bbb32f9f,concept_theme_8861e0d208d4,embedding,0.648427,groq_batch_13r_outputs.normalized,"2026-04-07 12:36:03",
concept_theme_e3c7bbb32f9f,concept_theme_d1bb3a733135,embedding,0.637495,groq_batch_13r_outputs.normalized,"2026-04-07 12:36:03",
concept_theme_e3c7bbb32f9f,concept_theme_cef9a9c9abea,embedding,0.636483,groq_batch_13r_outputs.normalized,"2026-04-07 12:36:03",
concept_theme_e3c7bbb32f9f,concept_theme_93218682a633,embedding,0.635346,groq_batch_13r_outputs.normalized,"2026-04-07 12:36:03",
concept_theme_e3c7bbb32f9f,concept_theme_e2d0e38cfde1,embedding,0.628836,groq_batch_13r_outputs.normalized,"2026-04-07 12:36:03",
concept_theme_cef9a9c9abea,concept_organization_6fbd6e5190d5,embedding,0.700516,groq_batch_13r_outputs.normalized,"2026-04-07 12:36:03",
concept_theme_cef9a9c9abea,concept_theme_e2d0e38cfde1,embedding,0.670936,groq_batch_13r_outputs.normalized,"2026-04-07 12:36:03",
concept_theme_cef9a9c9abea,concept_theme_0323cd1f92f0,embedding,0.645733,groq_batch_13r_outputs.normalized,"2026-04-07 12:36:03",
concept_theme_cef9a9c9abea,concept_theme_f4d50e998dcc,embedding,0.640574,groq_batch_13r_outputs.normalized,"2026-04-07 12:36:03",
concept_theme_cef9a9c9abea,concept_theme_e3c7bbb32f9f,embedding,0.636483,groq_batch_13r_outputs.normalized,"2026-04-07 12:36:03",
concept_theme_cef9a9c9abea,concept_theme_e4e20b6dd893,embedding,0.628097,groq_batch_13r_outputs.normalized,"2026-04-07 12:36:03",
concept_theme_cef9a9c9abea,concept_theme_8861e0d208d4,embedding,0.624702,groq_batch_13r_outputs.normalized,"2026-04-07 12:36:03",
concept_theme_cef9a9c9abea,concept_theme_38b944c29632,embedding,0.62122,groq_batch_13r_outputs.normalized,"2026-04-07 12:36:03",
concept_theme_ed51747319b1,concept_theme_cde874366311,embedding,0.66568,groq_batch_13r_outputs.normalized,"2026-04-07 12:36:03",
concept_theme_ed51747319b1,concept_theme_8861e0d208d4,embedding,0.649663,groq_batch_13r_outputs.normalized,"2026-04-07 12:36:03",
concept_theme_ed51747319b1,concept_theme_dbf2642a8ec3,embedding,0.63945,groq_batch_13r_outputs.normalized,"2026-04-07 12:36:03",
concept_theme_ed51747319b1,concept_theme_202fa6cbd6fc,embedding,0.63234,groq_batch_13r_outputs.normalized,"2026-04-07 12:36:03",
concept_theme_ed51747319b1,concept_theme_e50b98f2c853,embedding,0.632254,groq_batch_13r_outputs.normalized,"2026-04-07 12:36:03",
concept_theme_ed51747319b1,concept_theme_782e59f0fbcf,embedding,0.608001,groq_batch_13r_outputs.normalized,"2026-04-07 12:36:03",
concept_theme_ed51747319b1,concept_theme_f92ad59e35f8,embedding,0.5717,groq_batch_13r_outputs.normalized,"2026-04-07 12:36:03",
concept_theme_ed51747319b1,concept_theme_c0edc0bf578f,embedding,0.568704,groq_batch_13r_outputs.normalized,"2026-04-07 12:36:03",
concept_theme_13ccca9acff4,concept_theme_cde874366311,embedding,0.759513,groq_batch_13r_outputs.normalized,"2026-04-07 12:36:03",
concept_theme_13ccca9acff4,concept_problem_9726a7d48915,embedding,0.747803,groq_batch_13r_outputs.normalized,"2026-04-07 12:36:03",
concept_theme_13ccca9acff4,concept_theme_782e59f0fbcf,embedding,0.704514,groq_batch_13r_outputs.normalized,"2026-04-07 12:36:03",
concept_theme_13ccca9acff4,concept_event_daae148806e2,embedding,0.666536,groq_batch_13r_outputs.normalized,"2026-04-07 12:36:03",
concept_theme_13ccca9acff4,concept_concept_937b9e6e0a5a,embedding,0.633912,groq_batch_13r_outputs.normalized,"2026-04-07 12:36:03",
concept_theme_13ccca9acff4,concept_theme_8861e0d208d4,embedding,0.623337,groq_batch_13r_outputs.normalized,"2026-04-07 12:36:03",
concept_theme_13ccca9acff4,concept_organization_44d535644dc0,embedding,0.617772,groq_batch_13r_outputs.normalized,"2026-04-07 12:36:03",
concept_theme_13ccca9acff4,concept_theme_23cc79d4ac5d,embedding,0.616367,groq_batch_13r_outputs.normalized,"2026-04-07 12:36:03",
concept_theme_e50b98f2c853,concept_example_2c80abdc7544,embedding,0.776144,groq_batch_13r_outputs.normalized,"2026-04-07 12:36:03",
concept_theme_e50b98f2c853,concept_theme_cde874366311,embedding,0.690419,groq_batch_13r_outputs.normalized,"2026-04-07 12:36:03",
concept_theme_e50b98f2c853,concept_theme_8861e0d208d4,embedding,0.671365,groq_batch_13r_outputs.normalized,"2026-04-07 12:36:03",
concept_theme_e50b98f2c853,concept_theme_782e59f0fbcf,embedding,0.657087,groq_batch_13r_outputs.normalized,"2026-04-07 12:36:03",
concept_theme_e50b98f2c853,concept_theme_ed51747319b1,embedding,0.632254,groq_batch_13r_outputs.normalized,"2026-04-07 12:36:03",
concept_theme_e50b98f2c853,concept_theme_13ccca9acff4,embedding,0.60572,groq_batch_13r_outputs.normalized,"2026-04-07 12:36:03",
concept_theme_e50b98f2c853,concept_theme_e4e9b6a01aa0,embedding,0.601804,groq_batch_13r_outputs.normalized,"2026-04-07 12:36:03",
concept_theme_e50b98f2c853,concept_organization_813cfe2f8018,embedding,0.560012,groq_batch_13r_outputs.normalized,"2026-04-07 12:36:03",
concept_theme_8861e0d208d4,concept_theme_cde874366311,embedding,0.707324,groq_batch_13r_outputs.normalized,"2026-04-07 12:36:03",
concept_theme_8861e0d208d4,concept_insight_ffa5d5a7b8cd,embedding,0.692556,groq_batch_13r_outputs.normalized,"2026-04-07 12:36:03",
concept_theme_8861e0d208d4,concept_theme_e50b98f2c853,embedding,0.671365,groq_batch_13r_outputs.normalized,"2026-04-07 12:36:03",
concept_theme_8861e0d208d4,concept_theme_ed51747319b1,embedding,0.649663,groq_batch_13r_outputs.normalized,"2026-04-07 12:36:03",
concept_theme_8861e0d208d4,concept_theme_e3c7bbb32f9f,embedding,0.648427,groq_batch_13r_outputs.normalized,"2026-04-07 12:36:03",
concept_theme_8861e0d208d4,concept_organization_b6a4497856e2,embedding,0.646868,groq_batch_13r_outputs.normalized,"2026-04-07 12:36:03",
concept_theme_8861e0d208d4,concept_theme_cef9a9c9abea,embedding,0.624702,groq_batch_13r_outputs.normalized,"2026-04-07 12:36:03",
concept_theme_8861e0d208d4,concept_theme_13ccca9acff4,embedding,0.623337,groq_batch_13r_outputs.normalized,"2026-04-07 12:36:03",
concept_organization_7cc7b8406153,concept_theme_93218682a633,embedding,0.753606,groq_batch_13r_outputs.normalized,"2026-04-07 12:36:03",
concept_organization_7cc7b8406153,concept_organization_813cfe2f8018,embedding,0.688288,groq_batch_13r_outputs.normalized,"2026-04-07 12:36:03",
concept_organization_7cc7b8406153,concept_organization_cc6183c7e6ae,embedding,0.688165,groq_batch_13r_outputs.normalized,"2026-04-07 12:36:03",
concept_organization_7cc7b8406153,concept_domain_79be89866d06,embedding,0.66017,groq_batch_13r_outputs.normalized,"2026-04-07 12:36:03",
concept_organization_7cc7b8406153,concept_organization_6fbd6e5190d5,embedding,0.642571,groq_batch_13r_outputs.normalized,"2026-04-07 12:36:03",
concept_organization_7cc7b8406153,concept_organization_2855bc13f39c,embedding,0.629763,groq_batch_13r_outputs.normalized,"2026-04-07 12:36:03",
concept_organization_7cc7b8406153,concept_concept_1fca78ffffb2,embedding,0.621943,groq_batch_13r_outputs.normalized,"2026-04-07 12:36:03",
concept_organization_7cc7b8406153,concept_concept_98398f0335f0,embedding,0.606431,groq_batch_13r_outputs.normalized,"2026-04-07 12:36:03",
concept_organization_96e1936d5f1d,concept_organization_cbf85a1b2a0c,embedding,0.672996,groq_batch_13r_outputs.normalized,"2026-04-07 12:36:03",
concept_organization_96e1936d5f1d,concept_theme_0b9c40adb718,embedding,0.632892,groq_batch_13r_outputs.normalized,"2026-04-07 12:36:03",
concept_organization_96e1936d5f1d,concept_organization_b6a4497856e2,embedding,0.62646,groq_batch_13r_outputs.normalized,"2026-04-07 12:36:03",
concept_organization_96e1936d5f1d,concept_organization_1ed16d4a9679,embedding,0.619151,groq_batch_13r_outputs.normalized,"2026-04-07 12:36:03",
concept_organization_96e1936d5f1d,concept_organization_813cfe2f8018,embedding,0.591227,groq_batch_13r_outputs.normalized,"2026-04-07 12:36:03",
concept_organization_96e1936d5f1d,concept_organization_cc6183c7e6ae,embedding,0.574241,groq_batch_13r_outputs.normalized,"2026-04-07 12:36:03",
concept_organization_96e1936d5f1d,concept_organization_2855bc13f39c,embedding,0.572368,groq_batch_13r_outputs.normalized,"2026-04-07 12:36:03",
concept_organization_96e1936d5f1d,concept_organization_7cc7b8406153,embedding,0.563452,groq_batch_13r_outputs.normalized,"2026-04-07 12:36:03",
concept_concept_74cf9f64233a,concept_organization_44d535644dc0,embedding,0.667694,groq_batch_13r_outputs.normalized,"2026-04-07 12:36:03",
concept_concept_74cf9f64233a,concept_concept_374ae172f793,embedding,0.650603,groq_batch_13r_outputs.normalized,"2026-04-07 12:36:03",
concept_concept_74cf9f64233a,concept_concept_98398f0335f0,embedding,0.648458,groq_batch_13r_outputs.normalized,"2026-04-07 12:36:03",
concept_concept_74cf9f64233a,concept_concept_1fca78ffffb2,embedding,0.646794,groq_batch_13r_outputs.normalized,"2026-04-07 12:36:03",
concept_concept_74cf9f64233a,concept_concept_e52dc1b5fbca,embedding,0.632019,groq_batch_13r_outputs.normalized,"2026-04-07 12:36:03",
concept_concept_74cf9f64233a,concept_organization_b6a4497856e2,embedding,0.604028,groq_batch_13r_outputs.normalized,"2026-04-07 12:36:03",
concept_concept_74cf9f64233a,concept_concept_5f55fef87c9c,embedding,0.596364,groq_batch_13r_outputs.normalized,"2026-04-07 12:36:03",
concept_concept_74cf9f64233a,concept_organization_813cfe2f8018,embedding,0.584308,groq_batch_13r_outputs.normalized,"2026-04-07 12:36:03",
concept_concept_374ae172f793,concept_organization_cc6183c7e6ae,embedding,0.727018,groq_batch_13r_outputs.normalized,"2026-04-07 12:36:03",
concept_concept_374ae172f793,concept_domain_a97f95cb9036,embedding,0.720611,groq_batch_13r_outputs.normalized,"2026-04-07 12:36:03",
concept_concept_374ae172f793,concept_project_b95862152ff3,embedding,0.68238,groq_batch_13r_outputs.normalized,"2026-04-07 12:36:03",
concept_concept_374ae172f793,concept_concept_d6d3aad7d086,embedding,0.672578,groq_batch_13r_outputs.normalized,"2026-04-07 12:36:03",
concept_concept_374ae172f793,concept_concept_1fca78ffffb2,embedding,0.652924,groq_batch_13r_outputs.normalized,"2026-04-07 12:36:03",
concept_concept_374ae172f793,concept_concept_74cf9f64233a,embedding,0.650603,groq_batch_13r_outputs.normalized,"2026-04-07 12:36:03",
concept_concept_374ae172f793,concept_framework_29712ae47db3,embedding,0.647273,groq_batch_13r_outputs.normalized,"2026-04-07 12:36:03",
concept_concept_374ae172f793,concept_concept_9faf2c5e903f,embedding,0.641108,groq_batch_13r_outputs.normalized,"2026-04-07 12:36:03",
concept_organization_cc6183c7e6ae,concept_concept_374ae172f793,embedding,0.727018,groq_batch_13r_outputs.normalized,"2026-04-07 12:36:03",
concept_organization_cc6183c7e6ae,concept_theme_0323cd1f92f0,embedding,0.722756,groq_batch_13r_outputs.normalized,"2026-04-07 12:36:03",
concept_organization_cc6183c7e6ae,concept_organization_6fbd6e5190d5,embedding,0.693419,groq_batch_13r_outputs.normalized,"2026-04-07 12:36:03",
concept_organization_cc6183c7e6ae,concept_organization_7cc7b8406153,embedding,0.688165,groq_batch_13r_outputs.normalized,"2026-04-07 12:36:03",
concept_organization_cc6183c7e6ae,concept_organization_1ed16d4a9679,embedding,0.684815,groq_batch_13r_outputs.normalized,"2026-04-07 12:36:03",
concept_organization_cc6183c7e6ae,concept_domain_c5e34dfeae31,embedding,0.672085,groq_batch_13r_outputs.normalized,"2026-04-07 12:36:03",
concept_organization_cc6183c7e6ae,concept_organization_813cfe2f8018,embedding,0.661193,groq_batch_13r_outputs.normalized,"2026-04-07 12:36:03",
concept_organization_cc6183c7e6ae,concept_domain_e8f8911d9105,embedding,0.648463,groq_batch_13r_outputs.normalized,"2026-04-07 12:36:03",
concept_organization_6fbd6e5190d5,concept_theme_cef9a9c9abea,embedding,0.700516,groq_batch_13r_outputs.normalized,"2026-04-07 12:36:03",
concept_organization_6fbd6e5190d5,concept_organization_cc6183c7e6ae,embedding,0.693419,groq_batch_13r_outputs.normalized,"2026-04-07 12:36:03",
concept_organization_6fbd6e5190d5,concept_organization_7cc7b8406153,embedding,0.642571,groq_batch_13r_outputs.normalized,"2026-04-07 12:36:03",
concept_organization_6fbd6e5190d5,concept_domain_c5e34dfeae31,embedding,0.608028,groq_batch_13r_outputs.normalized,"2026-04-07 12:36:03",
concept_organization_6fbd6e5190d5,concept_person_fe864868902c,embedding,0.603184,groq_batch_13r_outputs.normalized,"2026-04-07 12:36:03",
concept_organization_6fbd6e5190d5,concept_organization_813cfe2f8018,embedding,0.584905,groq_batch_13r_outputs.normalized,"2026-04-07 12:36:03",
concept_organization_6fbd6e5190d5,concept_organization_b6a4497856e2,embedding,0.564451,groq_batch_13r_outputs.normalized,"2026-04-07 12:36:03",
concept_organization_6fbd6e5190d5,concept_organization_1ed16d4a9679,embedding,0.563029,groq_batch_13r_outputs.normalized,"2026-04-07 12:36:03",
concept_organization_813cfe2f8018,concept_organization_7cc7b8406153,embedding,0.688288,groq_batch_13r_outputs.normalized,"2026-04-07 12:36:03",
concept_organization_813cfe2f8018,concept_organization_1ed16d4a9679,embedding,0.682421,groq_batch_13r_outputs.normalized,"2026-04-07 12:36:03",
concept_organization_813cfe2f8018,concept_theme_cde874366311,embedding,0.671361,groq_batch_13r_outputs.normalized,"2026-04-07 12:36:03",
concept_organization_813cfe2f8018,concept_organization_44d535644dc0,embedding,0.666378,groq_batch_13r_outputs.normalized,"2026-04-07 12:36:03",
concept_organization_813cfe2f8018,concept_organization_cc6183c7e6ae,embedding,0.661193,groq_batch_13r_outputs.normalized,"2026-04-07 12:36:03",
concept_organization_813cfe2f8018,concept_domain_79be89866d06,embedding,0.657983,groq_batch_13r_outputs.normalized,"2026-04-07 12:36:03",
concept_organization_813cfe2f8018,concept_example_2c80abdc7544,embedding,0.638002,groq_batch_13r_outputs.normalized,"2026-04-07 12:36:03",
concept_organization_813cfe2f8018,concept_concept_107a1b377f11,embedding,0.625855,groq_batch_13r_outputs.normalized,"2026-04-07 12:36:03",
concept_project_b95862152ff3,concept_concept_374ae172f793,embedding,0.68238,groq_batch_13r_outputs.normalized,"2026-04-07 12:36:03",
concept_project_b95862152ff3,concept_theme_e3c7bbb32f9f,embedding,0.609953,groq_batch_13r_outputs.normalized,"2026-04-07 12:36:03",
concept_project_b95862152ff3,concept_domain_a97f95cb9036,embedding,0.607218,groq_batch_13r_outputs.normalized,"2026-04-07 12:36:03",
concept_project_b95862152ff3,concept_organization_cc6183c7e6ae,embedding,0.583742,groq_batch_13r_outputs.normalized,"2026-04-07 12:36:03",
concept_project_b95862152ff3,concept_insight_470030ad4650,embedding,0.576107,groq_batch_13r_outputs.normalized,"2026-04-07 12:36:03",
concept_concept_5f55fef87c9c,concept_concept_937b9e6e0a5a,embedding,0.748252,groq_batch_13r_outputs.normalized,"2026-04-07 12:36:03",
concept_concept_5f55fef87c9c,concept_domain_56441dbefe7d,embedding,0.747767,groq_batch_13r_outputs.normalized,"2026-04-07 12:36:03",
concept_concept_5f55fef87c9c,concept_problem_9726a7d48915,embedding,0.686424,groq_batch_13r_outputs.normalized,"2026-04-07 12:36:03",
concept_concept_5f55fef87c9c,concept_framework_3edc9036275c,embedding,0.678477,groq_batch_13r_outputs.normalized,"2026-04-07 12:36:03",
concept_concept_5f55fef87c9c,concept_insight_358578146819,embedding,0.659374,groq_batch_13r_outputs.normalized,"2026-04-07 12:36:03",
concept_concept_5f55fef87c9c,concept_concept_1c2ff834fbcc,embedding,0.640019,groq_batch_13r_outputs.normalized,"2026-04-07 12:36:03",
concept_concept_5f55fef87c9c,concept_insight_86f642f3a4f2,embedding,0.636734,groq_batch_13r_outputs.normalized,"2026-04-07 12:36:03",
concept_concept_5f55fef87c9c,concept_concept_d6d3aad7d086,embedding,0.616499,groq_batch_13r_outputs.normalized,"2026-04-07 12:36:03",
concept_tool_4b55d9b84dce,concept_concept_937b9e6e0a5a,embedding,0.62101,groq_batch_13r_outputs.normalized,"2026-04-07 12:36:03",
concept_tool_4b55d9b84dce,concept_tool_95568d7edb44,embedding,0.618499,groq_batch_13r_outputs.normalized,"2026-04-07 12:36:03",
concept_tool_4b55d9b84dce,concept_insight_05aa6a7b8cdc,embedding,0.56515,groq_batch_13r_outputs.normalized,"2026-04-07 12:36:03",
concept_tool_4b55d9b84dce,concept_example_2c80abdc7544,embedding,0.554884,groq_batch_13r_outputs.normalized,"2026-04-07 12:36:03",
concept_tool_4b55d9b84dce,concept_problem_9726a7d48915,embedding,0.5545,groq_batch_13r_outputs.normalized,"2026-04-07 12:36:03",
concept_organization_b6a4497856e2,concept_organization_44d535644dc0,embedding,0.735009,groq_batch_13r_outputs.normalized,"2026-04-07 12:36:03",
concept_organization_b6a4497856e2,concept_theme_8861e0d208d4,embedding,0.646868,groq_batch_13r_outputs.normalized,"2026-04-07 12:36:03",
concept_organization_b6a4497856e2,concept_organization_cc6183c7e6ae,embedding,0.627827,groq_batch_13r_outputs.normalized,"2026-04-07 12:36:03",
concept_organization_b6a4497856e2,concept_organization_96e1936d5f1d,embedding,0.62646,groq_batch_13r_outputs.normalized,"2026-04-07 12:36:03",
concept_organization_b6a4497856e2,concept_organization_813cfe2f8018,embedding,0.615514,groq_batch_13r_outputs.normalized,"2026-04-07 12:36:03",
concept_organization_b6a4497856e2,concept_domain_c3b6f5840cc9,embedding,0.613258,groq_batch_13r_outputs.normalized,"2026-04-07 12:36:03",
concept_organization_b6a4497856e2,concept_concept_74cf9f64233a,embedding,0.604028,groq_batch_13r_outputs.normalized,"2026-04-07 12:36:03",
concept_organization_b6a4497856e2,concept_organization_1ed16d4a9679,embedding,0.603121,groq_batch_13r_outputs.normalized,"2026-04-07 12:36:03",
concept_example_2c80abdc7544,concept_theme_e50b98f2c853,embedding,0.776144,groq_batch_13r_outputs.normalized,"2026-04-07 12:36:03",
concept_example_2c80abdc7544,concept_organization_813cfe2f8018,embedding,0.638002,groq_batch_13r_outputs.normalized,"2026-04-07 12:36:03",
concept_example_2c80abdc7544,concept_theme_cde874366311,embedding,0.631745,groq_batch_13r_outputs.normalized,"2026-04-07 12:36:03",
concept_example_2c80abdc7544,concept_tool_4b55d9b84dce,embedding,0.554884,groq_batch_13r_outputs.normalized,"2026-04-07 12:36:03",
concept_tool_95568d7edb44,concept_tool_4b55d9b84dce,embedding,0.618499,groq_batch_13r_outputs.normalized,"2026-04-07 12:36:03",
concept_problem_9726a7d48915,concept_theme_13ccca9acff4,embedding,0.747803,groq_batch_13r_outputs.normalized,"2026-04-07 12:36:03",
concept_problem_9726a7d48915,concept_concept_937b9e6e0a5a,embedding,0.718601,groq_batch_13r_outputs.normalized,"2026-04-07 12:36:03",
concept_problem_9726a7d48915,concept_problem_afb69f59d25d,embedding,0.701526,groq_batch_13r_outputs.normalized,"2026-04-07 12:36:03",
concept_problem_9726a7d48915,concept_event_daae148806e2,embedding,0.688331,groq_batch_13r_outputs.normalized,"2026-04-07 12:36:03",
concept_problem_9726a7d48915,concept_concept_5f55fef87c9c,embedding,0.686424,groq_batch_13r_outputs.normalized,"2026-04-07 12:36:03",
concept_problem_9726a7d48915,concept_domain_56441dbefe7d,embedding,0.608321,groq_batch_13r_outputs.normalized,"2026-04-07 12:36:03",
concept_problem_9726a7d48915,concept_domain_2d54c8b8873f,embedding,0.591329,groq_batch_13r_outputs.normalized,"2026-04-07 12:36:03",
concept_problem_9726a7d48915,concept_theme_782e59f0fbcf,embedding,0.588365,groq_batch_13r_outputs.normalized,"2026-04-07 12:36:03",
concept_quote_a2986c10a43f,concept_quote_4210556eb91b,embedding,0.563412,groq_batch_13r_outputs.normalized,"2026-04-07 12:36:03",
concept_insight_e794810a13ef,concept_insight_470030ad4650,embedding,0.73359,groq_batch_13r_outputs.normalized,"2026-04-07 12:36:03",
concept_insight_e794810a13ef,concept_insight_ffa5d5a7b8cd,embedding,0.676527,groq_batch_13r_outputs.normalized,"2026-04-07 12:36:03",
concept_insight_e794810a13ef,concept_insight_66536b1e36a7,embedding,0.590233,groq_batch_13r_outputs.normalized,"2026-04-07 12:36:03",
concept_insight_e794810a13ef,concept_insight_0a53ef175f33,embedding,0.58731,groq_batch_13r_outputs.normalized,"2026-04-07 12:36:03",
concept_insight_e794810a13ef,concept_organization_7cc7b8406153,embedding,0.585766,groq_batch_13r_outputs.normalized,"2026-04-07 12:36:03",
concept_insight_e794810a13ef,concept_insight_1694192f1956,embedding,0.564068,groq_batch_13r_outputs.normalized,"2026-04-07 12:36:03",
concept_insight_e794810a13ef,concept_insight_7d335d1cb893,embedding,0.560603,groq_batch_13r_outputs.normalized,"2026-04-07 12:36:03",
concept_insight_66536b1e36a7,concept_insight_ffa5d5a7b8cd,embedding,0.675009,groq_batch_13r_outputs.normalized,"2026-04-07 12:36:03",
concept_insight_66536b1e36a7,concept_insight_e794810a13ef,embedding,0.590233,groq_batch_13r_outputs.normalized,"2026-04-07 12:36:03",
concept_insight_05aa6a7b8cdc,concept_insight_f2364366b111,embedding,0.644121,groq_batch_13r_outputs.normalized,"2026-04-07 12:36:03",
concept_insight_05aa6a7b8cdc,concept_insight_86f642f3a4f2,embedding,0.622496,groq_batch_13r_outputs.normalized,"2026-04-07 12:36:03",
concept_insight_05aa6a7b8cdc,concept_insight_08d14842ffcd,embedding,0.609917,groq_batch_13r_outputs.normalized,"2026-04-07 12:36:03",
concept_insight_05aa6a7b8cdc,concept_insight_28aeb1f16e83,embedding,0.608868,groq_batch_13r_outputs.normalized,"2026-04-07 12:36:03",
concept_insight_05aa6a7b8cdc,concept_insight_0a53ef175f33,embedding,0.601479,groq_batch_13r_outputs.normalized,"2026-04-07 12:36:03",
concept_insight_05aa6a7b8cdc,concept_insight_ce4295fce154,embedding,0.590266,groq_batch_13r_outputs.normalized,"2026-04-07 12:36:03",
concept_insight_05aa6a7b8cdc,concept_insight_cd0e0eb65e53,embedding,0.585261,groq_batch_13r_outputs.normalized,"2026-04-07 12:36:03",
concept_insight_05aa6a7b8cdc,concept_insight_ffa5d5a7b8cd,embedding,0.56965,groq_batch_13r_outputs.normalized,"2026-04-07 12:36:03",
concept_insight_470030ad4650,concept_insight_e794810a13ef,embedding,0.73359,groq_batch_13r_outputs.normalized,"2026-04-07 12:36:03",
concept_insight_470030ad4650,concept_insight_ffa5d5a7b8cd,embedding,0.706944,groq_batch_13r_outputs.normalized,"2026-04-07 12:36:03",
concept_insight_470030ad4650,concept_insight_358578146819,embedding,0.647648,groq_batch_13r_outputs.normalized,"2026-04-07 12:36:03",
concept_insight_470030ad4650,concept_insight_7d335d1cb893,embedding,0.588628,groq_batch_13r_outputs.normalized,"2026-04-07 12:36:03",
concept_insight_470030ad4650,concept_theme_e3c7bbb32f9f,embedding,0.588213,groq_batch_13r_outputs.normalized,"2026-04-07 12:36:03",
concept_insight_470030ad4650,concept_insight_0a53ef175f33,embedding,0.586984,groq_batch_13r_outputs.normalized,"2026-04-07 12:36:03",
concept_insight_470030ad4650,concept_concept_74cf9f64233a,embedding,0.580423,groq_batch_13r_outputs.normalized,"2026-04-07 12:36:03",
concept_insight_470030ad4650,concept_organization_44d535644dc0,embedding,0.578541,groq_batch_13r_outputs.normalized,"2026-04-07 12:36:03",
concept_insight_ffa5d5a7b8cd,concept_insight_470030ad4650,embedding,0.706944,groq_batch_13r_outputs.normalized,"2026-04-07 12:36:03",
concept_insight_ffa5d5a7b8cd,concept_theme_8861e0d208d4,embedding,0.692556,groq_batch_13r_outputs.normalized,"2026-04-07 12:36:03",
concept_insight_ffa5d5a7b8cd,concept_insight_e794810a13ef,embedding,0.676527,groq_batch_13r_outputs.normalized,"2026-04-07 12:36:03",
concept_insight_ffa5d5a7b8cd,concept_insight_66536b1e36a7,embedding,0.675009,groq_batch_13r_outputs.normalized,"2026-04-07 12:36:03",
concept_insight_ffa5d5a7b8cd,concept_insight_358578146819,embedding,0.604202,groq_batch_13r_outputs.normalized,"2026-04-07 12:36:03",
concept_insight_ffa5d5a7b8cd,concept_theme_cde874366311,embedding,0.589873,groq_batch_13r_outputs.normalized,"2026-04-07 12:36:03",
concept_insight_ffa5d5a7b8cd,concept_insight_05aa6a7b8cdc,embedding,0.56965,groq_batch_13r_outputs.normalized,"2026-04-07 12:36:03",
concept_insight_ffa5d5a7b8cd,concept_organization_b6a4497856e2,embedding,0.566135,groq_batch_13r_outputs.normalized,"2026-04-07 12:36:03",
concept_domain_bdad25e4cd05,concept_domain_ec0eb439899e,embedding,0.816883,groq_batch_13r_outputs.normalized,"2026-04-07 12:36:03",
concept_domain_bdad25e4cd05,concept_domain_fe3d1148f3ef,embedding,0.804934,groq_batch_13r_outputs.normalized,"2026-04-07 12:36:03",
concept_domain_bdad25e4cd05,concept_domain_79be89866d06,embedding,0.762916,groq_batch_13r_outputs.normalized,"2026-04-07 12:36:03",
concept_domain_bdad25e4cd05,concept_domain_c5e34dfeae31,embedding,0.746683,groq_batch_13r_outputs.normalized,"2026-04-07 12:36:03",
concept_domain_bdad25e4cd05,concept_domain_e8f8911d9105,embedding,0.741621,groq_batch_13r_outputs.normalized,"2026-04-07 12:36:03",
concept_domain_bdad25e4cd05,concept_domain_caee2af76561,embedding,0.738997,groq_batch_13r_outputs.normalized,"2026-04-07 12:36:03",
concept_domain_bdad25e4cd05,concept_domain_10549d935983,embedding,0.738238,groq_batch_13r_outputs.normalized,"2026-04-07 12:36:03",
concept_domain_bdad25e4cd05,concept_domain_232eb9300d28,embedding,0.709181,groq_batch_13r_outputs.normalized,"2026-04-07 12:36:03",
concept_domain_1847ca18206c,concept_domain_1602bd03169f,embedding,0.684181,groq_batch_13r_outputs.normalized,"2026-04-07 12:36:03",
concept_domain_1847ca18206c,concept_domain_5326cf49f80e,embedding,0.677413,groq_batch_13r_outputs.normalized,"2026-04-07 12:36:03",
concept_domain_1847ca18206c,concept_domain_cee803d4cfc3,embedding,0.6659,groq_batch_13r_outputs.normalized,"2026-04-07 12:36:03",
concept_domain_1847ca18206c,concept_domain_e70a7d890fdc,embedding,0.665707,groq_batch_13r_outputs.normalized,"2026-04-07 12:36:03",
concept_domain_1847ca18206c,concept_domain_86d37f6c96c1,embedding,0.660753,groq_batch_13r_outputs.normalized,"2026-04-07 12:36:03",
concept_domain_1847ca18206c,concept_domain_0cb9c36cb6da,embedding,0.646521,groq_batch_13r_outputs.normalized,"2026-04-07 12:36:03",
concept_domain_1847ca18206c,concept_domain_fe3d1148f3ef,embedding,0.645027,groq_batch_13r_outputs.normalized,"2026-04-07 12:36:03",
concept_domain_1847ca18206c,concept_domain_10549d935983,embedding,0.641533,groq_batch_13r_outputs.normalized,"2026-04-07 12:36:03",
concept_domain_bb3345625297,concept_domain_1602bd03169f,embedding,0.812587,groq_batch_13r_outputs.normalized,"2026-04-07 12:36:03",
concept_domain_bb3345625297,concept_domain_cae9453bc958,embedding,0.79109,groq_batch_13r_outputs.normalized,"2026-04-07 12:36:03",
concept_domain_bb3345625297,concept_domain_5263cb23e03c,embedding,0.743199,groq_batch_13r_outputs.normalized,"2026-04-07 12:36:03",
concept_domain_bb3345625297,concept_domain_7049e80c45da,embedding,0.709401,groq_batch_13r_outputs.normalized,"2026-04-07 12:36:03",
concept_domain_bb3345625297,concept_domain_c8b3347b1708,embedding,0.701884,groq_batch_13r_outputs.normalized,"2026-04-07 12:36:03",
concept_domain_bb3345625297,concept_domain_86d37f6c96c1,embedding,0.697372,groq_batch_13r_outputs.normalized,"2026-04-07 12:36:03",
concept_domain_bb3345625297,concept_domain_232eb9300d28,embedding,0.681238,groq_batch_13r_outputs.normalized,"2026-04-07 12:36:03",
concept_domain_bb3345625297,concept_domain_ec0eb439899e,embedding,0.676702,groq_batch_13r_outputs.normalized,"2026-04-07 12:36:03",
concept_domain_c8b3347b1708,concept_domain_5263cb23e03c,embedding,0.777266,groq_batch_13r_outputs.normalized,"2026-04-07 12:36:04",
concept_domain_c8b3347b1708,concept_domain_1602bd03169f,embedding,0.760061,groq_batch_13r_outputs.normalized,"2026-04-07 12:36:04",
concept_domain_c8b3347b1708,concept_domain_ac24a4eaffb5,embedding,0.705584,groq_batch_13r_outputs.normalized,"2026-04-07 12:36:04",
concept_domain_c8b3347b1708,concept_domain_bb3345625297,embedding,0.701884,groq_batch_13r_outputs.normalized,"2026-04-07 12:36:04",
concept_domain_c8b3347b1708,concept_domain_cae9453bc958,embedding,0.680912,groq_batch_13r_outputs.normalized,"2026-04-07 12:36:04",
concept_domain_c8b3347b1708,concept_domain_ec0eb439899e,embedding,0.672134,groq_batch_13r_outputs.normalized,"2026-04-07 12:36:04",
concept_domain_c8b3347b1708,concept_domain_7049e80c45da,embedding,0.658782,groq_batch_13r_outputs.normalized,"2026-04-07 12:36:04",
concept_domain_c8b3347b1708,concept_domain_caee2af76561,embedding,0.65447,groq_batch_13r_outputs.normalized,"2026-04-07 12:36:04",
concept_theme_b72038f5164d,concept_theme_6e012f9ac3a8,embedding,0.713903,groq_batch_13r_outputs.normalized,"2026-04-07 12:36:04",
concept_theme_b72038f5164d,concept_concept_7091d2715a81,embedding,0.641054,groq_batch_13r_outputs.normalized,"2026-04-07 12:36:04",
concept_theme_b72038f5164d,concept_theme_f4d50e998dcc,embedding,0.629497,groq_batch_13r_outputs.normalized,"2026-04-07 12:36:04",
concept_theme_b72038f5164d,concept_theme_1d264c8c4e5a,embedding,0.600146,groq_batch_13r_outputs.normalized,"2026-04-07 12:36:04",
concept_theme_b72038f5164d,concept_theme_f636fcc71916,embedding,0.597214,groq_batch_13r_outputs.normalized,"2026-04-07 12:36:04",
concept_theme_b72038f5164d,concept_theme_b92bec05333d,embedding,0.586245,groq_batch_13r_outputs.normalized,"2026-04-07 12:36:04",
concept_theme_b72038f5164d,concept_theme_70047803e06e,embedding,0.577056,groq_batch_13r_outputs.normalized,"2026-04-07 12:36:04",
concept_theme_b72038f5164d,concept_theme_38b944c29632,embedding,0.573116,groq_batch_13r_outputs.normalized,"2026-04-07 12:36:04",
concept_theme_fb865f5891ae,concept_framework_337240a96f40,embedding,0.908011,groq_batch_13r_outputs.normalized,"2026-04-07 12:36:04",
concept_theme_fb865f5891ae,concept_theme_9edcea900bda,embedding,0.676121,groq_batch_13r_outputs.normalized,"2026-04-07 12:36:04",
concept_theme_fb865f5891ae,concept_theme_6e012f9ac3a8,embedding,0.671289,groq_batch_13r_outputs.normalized,"2026-04-07 12:36:04",
concept_theme_fb865f5891ae,concept_theme_e4e20b6dd893,embedding,0.665806,groq_batch_13r_outputs.normalized,"2026-04-07 12:36:04",
concept_theme_fb865f5891ae,concept_theme_f4d50e998dcc,embedding,0.634525,groq_batch_13r_outputs.normalized,"2026-04-07 12:36:04",
concept_theme_fb865f5891ae,concept_concept_d6d3aad7d086,embedding,0.615496,groq_batch_13r_outputs.normalized,"2026-04-07 12:36:04",
concept_theme_fb865f5891ae,concept_theme_ef4a5f63202e,embedding,0.611695,groq_batch_13r_outputs.normalized,"2026-04-07 12:36:04",
concept_theme_fb865f5891ae,concept_framework_29712ae47db3,embedding,0.605674,groq_batch_13r_outputs.normalized,"2026-04-07 12:36:04",
concept_theme_4c07c6742963,concept_tool_d37deb11ab4f,embedding,0.809191,groq_batch_13r_outputs.normalized,"2026-04-07 12:36:04",
concept_theme_4c07c6742963,concept_theme_4a9f91d1240d,embedding,0.704297,groq_batch_13r_outputs.normalized,"2026-04-07 12:36:04",
concept_theme_4c07c6742963,concept_theme_1d264c8c4e5a,embedding,0.663104,groq_batch_13r_outputs.normalized,"2026-04-07 12:36:04",
concept_theme_4c07c6742963,concept_theme_6e012f9ac3a8,embedding,0.610778,groq_batch_13r_outputs.normalized,"2026-04-07 12:36:04",
concept_theme_4c07c6742963,concept_insight_3bfd9524af0f,embedding,0.59287,groq_batch_13r_outputs.normalized,"2026-04-07 12:36:04",
concept_theme_4c07c6742963,concept_theme_f4d50e998dcc,embedding,0.58932,groq_batch_13r_outputs.normalized,"2026-04-07 12:36:04",
concept_theme_4c07c6742963,concept_theme_fb865f5891ae,embedding,0.588624,groq_batch_13r_outputs.normalized,"2026-04-07 12:36:04",
concept_theme_4c07c6742963,concept_theme_e2d0e38cfde1,embedding,0.587059,groq_batch_13r_outputs.normalized,"2026-04-07 12:36:04",
concept_theme_6e012f9ac3a8,concept_theme_b72038f5164d,embedding,0.713903,groq_batch_13r_outputs.normalized,"2026-04-07 12:36:04",
concept_theme_6e012f9ac3a8,concept_theme_f636fcc71916,embedding,0.686428,groq_batch_13r_outputs.normalized,"2026-04-07 12:36:04",
concept_theme_6e012f9ac3a8,concept_theme_e4e20b6dd893,embedding,0.679453,groq_batch_13r_outputs.normalized,"2026-04-07 12:36:04",
concept_theme_6e012f9ac3a8,concept_theme_fb865f5891ae,embedding,0.671289,groq_batch_13r_outputs.normalized,"2026-04-07 12:36:04",
concept_theme_6e012f9ac3a8,concept_theme_4a9f91d1240d,embedding,0.658226,groq_batch_13r_outputs.normalized,"2026-04-07 12:36:04",
concept_theme_6e012f9ac3a8,concept_theme_43c39021bb74,embedding,0.650137,groq_batch_13r_outputs.normalized,"2026-04-07 12:36:04",
concept_theme_6e012f9ac3a8,concept_theme_70047803e06e,embedding,0.643537,groq_batch_13r_outputs.normalized,"2026-04-07 12:36:04",
concept_theme_6e012f9ac3a8,concept_theme_f4d50e998dcc,embedding,0.642993,groq_batch_13r_outputs.normalized,"2026-04-07 12:36:04",
concept_theme_483da91bb614,concept_tool_2b77fd0c6864,embedding,0.875086,groq_batch_13r_outputs.normalized,"2026-04-07 12:36:04",
concept_theme_483da91bb614,concept_theme_7df4f3e3d80b,embedding,0.578463,groq_batch_13r_outputs.normalized,"2026-04-07 12:36:04",
concept_theme_483da91bb614,concept_concept_dc6ee4cdb9aa,embedding,0.570378,groq_batch_13r_outputs.normalized,"2026-04-07 12:36:04",
concept_theme_483da91bb614,concept_insight_75611bbe455c,embedding,0.562635,groq_batch_13r_outputs.normalized,"2026-04-07 12:36:04",
concept_theme_4a9f91d1240d,concept_theme_4c07c6742963,embedding,0.704297,groq_batch_13r_outputs.normalized,"2026-04-07 12:36:04",
concept_theme_4a9f91d1240d,concept_insight_3bfd9524af0f,embedding,0.693902,groq_batch_13r_outputs.normalized,"2026-04-07 12:36:04",
concept_theme_4a9f91d1240d,concept_tool_c1c12d49d1e0,embedding,0.674449,groq_batch_13r_outputs.normalized,"2026-04-07 12:36:04",
concept_theme_4a9f91d1240d,concept_theme_1d264c8c4e5a,embedding,0.672379,groq_batch_13r_outputs.normalized,"2026-04-07 12:36:04",
concept_theme_4a9f91d1240d,concept_theme_6e012f9ac3a8,embedding,0.658226,groq_batch_13r_outputs.normalized,"2026-04-07 12:36:04",
concept_theme_4a9f91d1240d,concept_theme_180e409bd4e6,embedding,0.627481,groq_batch_13r_outputs.normalized,"2026-04-07 12:36:04",
concept_theme_4a9f91d1240d,concept_theme_f4d50e998dcc,embedding,0.617954,groq_batch_13r_outputs.normalized,"2026-04-07 12:36:04",
concept_theme_4a9f91d1240d,concept_theme_e4e20b6dd893,embedding,0.609778,groq_batch_13r_outputs.normalized,"2026-04-07 12:36:04",
concept_concept_7091d2715a81,concept_concept_98398f0335f0,embedding,0.763759,groq_batch_13r_outputs.normalized,"2026-04-07 12:36:04",
concept_concept_7091d2715a81,concept_concept_1fca78ffffb2,embedding,0.758793,groq_batch_13r_outputs.normalized,"2026-04-07 12:36:04",
concept_concept_7091d2715a81,concept_concept_e52dc1b5fbca,embedding,0.755761,groq_batch_13r_outputs.normalized,"2026-04-07 12:36:04",
concept_concept_7091d2715a81,concept_concept_ddc45b4288a0,embedding,0.722492,groq_batch_13r_outputs.normalized,"2026-04-07 12:36:04",
concept_concept_7091d2715a81,concept_concept_9faf2c5e903f,embedding,0.712662,groq_batch_13r_outputs.normalized,"2026-04-07 12:36:04",
concept_concept_7091d2715a81,concept_concept_d6d3aad7d086,embedding,0.707963,groq_batch_13r_outputs.normalized,"2026-04-07 12:36:04",
concept_concept_7091d2715a81,concept_concept_937b9e6e0a5a,embedding,0.679508,groq_batch_13r_outputs.normalized,"2026-04-07 12:36:04",
concept_concept_7091d2715a81,concept_concept_371b6e7c4c93,embedding,0.677169,groq_batch_13r_outputs.normalized,"2026-04-07 12:36:04",
concept_concept_dc6ee4cdb9aa,concept_concept_3e383ae2717e,embedding,0.745833,groq_batch_13r_outputs.normalized,"2026-04-07 12:36:04",
concept_concept_dc6ee4cdb9aa,concept_concept_d6d3aad7d086,embedding,0.737595,groq_batch_13r_outputs.normalized,"2026-04-07 12:36:04",
concept_concept_dc6ee4cdb9aa,concept_concept_65b51cb5f8d8,embedding,0.675456,groq_batch_13r_outputs.normalized,"2026-04-07 12:36:04",
concept_concept_dc6ee4cdb9aa,concept_concept_e52dc1b5fbca,embedding,0.646377,groq_batch_13r_outputs.normalized,"2026-04-07 12:36:04",
concept_concept_dc6ee4cdb9aa,concept_concept_98398f0335f0,embedding,0.646217,groq_batch_13r_outputs.normalized,"2026-04-07 12:36:04",
concept_concept_dc6ee4cdb9aa,concept_concept_1fca78ffffb2,embedding,0.64589,groq_batch_13r_outputs.normalized,"2026-04-07 12:36:04",
concept_concept_dc6ee4cdb9aa,concept_concept_6eee5f5be857,embedding,0.638857,groq_batch_13r_outputs.normalized,"2026-04-07 12:36:04",
concept_concept_dc6ee4cdb9aa,concept_concept_937b9e6e0a5a,embedding,0.635473,groq_batch_13r_outputs.normalized,"2026-04-07 12:36:04",
concept_framework_337240a96f40,concept_theme_fb865f5891ae,embedding,0.908011,groq_batch_13r_outputs.normalized,"2026-04-07 12:36:04",
concept_framework_337240a96f40,concept_framework_29712ae47db3,embedding,0.68505,groq_batch_13r_outputs.normalized,"2026-04-07 12:36:04",
concept_framework_337240a96f40,concept_concept_d6d3aad7d086,embedding,0.647409,groq_batch_13r_outputs.normalized,"2026-04-07 12:36:04",
concept_framework_337240a96f40,concept_concept_9faf2c5e903f,embedding,0.6454,groq_batch_13r_outputs.normalized,"2026-04-07 12:36:04",
concept_framework_337240a96f40,concept_concept_98398f0335f0,embedding,0.632783,groq_batch_13r_outputs.normalized,"2026-04-07 12:36:04",
concept_framework_337240a96f40,concept_concept_1fca78ffffb2,embedding,0.623165,groq_batch_13r_outputs.normalized,"2026-04-07 12:36:04",
concept_framework_337240a96f40,concept_concept_e52dc1b5fbca,embedding,0.621461,groq_batch_13r_outputs.normalized,"2026-04-07 12:36:04",
concept_framework_337240a96f40,concept_concept_7091d2715a81,embedding,0.616449,groq_batch_13r_outputs.normalized,"2026-04-07 12:36:04",
concept_tool_d37deb11ab4f,concept_theme_4c07c6742963,embedding,0.809191,groq_batch_13r_outputs.normalized,"2026-04-07 12:36:04",
concept_tool_d37deb11ab4f,concept_insight_3bfd9524af0f,embedding,0.63115,groq_batch_13r_outputs.normalized,"2026-04-07 12:36:04",
concept_tool_d37deb11ab4f,concept_tool_f9f6546dfe8a,embedding,0.602088,groq_batch_13r_outputs.normalized,"2026-04-07 12:36:04",
concept_tool_d37deb11ab4f,concept_project_8b776f795fa9,embedding,0.578167,groq_batch_13r_outputs.normalized,"2026-04-07 12:36:04",
concept_tool_d37deb11ab4f,concept_insight_04f1c99b727c,embedding,0.574697,groq_batch_13r_outputs.normalized,"2026-04-07 12:36:04",
concept_tool_d37deb11ab4f,concept_insight_ce4295fce154,embedding,0.57183,groq_batch_13r_outputs.normalized,"2026-04-07 12:36:04",
concept_tool_c1c12d49d1e0,concept_theme_4a9f91d1240d,embedding,0.674449,groq_batch_13r_outputs.normalized,"2026-04-07 12:36:04",
concept_tool_c1c12d49d1e0,concept_insight_3bfd9524af0f,embedding,0.648554,groq_batch_13r_outputs.normalized,"2026-04-07 12:36:04",
concept_tool_2b77fd0c6864,concept_theme_483da91bb614,embedding,0.875086,groq_batch_13r_outputs.normalized,"2026-04-07 12:36:04",
concept_tool_2b77fd0c6864,concept_concept_dc6ee4cdb9aa,embedding,0.607799,groq_batch_13r_outputs.normalized,"2026-04-07 12:36:04",
concept_tool_2b77fd0c6864,concept_concept_3e383ae2717e,embedding,0.583366,groq_batch_13r_outputs.normalized,"2026-04-07 12:36:04",
concept_tool_2b77fd0c6864,concept_concept_5f55fef87c9c,embedding,0.573934,groq_batch_13r_outputs.normalized,"2026-04-07 12:36:04",
concept_tool_2b77fd0c6864,concept_insight_75611bbe455c,embedding,0.56572,groq_batch_13r_outputs.normalized,"2026-04-07 12:36:04",
concept_tool_f9f6546dfe8a,concept_domain_c8b3347b1708,embedding,0.653911,groq_batch_13r_outputs.normalized,"2026-04-07 12:36:04",
concept_tool_f9f6546dfe8a,concept_tool_d37deb11ab4f,embedding,0.602088,groq_batch_13r_outputs.normalized,"2026-04-07 12:36:04",
concept_tool_7e4ff8ddf3e5,concept_theme_6e012f9ac3a8,embedding,0.599451,groq_batch_13r_outputs.normalized,"2026-04-07 12:36:04",
concept_problem_546dd49ff145,concept_problem_b762584fbc70,embedding,0.770478,groq_batch_13r_outputs.normalized,"2026-04-07 12:36:04",
concept_problem_546dd49ff145,concept_concept_7091d2715a81,embedding,0.611654,groq_batch_13r_outputs.normalized,"2026-04-07 12:36:04",
concept_problem_546dd49ff145,concept_problem_2e23b0c031cb,embedding,0.602059,groq_batch_13r_outputs.normalized,"2026-04-07 12:36:04",
concept_problem_546dd49ff145,concept_problem_7e804a096195,embedding,0.595565,groq_batch_13r_outputs.normalized,"2026-04-07 12:36:04",
concept_problem_546dd49ff145,concept_problem_afb69f59d25d,embedding,0.583385,groq_batch_13r_outputs.normalized,"2026-04-07 12:36:04",
concept_problem_546dd49ff145,concept_concept_e52dc1b5fbca,embedding,0.581558,groq_batch_13r_outputs.normalized,"2026-04-07 12:36:04",
concept_problem_546dd49ff145,concept_event_cabbaa68cbfe,embedding,0.579679,groq_batch_13r_outputs.normalized,"2026-04-07 12:36:04",
concept_problem_546dd49ff145,concept_concept_98398f0335f0,embedding,0.576577,groq_batch_13r_outputs.normalized,"2026-04-07 12:36:04",
concept_problem_b762584fbc70,concept_problem_546dd49ff145,embedding,0.770478,groq_batch_13r_outputs.normalized,"2026-04-07 12:36:04",
concept_problem_b762584fbc70,concept_insight_04f1c99b727c,embedding,0.624046,groq_batch_13r_outputs.normalized,"2026-04-07 12:36:04",
concept_problem_b762584fbc70,concept_event_20b4a47b8b62,embedding,0.558556,groq_batch_13r_outputs.normalized,"2026-04-07 12:36:04",
concept_problem_b762584fbc70,concept_problem_9726a7d48915,embedding,0.554784,groq_batch_13r_outputs.normalized,"2026-04-07 12:36:04",
concept_person_1b6312ede318,concept_person_7694d49afe8d,embedding,0.614236,groq_batch_13r_outputs.normalized,"2026-04-07 12:36:04",
concept_person_1b6312ede318,concept_person_ac4b64acdfab,embedding,0.605792,groq_batch_13r_outputs.normalized,"2026-04-07 12:36:04",
concept_person_1b6312ede318,concept_person_e44b6c0c3af3,embedding,0.597569,groq_batch_13r_outputs.normalized,"2026-04-07 12:36:04",
concept_person_1b6312ede318,concept_person_8240af5ee220,embedding,0.580059,groq_batch_13r_outputs.normalized,"2026-04-07 12:36:04",
concept_person_1b6312ede318,concept_person_da9b195bd690,embedding,0.576067,groq_batch_13r_outputs.normalized,"2026-04-07 12:36:04",
concept_person_1b6312ede318,concept_person_a334dbd6bdf5,embedding,0.569099,groq_batch_13r_outputs.normalized,"2026-04-07 12:36:04",
concept_person_1b6312ede318,concept_person_04f6a21252a0,embedding,0.551675,groq_batch_13r_outputs.normalized,"2026-04-07 12:36:04",
concept_example_fc8aca7c31c2,concept_concept_e52dc1b5fbca,embedding,0.700641,groq_batch_13r_outputs.normalized,"2026-04-07 12:36:04",
concept_example_fc8aca7c31c2,concept_concept_98398f0335f0,embedding,0.683401,groq_batch_13r_outputs.normalized,"2026-04-07 12:36:04",
concept_example_fc8aca7c31c2,concept_example_c32515ff90e8,embedding,0.674011,groq_batch_13r_outputs.normalized,"2026-04-07 12:36:04",
concept_example_fc8aca7c31c2,concept_concept_1fca78ffffb2,embedding,0.67352,groq_batch_13r_outputs.normalized,"2026-04-07 12:36:04",
concept_example_fc8aca7c31c2,concept_example_002bbaf681b5,embedding,0.644681,groq_batch_13r_outputs.normalized,"2026-04-07 12:36:04",
concept_example_fc8aca7c31c2,concept_concept_7091d2715a81,embedding,0.644278,groq_batch_13r_outputs.normalized,"2026-04-07 12:36:04",
concept_example_fc8aca7c31c2,concept_concept_9faf2c5e903f,embedding,0.621519,groq_batch_13r_outputs.normalized,"2026-04-07 12:36:04",
concept_example_fc8aca7c31c2,concept_concept_371b6e7c4c93,embedding,0.618198,groq_batch_13r_outputs.normalized,"2026-04-07 12:36:04",
concept_example_c32515ff90e8,concept_example_fc8aca7c31c2,embedding,0.674011,groq_batch_13r_outputs.normalized,"2026-04-07 12:36:04",
concept_example_c32515ff90e8,concept_concept_d6d3aad7d086,embedding,0.580921,groq_batch_13r_outputs.normalized,"2026-04-07 12:36:04",
concept_example_c32515ff90e8,concept_concept_98398f0335f0,embedding,0.57974,groq_batch_13r_outputs.normalized,"2026-04-07 12:36:04",
concept_example_c32515ff90e8,concept_concept_e52dc1b5fbca,embedding,0.566355,groq_batch_13r_outputs.normalized,"2026-04-07 12:36:04",
concept_example_c32515ff90e8,concept_concept_1fca78ffffb2,embedding,0.561993,groq_batch_13r_outputs.normalized,"2026-04-07 12:36:04",
concept_example_c32515ff90e8,concept_example_002bbaf681b5,embedding,0.556278,groq_batch_13r_outputs.normalized,"2026-04-07 12:36:04",
concept_example_c32515ff90e8,concept_concept_7091d2715a81,embedding,0.552967,groq_batch_13r_outputs.normalized,"2026-04-07 12:36:04",
concept_technique_592905ca697c,concept_insight_2abca14dbe74,embedding,0.742277,groq_batch_13r_outputs.normalized,"2026-04-07 12:36:04",
concept_project_8b776f795fa9,concept_concept_d6d3aad7d086,embedding,0.623384,groq_batch_13r_outputs.normalized,"2026-04-07 12:36:04",
concept_project_8b776f795fa9,concept_theme_ef2718110e9e,embedding,0.588495,groq_batch_13r_outputs.normalized,"2026-04-07 12:36:04",
concept_project_8b776f795fa9,concept_insight_04f1c99b727c,embedding,0.579289,groq_batch_13r_outputs.normalized,"2026-04-07 12:36:04",
concept_project_8b776f795fa9,concept_tool_d37deb11ab4f,embedding,0.578167,groq_batch_13r_outputs.normalized,"2026-04-07 12:36:04",
concept_project_8b776f795fa9,concept_insight_8e442199e39c,embedding,0.569641,groq_batch_13r_outputs.normalized,"2026-04-07 12:36:04",
concept_project_8b776f795fa9,concept_theme_4a9f91d1240d,embedding,0.56378,groq_batch_13r_outputs.normalized,"2026-04-07 12:36:04",
concept_project_8b776f795fa9,concept_insight_d6c851d169ce,embedding,0.561147,groq_batch_13r_outputs.normalized,"2026-04-07 12:36:04",
concept_project_8b776f795fa9,concept_concept_dc6ee4cdb9aa,embedding,0.559862,groq_batch_13r_outputs.normalized,"2026-04-07 12:36:04",
concept_insight_08d14842ffcd,concept_insight_9a7172f1d8c8,embedding,0.745864,groq_batch_13r_outputs.normalized,"2026-04-07 12:36:04",
concept_insight_08d14842ffcd,concept_insight_0a53ef175f33,embedding,0.697753,groq_batch_13r_outputs.normalized,"2026-04-07 12:36:04",
concept_insight_08d14842ffcd,concept_insight_e824b5e21e39,embedding,0.689433,groq_batch_13r_outputs.normalized,"2026-04-07 12:36:04",
concept_insight_08d14842ffcd,concept_insight_8e442199e39c,embedding,0.688412,groq_batch_13r_outputs.normalized,"2026-04-07 12:36:04",
concept_insight_08d14842ffcd,concept_insight_92d0dd7ca5aa,embedding,0.686667,groq_batch_13r_outputs.normalized,"2026-04-07 12:36:04",
concept_insight_08d14842ffcd,concept_insight_36696f32b8cc,embedding,0.683758,groq_batch_13r_outputs.normalized,"2026-04-07 12:36:04",
concept_insight_08d14842ffcd,concept_insight_399c32fa40c8,embedding,0.674966,groq_batch_13r_outputs.normalized,"2026-04-07 12:36:04",
concept_insight_08d14842ffcd,concept_insight_8e7d70cde12a,embedding,0.670467,groq_batch_13r_outputs.normalized,"2026-04-07 12:36:04",
concept_insight_9a7172f1d8c8,concept_insight_08d14842ffcd,embedding,0.745864,groq_batch_13r_outputs.normalized,"2026-04-07 12:36:04",
concept_insight_9a7172f1d8c8,concept_insight_0a53ef175f33,embedding,0.734311,groq_batch_13r_outputs.normalized,"2026-04-07 12:36:04",
concept_insight_9a7172f1d8c8,concept_insight_8e7d70cde12a,embedding,0.732543,groq_batch_13r_outputs.normalized,"2026-04-07 12:36:04",
concept_insight_9a7172f1d8c8,concept_insight_399c32fa40c8,embedding,0.698301,groq_batch_13r_outputs.normalized,"2026-04-07 12:36:04",
concept_insight_9a7172f1d8c8,concept_insight_c42806f310cf,embedding,0.649609,groq_batch_13r_outputs.normalized,"2026-04-07 12:36:04",
concept_insight_9a7172f1d8c8,concept_concept_7091d2715a81,embedding,0.642501,groq_batch_13r_outputs.normalized,"2026-04-07 12:36:04",
concept_insight_9a7172f1d8c8,concept_insight_2abca14dbe74,embedding,0.626189,groq_batch_13r_outputs.normalized,"2026-04-07 12:36:04",
concept_insight_9a7172f1d8c8,concept_insight_3bfd9524af0f,embedding,0.607479,groq_batch_13r_outputs.normalized,"2026-04-07 12:36:04",
concept_insight_75611bbe455c,concept_insight_28aeb1f16e83,embedding,0.640775,groq_batch_13r_outputs.normalized,"2026-04-07 12:36:04",
concept_insight_75611bbe455c,concept_insight_8e7d70cde12a,embedding,0.615361,groq_batch_13r_outputs.normalized,"2026-04-07 12:36:04",
concept_insight_75611bbe455c,concept_insight_86f642f3a4f2,embedding,0.603385,groq_batch_13r_outputs.normalized,"2026-04-07 12:36:04",
concept_insight_75611bbe455c,concept_insight_d6c851d169ce,embedding,0.599772,groq_batch_13r_outputs.normalized,"2026-04-07 12:36:04",
concept_insight_75611bbe455c,concept_insight_b17947dfee84,embedding,0.57611,groq_batch_13r_outputs.normalized,"2026-04-07 12:36:04",
concept_insight_75611bbe455c,concept_insight_ce4295fce154,embedding,0.576084,groq_batch_13r_outputs.normalized,"2026-04-07 12:36:04",
concept_insight_75611bbe455c,concept_insight_8e442199e39c,embedding,0.573218,groq_batch_13r_outputs.normalized,"2026-04-07 12:36:04",
concept_insight_75611bbe455c,concept_insight_ed5297310728,embedding,0.566633,groq_batch_13r_outputs.normalized,"2026-04-07 12:36:04",
concept_insight_3bfd9524af0f,concept_theme_4a9f91d1240d,embedding,0.693902,groq_batch_13r_outputs.normalized,"2026-04-07 12:36:04",
concept_insight_3bfd9524af0f,concept_tool_c1c12d49d1e0,embedding,0.648554,groq_batch_13r_outputs.normalized,"2026-04-07 12:36:04",
concept_insight_3bfd9524af0f,concept_tool_d37deb11ab4f,embedding,0.63115,groq_batch_13r_outputs.normalized,"2026-04-07 12:36:04",
concept_insight_3bfd9524af0f,concept_insight_9a7172f1d8c8,embedding,0.607479,groq_batch_13r_outputs.normalized,"2026-04-07 12:36:04",
concept_insight_3bfd9524af0f,concept_insight_ce4295fce154,embedding,0.598361,groq_batch_13r_outputs.normalized,"2026-04-07 12:36:04",
concept_insight_3bfd9524af0f,concept_theme_4c07c6742963,embedding,0.59287,groq_batch_13r_outputs.normalized,"2026-04-07 12:36:04",
concept_insight_3bfd9524af0f,concept_insight_08d14842ffcd,embedding,0.592498,groq_batch_13r_outputs.normalized,"2026-04-07 12:36:04",
concept_insight_3bfd9524af0f,concept_insight_04f1c99b727c,embedding,0.574585,groq_batch_13r_outputs.normalized,"2026-04-07 12:36:04",
concept_insight_399c32fa40c8,concept_insight_9a7172f1d8c8,embedding,0.698301,groq_batch_13r_outputs.normalized,"2026-04-07 12:36:04",
concept_insight_399c32fa40c8,concept_insight_08d14842ffcd,embedding,0.674966,groq_batch_13r_outputs.normalized,"2026-04-07 12:36:04",
concept_insight_399c32fa40c8,concept_insight_8e7d70cde12a,embedding,0.670383,groq_batch_13r_outputs.normalized,"2026-04-07 12:36:04",
concept_insight_399c32fa40c8,concept_insight_b297b21c0778,embedding,0.644211,groq_batch_13r_outputs.normalized,"2026-04-07 12:36:04",
concept_insight_399c32fa40c8,concept_insight_0a53ef175f33,embedding,0.619567,groq_batch_13r_outputs.normalized,"2026-04-07 12:36:04",
concept_insight_399c32fa40c8,concept_insight_7a031f02124a,embedding,0.606988,groq_batch_13r_outputs.normalized,"2026-04-07 12:36:04",
concept_insight_399c32fa40c8,concept_insight_b17947dfee84,embedding,0.601777,groq_batch_13r_outputs.normalized,"2026-04-07 12:36:04",
concept_insight_399c32fa40c8,concept_insight_5765b9b1a563,embedding,0.589738,groq_batch_13r_outputs.normalized,"2026-04-07 12:36:04",
concept_insight_2abca14dbe74,concept_technique_592905ca697c,embedding,0.742277,groq_batch_13r_outputs.normalized,"2026-04-07 12:36:04",
concept_insight_2abca14dbe74,concept_insight_9a7172f1d8c8,embedding,0.626189,groq_batch_13r_outputs.normalized,"2026-04-07 12:36:04",
concept_insight_2abca14dbe74,concept_insight_8e7d70cde12a,embedding,0.613456,groq_batch_13r_outputs.normalized,"2026-04-07 12:36:04",
concept_insight_2abca14dbe74,concept_insight_ce4295fce154,embedding,0.59152,groq_batch_13r_outputs.normalized,"2026-04-07 12:36:04",
concept_insight_2abca14dbe74,concept_insight_399c32fa40c8,embedding,0.58459,groq_batch_13r_outputs.normalized,"2026-04-07 12:36:04",
concept_insight_2abca14dbe74,concept_insight_b297b21c0778,embedding,0.575047,groq_batch_13r_outputs.normalized,"2026-04-07 12:36:04",
concept_insight_2abca14dbe74,concept_insight_05aa6a7b8cdc,embedding,0.559043,groq_batch_13r_outputs.normalized,"2026-04-07 12:36:04",
concept_insight_2abca14dbe74,concept_insight_86f642f3a4f2,embedding,0.555416,groq_batch_13r_outputs.normalized,"2026-04-07 12:36:04",
concept_insight_04f1c99b727c,concept_domain_8e9a57c2a700,embedding,0.627567,groq_batch_13r_outputs.normalized,"2026-04-07 12:36:04",
concept_insight_04f1c99b727c,concept_problem_b762584fbc70,embedding,0.624046,groq_batch_13r_outputs.normalized,"2026-04-07 12:36:04",
concept_insight_04f1c99b727c,concept_project_8b776f795fa9,embedding,0.579289,groq_batch_13r_outputs.normalized,"2026-04-07 12:36:04",
concept_insight_04f1c99b727c,concept_tool_d37deb11ab4f,embedding,0.574697,groq_batch_13r_outputs.normalized,"2026-04-07 12:36:04",
concept_insight_04f1c99b727c,concept_insight_3bfd9524af0f,embedding,0.574585,groq_batch_13r_outputs.normalized,"2026-04-07 12:36:04",
concept_insight_04f1c99b727c,concept_domain_c8b3347b1708,embedding,0.560215,groq_batch_13r_outputs.normalized,"2026-04-07 12:36:04",
concept_insight_8e7d70cde12a,concept_insight_9a7172f1d8c8,embedding,0.732543,groq_batch_13r_outputs.normalized,"2026-04-07 12:36:04",
concept_insight_8e7d70cde12a,concept_insight_08d14842ffcd,embedding,0.670467,groq_batch_13r_outputs.normalized,"2026-04-07 12:36:04",
concept_insight_8e7d70cde12a,concept_insight_399c32fa40c8,embedding,0.670383,groq_batch_13r_outputs.normalized,"2026-04-07 12:36:04",
concept_insight_8e7d70cde12a,concept_insight_c42806f310cf,embedding,0.6685,groq_batch_13r_outputs.normalized,"2026-04-07 12:36:04",
concept_insight_8e7d70cde12a,concept_insight_b17947dfee84,embedding,0.642035,groq_batch_13r_outputs.normalized,"2026-04-07 12:36:04",
concept_insight_8e7d70cde12a,concept_insight_86f642f3a4f2,embedding,0.641244,groq_batch_13r_outputs.normalized,"2026-04-07 12:36:04",
concept_insight_8e7d70cde12a,concept_insight_0a53ef175f33,embedding,0.638092,groq_batch_13r_outputs.normalized,"2026-04-07 12:36:04",
concept_insight_8e7d70cde12a,concept_insight_75611bbe455c,embedding,0.615361,groq_batch_13r_outputs.normalized,"2026-04-07 12:36:04",
concept_domain_a290a714846b,concept_domain_5dc11fbfb1c4,embedding,0.875695,groq_batch_13r_outputs.normalized,"2026-04-07 12:36:04",
concept_domain_a290a714846b,concept_domain_10549d935983,embedding,0.731371,groq_batch_13r_outputs.normalized,"2026-04-07 12:36:04",
concept_domain_a290a714846b,concept_domain_823daac77dc4,embedding,0.7207,groq_batch_13r_outputs.normalized,"2026-04-07 12:36:04",
concept_domain_a290a714846b,concept_domain_ec0eb439899e,embedding,0.675992,groq_batch_13r_outputs.normalized,"2026-04-07 12:36:04",
concept_domain_a290a714846b,concept_domain_86d37f6c96c1,embedding,0.642301,groq_batch_13r_outputs.normalized,"2026-04-07 12:36:04",
concept_domain_a290a714846b,concept_domain_2d54c8b8873f,embedding,0.640917,groq_batch_13r_outputs.normalized,"2026-04-07 12:36:04",
concept_domain_a290a714846b,concept_domain_db4d9c3bc628,embedding,0.638133,groq_batch_13r_outputs.normalized,"2026-04-07 12:36:04",
concept_domain_a290a714846b,concept_domain_71392c689382,embedding,0.637229,groq_batch_13r_outputs.normalized,"2026-04-07 12:36:04",
concept_domain_4f4118e273eb,concept_domain_2d54c8b8873f,embedding,0.678907,groq_batch_13r_outputs.normalized,"2026-04-07 12:36:04",
concept_domain_4f4118e273eb,concept_domain_aa086e443a06,embedding,0.678064,groq_batch_13r_outputs.normalized,"2026-04-07 12:36:04",
concept_domain_4f4118e273eb,concept_domain_cee803d4cfc3,embedding,0.655941,groq_batch_13r_outputs.normalized,"2026-04-07 12:36:04",
concept_domain_4f4118e273eb,concept_domain_68b5c531a430,embedding,0.653315,groq_batch_13r_outputs.normalized,"2026-04-07 12:36:04",
concept_domain_4f4118e273eb,concept_domain_823daac77dc4,embedding,0.625812,groq_batch_13r_outputs.normalized,"2026-04-07 12:36:04",
concept_domain_4f4118e273eb,concept_domain_86d37f6c96c1,embedding,0.616371,groq_batch_13r_outputs.normalized,"2026-04-07 12:36:04",
concept_domain_4f4118e273eb,concept_domain_6a5413595b4b,embedding,0.611931,groq_batch_13r_outputs.normalized,"2026-04-07 12:36:04",
concept_domain_4f4118e273eb,concept_domain_1b0fc624c2e1,embedding,0.596277,groq_batch_13r_outputs.normalized,"2026-04-07 12:36:04",
concept_domain_8e9a57c2a700,concept_domain_1602bd03169f,embedding,0.635227,groq_batch_13r_outputs.normalized,"2026-04-07 12:36:04",
concept_domain_8e9a57c2a700,concept_insight_04f1c99b727c,embedding,0.627567,groq_batch_13r_outputs.normalized,"2026-04-07 12:36:04",
concept_domain_8e9a57c2a700,concept_domain_5326cf49f80e,embedding,0.584142,groq_batch_13r_outputs.normalized,"2026-04-07 12:36:04",
concept_domain_8e9a57c2a700,concept_concept_b4a3b4f10ec7,embedding,0.556802,groq_batch_13r_outputs.normalized,"2026-04-07 12:36:04",
concept_domain_8e9a57c2a700,concept_problem_546dd49ff145,embedding,0.556242,groq_batch_13r_outputs.normalized,"2026-04-07 12:36:04",
concept_domain_e70a7d890fdc,concept_domain_cee803d4cfc3,embedding,0.678934,groq_batch_13r_outputs.normalized,"2026-04-07 12:36:04",
concept_domain_e70a7d890fdc,concept_domain_1847ca18206c,embedding,0.665707,groq_batch_13r_outputs.normalized,"2026-04-07 12:36:04",
concept_domain_e70a7d890fdc,concept_domain_10549d935983,embedding,0.664242,groq_batch_13r_outputs.normalized,"2026-04-07 12:36:04",
concept_domain_e70a7d890fdc,concept_domain_68b5c531a430,embedding,0.659341,groq_batch_13r_outputs.normalized,"2026-04-07 12:36:04",
concept_domain_e70a7d890fdc,concept_domain_823daac77dc4,embedding,0.648561,groq_batch_13r_outputs.normalized,"2026-04-07 12:36:04",
concept_domain_e70a7d890fdc,concept_theme_7e9c10cc412b,embedding,0.629486,groq_batch_13r_outputs.normalized,"2026-04-07 12:36:04",
concept_domain_e70a7d890fdc,concept_domain_6a5413595b4b,embedding,0.628341,groq_batch_13r_outputs.normalized,"2026-04-07 12:36:04",
concept_domain_e70a7d890fdc,concept_theme_9edcea900bda,embedding,0.622542,groq_batch_13r_outputs.normalized,"2026-04-07 12:36:04",
concept_domain_aa086e443a06,concept_domain_4f4118e273eb,embedding,0.678064,groq_batch_13r_outputs.normalized,"2026-04-07 12:36:04",
concept_domain_aa086e443a06,concept_theme_0adab5543235,embedding,0.632858,groq_batch_13r_outputs.normalized,"2026-04-07 12:36:04",
concept_domain_aa086e443a06,concept_domain_10549d935983,embedding,0.603036,groq_batch_13r_outputs.normalized,"2026-04-07 12:36:04",
concept_domain_aa086e443a06,concept_domain_fe3d1148f3ef,embedding,0.58715,groq_batch_13r_outputs.normalized,"2026-04-07 12:36:04",
concept_domain_aa086e443a06,concept_domain_1602bd03169f,embedding,0.579884,groq_batch_13r_outputs.normalized,"2026-04-07 12:36:04",
concept_domain_aa086e443a06,concept_domain_e70a7d890fdc,embedding,0.575576,groq_batch_13r_outputs.normalized,"2026-04-07 12:36:04",
concept_domain_aa086e443a06,concept_domain_823daac77dc4,embedding,0.572783,groq_batch_13r_outputs.normalized,"2026-04-07 12:36:04",
concept_domain_aa086e443a06,concept_domain_5326cf49f80e,embedding,0.572107,groq_batch_13r_outputs.normalized,"2026-04-07 12:36:04",
concept_theme_41e347bb2550,concept_theme_0a06229085a2,embedding,0.749852,groq_batch_13r_outputs.normalized,"2026-04-07 12:36:04",
concept_theme_41e347bb2550,concept_theme_6db96ab49b6a,embedding,0.714024,groq_batch_13r_outputs.normalized,"2026-04-07 12:36:04",
concept_theme_41e347bb2550,concept_theme_297d28a28e80,embedding,0.618595,groq_batch_13r_outputs.normalized,"2026-04-07 12:36:04",
concept_theme_41e347bb2550,concept_technique_a5f3b5e80870,embedding,0.615132,groq_batch_13r_outputs.normalized,"2026-04-07 12:36:04",
concept_theme_41e347bb2550,concept_theme_f636fcc71916,embedding,0.614323,groq_batch_13r_outputs.normalized,"2026-04-07 12:36:04",
concept_theme_41e347bb2550,concept_theme_f156a24f6899,embedding,0.595531,groq_batch_13r_outputs.normalized,"2026-04-07 12:36:04",
concept_theme_41e347bb2550,concept_theme_6e012f9ac3a8,embedding,0.592178,groq_batch_13r_outputs.normalized,"2026-04-07 12:36:04",
concept_theme_41e347bb2550,concept_theme_bb241d8eafcf,embedding,0.585304,groq_batch_13r_outputs.normalized,"2026-04-07 12:36:04",
concept_theme_6db96ab49b6a,concept_theme_41e347bb2550,embedding,0.714024,groq_batch_13r_outputs.normalized,"2026-04-07 12:36:04",
concept_theme_6db96ab49b6a,concept_theme_0adab5543235,embedding,0.678686,groq_batch_13r_outputs.normalized,"2026-04-07 12:36:04",
concept_theme_6db96ab49b6a,concept_theme_bb241d8eafcf,embedding,0.626204,groq_batch_13r_outputs.normalized,"2026-04-07 12:36:04",
concept_theme_6db96ab49b6a,concept_theme_0a06229085a2,embedding,0.617367,groq_batch_13r_outputs.normalized,"2026-04-07 12:36:04",
concept_theme_6db96ab49b6a,concept_theme_523b48a108dd,embedding,0.60661,groq_batch_13r_outputs.normalized,"2026-04-07 12:36:04",
concept_theme_6db96ab49b6a,concept_theme_7e9c10cc412b,embedding,0.573192,groq_batch_13r_outputs.normalized,"2026-04-07 12:36:04",
concept_theme_6db96ab49b6a,concept_theme_6e012f9ac3a8,embedding,0.572457,groq_batch_13r_outputs.normalized,"2026-04-07 12:36:04",
concept_theme_6db96ab49b6a,concept_domain_aa086e443a06,embedding,0.567281,groq_batch_13r_outputs.normalized,"2026-04-07 12:36:04",
concept_theme_70047803e06e,concept_theme_6e012f9ac3a8,embedding,0.643537,groq_batch_13r_outputs.normalized,"2026-04-07 12:36:04",
concept_theme_70047803e06e,concept_theme_8e269d61b3b7,embedding,0.601802,groq_batch_13r_outputs.normalized,"2026-04-07 12:36:04",
concept_theme_70047803e06e,concept_theme_021670d1b86c,embedding,0.593765,groq_batch_13r_outputs.normalized,"2026-04-07 12:36:04",
concept_theme_70047803e06e,concept_theme_b72038f5164d,embedding,0.577056,groq_batch_13r_outputs.normalized,"2026-04-07 12:36:04",
concept_theme_70047803e06e,concept_theme_1f09b347acb4,embedding,0.575356,groq_batch_13r_outputs.normalized,"2026-04-07 12:36:04",
concept_theme_70047803e06e,concept_theme_e2d0e38cfde1,embedding,0.569616,groq_batch_13r_outputs.normalized,"2026-04-07 12:36:04",
concept_theme_70047803e06e,concept_theme_23cc79d4ac5d,embedding,0.566505,groq_batch_13r_outputs.normalized,"2026-04-07 12:36:04",
concept_theme_70047803e06e,concept_theme_b187b980d542,embedding,0.559897,groq_batch_13r_outputs.normalized,"2026-04-07 12:36:04",
concept_theme_bb241d8eafcf,concept_theme_297d28a28e80,embedding,0.67651,groq_batch_13r_outputs.normalized,"2026-04-07 12:36:04",
concept_theme_bb241d8eafcf,concept_theme_0adab5543235,embedding,0.672523,groq_batch_13r_outputs.normalized,"2026-04-07 12:36:04",
concept_theme_bb241d8eafcf,concept_theme_6db96ab49b6a,embedding,0.626204,groq_batch_13r_outputs.normalized,"2026-04-07 12:36:04",
concept_theme_bb241d8eafcf,concept_theme_f156a24f6899,embedding,0.608435,groq_batch_13r_outputs.normalized,"2026-04-07 12:36:04",
concept_theme_bb241d8eafcf,concept_theme_7e9c10cc412b,embedding,0.602345,groq_batch_13r_outputs.normalized,"2026-04-07 12:36:04",
concept_theme_bb241d8eafcf,concept_theme_01d7c3fc0160,embedding,0.598996,groq_batch_13r_outputs.normalized,"2026-04-07 12:36:04",
concept_theme_bb241d8eafcf,concept_theme_6e012f9ac3a8,embedding,0.596404,groq_batch_13r_outputs.normalized,"2026-04-07 12:36:04",
concept_theme_bb241d8eafcf,concept_theme_41e347bb2550,embedding,0.585304,groq_batch_13r_outputs.normalized,"2026-04-07 12:36:04",
concept_theme_1d264c8c4e5a,concept_theme_4a9f91d1240d,embedding,0.672379,groq_batch_13r_outputs.normalized,"2026-04-07 12:36:04",
concept_theme_1d264c8c4e5a,concept_theme_4c07c6742963,embedding,0.663104,groq_batch_13r_outputs.normalized,"2026-04-07 12:36:04",
concept_theme_1d264c8c4e5a,concept_theme_f4d50e998dcc,embedding,0.606027,groq_batch_13r_outputs.normalized,"2026-04-07 12:36:04",
concept_theme_1d264c8c4e5a,concept_theme_b72038f5164d,embedding,0.600146,groq_batch_13r_outputs.normalized,"2026-04-07 12:36:04",
concept_theme_1d264c8c4e5a,concept_theme_6e012f9ac3a8,embedding,0.593985,groq_batch_13r_outputs.normalized,"2026-04-07 12:36:04",
concept_theme_1d264c8c4e5a,concept_theme_43c39021bb74,embedding,0.58345,groq_batch_13r_outputs.normalized,"2026-04-07 12:36:04",
concept_theme_1d264c8c4e5a,concept_theme_72d3351703a6,embedding,0.580282,groq_batch_13r_outputs.normalized,"2026-04-07 12:36:04",
concept_theme_1d264c8c4e5a,concept_concept_6eee5f5be857,embedding,0.573465,groq_batch_13r_outputs.normalized,"2026-04-07 12:36:04",
concept_theme_f636fcc71916,concept_theme_6e012f9ac3a8,embedding,0.686428,groq_batch_13r_outputs.normalized,"2026-04-07 12:36:04",
concept_theme_f636fcc71916,concept_concept_b1a5296cb659,embedding,0.681989,groq_batch_13r_outputs.normalized,"2026-04-07 12:36:04",
concept_theme_f636fcc71916,concept_theme_38b944c29632,embedding,0.681057,groq_batch_13r_outputs.normalized,"2026-04-07 12:36:04",
concept_theme_f636fcc71916,concept_theme_7e9c10cc412b,embedding,0.674254,groq_batch_13r_outputs.normalized,"2026-04-07 12:36:04",
concept_theme_f636fcc71916,concept_theme_e2d0e38cfde1,embedding,0.6571,groq_batch_13r_outputs.normalized,"2026-04-07 12:36:04",
concept_theme_f636fcc71916,concept_theme_e4e20b6dd893,embedding,0.642531,groq_batch_13r_outputs.normalized,"2026-04-07 12:36:04",
concept_theme_f636fcc71916,concept_theme_9edcea900bda,embedding,0.639624,groq_batch_13r_outputs.normalized,"2026-04-07 12:36:04",
concept_theme_f636fcc71916,concept_theme_f4d50e998dcc,embedding,0.623489,groq_batch_13r_outputs.normalized,"2026-04-07 12:36:04",
concept_theme_0a06229085a2,concept_theme_41e347bb2550,embedding,0.749852,groq_batch_13r_outputs.normalized,"2026-04-07 12:36:05",
concept_theme_0a06229085a2,concept_technique_a5f3b5e80870,embedding,0.661497,groq_batch_13r_outputs.normalized,"2026-04-07 12:36:05",
concept_theme_0a06229085a2,concept_theme_6db96ab49b6a,embedding,0.617367,groq_batch_13r_outputs.normalized,"2026-04-07 12:36:05",
concept_theme_64a1a3a8b20f,concept_concept_b1a5296cb659,embedding,0.592386,groq_batch_13r_outputs.normalized,"2026-04-07 12:36:05",
concept_theme_64a1a3a8b20f,concept_theme_9edcea900bda,embedding,0.580025,groq_batch_13r_outputs.normalized,"2026-04-07 12:36:05",
concept_quote_f67fed3093d6,concept_insight_abd161db0f89,embedding,0.685681,groq_batch_13r_outputs.normalized,"2026-04-07 12:36:05",
concept_quote_f67fed3093d6,concept_quote_4210556eb91b,embedding,0.587669,groq_batch_13r_outputs.normalized,"2026-04-07 12:36:05",
concept_concept_300b0ce7f42c,concept_insight_556fd345936c,embedding,0.660361,groq_batch_13r_outputs.normalized,"2026-04-07 12:36:05",
concept_concept_300b0ce7f42c,concept_insight_0449e6cdf608,embedding,0.605763,groq_batch_13r_outputs.normalized,"2026-04-07 12:36:05",
concept_song_17d9809bed24,concept_insight_11d4cde9700a,embedding,0.581375,groq_batch_13r_outputs.normalized,"2026-04-07 12:36:05",
concept_song_17d9809bed24,concept_character_41fee739f6ee,embedding,0.552208,groq_batch_13r_outputs.normalized,"2026-04-07 12:36:05",
concept_quote_c50467b63f7b,concept_insight_36696f32b8cc,embedding,0.643013,groq_batch_13r_outputs.normalized,"2026-04-07 12:36:05",
concept_person_51eb0d09611c,concept_person_83c95af5001c,embedding,0.96222,groq_batch_13r_outputs.normalized,"2026-04-07 12:36:05",
concept_person_51eb0d09611c,concept_project_f73071ba917f,embedding,0.620195,groq_batch_13r_outputs.normalized,"2026-04-07 12:36:05",
concept_person_51eb0d09611c,concept_concept_b1a5296cb659,embedding,0.609516,groq_batch_13r_outputs.normalized,"2026-04-07 12:36:05",
concept_person_51eb0d09611c,concept_person_a334dbd6bdf5,embedding,0.571529,groq_batch_13r_outputs.normalized,"2026-04-07 12:36:05",
concept_person_51eb0d09611c,concept_person_7694d49afe8d,embedding,0.550017,groq_batch_13r_outputs.normalized,"2026-04-07 12:36:05",
concept_concept_b1a5296cb659,concept_theme_f636fcc71916,embedding,0.681989,groq_batch_13r_outputs.normalized,"2026-04-07 12:36:05",
concept_concept_b1a5296cb659,concept_person_83c95af5001c,embedding,0.643699,groq_batch_13r_outputs.normalized,"2026-04-07 12:36:05",
concept_concept_b1a5296cb659,concept_concept_1fca78ffffb2,embedding,0.615011,groq_batch_13r_outputs.normalized,"2026-04-07 12:36:05",
concept_concept_b1a5296cb659,concept_concept_98398f0335f0,embedding,0.6139,groq_batch_13r_outputs.normalized,"2026-04-07 12:36:05",
concept_concept_b1a5296cb659,concept_person_51eb0d09611c,embedding,0.609516,groq_batch_13r_outputs.normalized,"2026-04-07 12:36:05",
concept_concept_b1a5296cb659,concept_concept_7091d2715a81,embedding,0.60443,groq_batch_13r_outputs.normalized,"2026-04-07 12:36:05",
concept_concept_b1a5296cb659,concept_concept_ddc45b4288a0,embedding,0.596741,groq_batch_13r_outputs.normalized,"2026-04-07 12:36:05",
concept_concept_b1a5296cb659,concept_concept_e52dc1b5fbca,embedding,0.595611,groq_batch_13r_outputs.normalized,"2026-04-07 12:36:05",
concept_character_41fee739f6ee,concept_insight_11d4cde9700a,embedding,0.57818,groq_batch_13r_outputs.normalized,"2026-04-07 12:36:05",
concept_character_41fee739f6ee,concept_song_17d9809bed24,embedding,0.552208,groq_batch_13r_outputs.normalized,"2026-04-07 12:36:05",
concept_theme_43c39021bb74,concept_theme_48c2003a5d77,embedding,0.653609,groq_batch_13r_outputs.normalized,"2026-04-07 12:36:05",
concept_theme_43c39021bb74,concept_theme_6e012f9ac3a8,embedding,0.650137,groq_batch_13r_outputs.normalized,"2026-04-07 12:36:05",
concept_theme_43c39021bb74,concept_theme_ef4a5f63202e,embedding,0.645971,groq_batch_13r_outputs.normalized,"2026-04-07 12:36:05",
concept_theme_43c39021bb74,concept_theme_62d14eaed788,embedding,0.643274,groq_batch_13r_outputs.normalized,"2026-04-07 12:36:05",
concept_theme_43c39021bb74,concept_theme_e2d0e38cfde1,embedding,0.641115,groq_batch_13r_outputs.normalized,"2026-04-07 12:36:05",
concept_theme_43c39021bb74,concept_theme_c0edc0bf578f,embedding,0.636154,groq_batch_13r_outputs.normalized,"2026-04-07 12:36:05",
concept_theme_43c39021bb74,concept_theme_f636fcc71916,embedding,0.620332,groq_batch_13r_outputs.normalized,"2026-04-07 12:36:05",
concept_theme_43c39021bb74,concept_theme_9edcea900bda,embedding,0.610948,groq_batch_13r_outputs.normalized,"2026-04-07 12:36:05",
concept_technique_a5f3b5e80870,concept_theme_0a06229085a2,embedding,0.661497,groq_batch_13r_outputs.normalized,"2026-04-07 12:36:05",
concept_technique_a5f3b5e80870,concept_theme_41e347bb2550,embedding,0.615132,groq_batch_13r_outputs.normalized,"2026-04-07 12:36:05",
concept_insight_abd161db0f89,concept_quote_f67fed3093d6,embedding,0.685681,groq_batch_13r_outputs.normalized,"2026-04-07 12:36:05",
concept_insight_abd161db0f89,concept_insight_0a53ef175f33,embedding,0.596854,groq_batch_13r_outputs.normalized,"2026-04-07 12:36:05",
concept_insight_abd161db0f89,concept_insight_36696f32b8cc,embedding,0.596195,groq_batch_13r_outputs.normalized,"2026-04-07 12:36:05",
concept_insight_abd161db0f89,concept_insight_d56292a6db7a,embedding,0.577209,groq_batch_13r_outputs.normalized,"2026-04-07 12:36:05",
concept_insight_abd161db0f89,concept_insight_0449e6cdf608,embedding,0.550012,groq_batch_13r_outputs.normalized,"2026-04-07 12:36:05",
concept_insight_0449e6cdf608,concept_insight_556fd345936c,embedding,0.72504,groq_batch_13r_outputs.normalized,"2026-04-07 12:36:05",
concept_insight_0449e6cdf608,concept_concept_300b0ce7f42c,embedding,0.605763,groq_batch_13r_outputs.normalized,"2026-04-07 12:36:05",
concept_insight_0449e6cdf608,concept_insight_abd161db0f89,embedding,0.550012,groq_batch_13r_outputs.normalized,"2026-04-07 12:36:05",
concept_insight_5d80e097fd4d,concept_insight_92d0dd7ca5aa,embedding,0.626591,groq_batch_13r_outputs.normalized,"2026-04-07 12:36:05",
concept_insight_5d80e097fd4d,concept_insight_36696f32b8cc,embedding,0.603515,groq_batch_13r_outputs.normalized,"2026-04-07 12:36:05",
concept_insight_5d80e097fd4d,concept_insight_0a53ef175f33,embedding,0.589859,groq_batch_13r_outputs.normalized,"2026-04-07 12:36:05",
concept_insight_5d80e097fd4d,concept_insight_08d14842ffcd,embedding,0.583406,groq_batch_13r_outputs.normalized,"2026-04-07 12:36:05",
concept_insight_5d80e097fd4d,concept_insight_399c32fa40c8,embedding,0.550492,groq_batch_13r_outputs.normalized,"2026-04-07 12:36:05",
concept_insight_92d0dd7ca5aa,concept_insight_08d14842ffcd,embedding,0.686667,groq_batch_13r_outputs.normalized,"2026-04-07 12:36:05",
concept_insight_92d0dd7ca5aa,concept_insight_36696f32b8cc,embedding,0.659894,groq_batch_13r_outputs.normalized,"2026-04-07 12:36:05",
concept_insight_92d0dd7ca5aa,concept_insight_8e442199e39c,embedding,0.627027,groq_batch_13r_outputs.normalized,"2026-04-07 12:36:05",
concept_insight_92d0dd7ca5aa,concept_insight_5d80e097fd4d,embedding,0.626591,groq_batch_13r_outputs.normalized,"2026-04-07 12:36:05",
concept_insight_92d0dd7ca5aa,concept_insight_0a53ef175f33,embedding,0.621908,groq_batch_13r_outputs.normalized,"2026-04-07 12:36:05",
concept_insight_92d0dd7ca5aa,concept_insight_88b1b52e8dca,embedding,0.621132,groq_batch_13r_outputs.normalized,"2026-04-07 12:36:05",
concept_insight_92d0dd7ca5aa,concept_insight_5b846f78bd84,embedding,0.616737,groq_batch_13r_outputs.normalized,"2026-04-07 12:36:05",
concept_insight_92d0dd7ca5aa,concept_insight_b17947dfee84,embedding,0.600437,groq_batch_13r_outputs.normalized,"2026-04-07 12:36:05",
concept_insight_556fd345936c,concept_insight_0449e6cdf608,embedding,0.72504,groq_batch_13r_outputs.normalized,"2026-04-07 12:36:05",
concept_insight_556fd345936c,concept_concept_300b0ce7f42c,embedding,0.660361,groq_batch_13r_outputs.normalized,"2026-04-07 12:36:05",
concept_insight_556fd345936c,concept_insight_92d0dd7ca5aa,embedding,0.557296,groq_batch_13r_outputs.normalized,"2026-04-07 12:36:05",
concept_insight_11d4cde9700a,concept_song_17d9809bed24,embedding,0.581375,groq_batch_13r_outputs.normalized,"2026-04-07 12:36:05",
concept_insight_11d4cde9700a,concept_character_41fee739f6ee,embedding,0.57818,groq_batch_13r_outputs.normalized,"2026-04-07 12:36:05",
concept_insight_36696f32b8cc,concept_insight_08d14842ffcd,embedding,0.683758,groq_batch_13r_outputs.normalized,"2026-04-07 12:36:05",
concept_insight_36696f32b8cc,concept_insight_0a53ef175f33,embedding,0.664535,groq_batch_13r_outputs.normalized,"2026-04-07 12:36:05",
concept_insight_36696f32b8cc,concept_insight_92d0dd7ca5aa,embedding,0.659894,groq_batch_13r_outputs.normalized,"2026-04-07 12:36:05",
concept_insight_36696f32b8cc,concept_quote_c50467b63f7b,embedding,0.643013,groq_batch_13r_outputs.normalized,"2026-04-07 12:36:05",
concept_insight_36696f32b8cc,concept_insight_339acd0dccdd,embedding,0.61873,groq_batch_13r_outputs.normalized,"2026-04-07 12:36:05",
concept_insight_36696f32b8cc,concept_insight_88b1b52e8dca,embedding,0.612225,groq_batch_13r_outputs.normalized,"2026-04-07 12:36:05",
concept_insight_36696f32b8cc,concept_insight_8e442199e39c,embedding,0.610967,groq_batch_13r_outputs.normalized,"2026-04-07 12:36:05",
concept_insight_36696f32b8cc,concept_insight_5d80e097fd4d,embedding,0.603515,groq_batch_13r_outputs.normalized,"2026-04-07 12:36:05",
concept_insight_01279e5d1617,concept_insight_88b1b52e8dca,embedding,0.596999,groq_batch_13r_outputs.normalized,"2026-04-07 12:36:05",
concept_insight_01279e5d1617,concept_insight_0a53ef175f33,embedding,0.595549,groq_batch_13r_outputs.normalized,"2026-04-07 12:36:05",
concept_insight_01279e5d1617,concept_insight_36696f32b8cc,embedding,0.58258,groq_batch_13r_outputs.normalized,"2026-04-07 12:36:05",
concept_insight_01279e5d1617,concept_theme_6db96ab49b6a,embedding,0.557989,groq_batch_13r_outputs.normalized,"2026-04-07 12:36:05",
concept_insight_01279e5d1617,concept_project_f73071ba917f,embedding,0.556918,groq_batch_13r_outputs.normalized,"2026-04-07 12:36:05",
concept_insight_01279e5d1617,concept_theme_7e9c10cc412b,embedding,0.556903,groq_batch_13r_outputs.normalized,"2026-04-07 12:36:05",
concept_domain_ec0eb439899e,concept_domain_10549d935983,embedding,0.864333,groq_batch_13r_outputs.normalized,"2026-04-07 12:36:05",
concept_domain_ec0eb439899e,concept_domain_79be89866d06,embedding,0.849671,groq_batch_13r_outputs.normalized,"2026-04-07 12:36:05",
concept_domain_ec0eb439899e,concept_domain_bdad25e4cd05,embedding,0.816883,groq_batch_13r_outputs.normalized,"2026-04-07 12:36:05",
concept_domain_ec0eb439899e,concept_domain_c5e34dfeae31,embedding,0.809475,groq_batch_13r_outputs.normalized,"2026-04-07 12:36:05",
concept_domain_ec0eb439899e,concept_domain_caee2af76561,embedding,0.809075,groq_batch_13r_outputs.normalized,"2026-04-07 12:36:05",
concept_domain_ec0eb439899e,concept_domain_232eb9300d28,embedding,0.804838,groq_batch_13r_outputs.normalized,"2026-04-07 12:36:05",
concept_domain_ec0eb439899e,concept_domain_71392c689382,embedding,0.801724,groq_batch_13r_outputs.normalized,"2026-04-07 12:36:05",
concept_domain_ec0eb439899e,concept_domain_e8f8911d9105,embedding,0.792989,groq_batch_13r_outputs.normalized,"2026-04-07 12:36:05",
concept_domain_79be89866d06,concept_domain_ec0eb439899e,embedding,0.849671,groq_batch_13r_outputs.normalized,"2026-04-07 12:36:05",
concept_domain_79be89866d06,concept_domain_10549d935983,embedding,0.805803,groq_batch_13r_outputs.normalized,"2026-04-07 12:36:05",
concept_domain_79be89866d06,concept_domain_c5e34dfeae31,embedding,0.788908,groq_batch_13r_outputs.normalized,"2026-04-07 12:36:05",
concept_domain_79be89866d06,concept_domain_bdad25e4cd05,embedding,0.762916,groq_batch_13r_outputs.normalized,"2026-04-07 12:36:05",
concept_domain_79be89866d06,concept_domain_a97f95cb9036,embedding,0.755629,groq_batch_13r_outputs.normalized,"2026-04-07 12:36:05",
concept_domain_79be89866d06,concept_domain_fe3d1148f3ef,embedding,0.752396,groq_batch_13r_outputs.normalized,"2026-04-07 12:36:05",
concept_domain_79be89866d06,concept_domain_caee2af76561,embedding,0.744548,groq_batch_13r_outputs.normalized,"2026-04-07 12:36:05",
concept_domain_79be89866d06,concept_domain_5dc11fbfb1c4,embedding,0.726189,groq_batch_13r_outputs.normalized,"2026-04-07 12:36:05",
concept_domain_232eb9300d28,concept_domain_ec0eb439899e,embedding,0.804838,groq_batch_13r_outputs.normalized,"2026-04-07 12:36:05",
concept_domain_232eb9300d28,concept_domain_79be89866d06,embedding,0.714167,groq_batch_13r_outputs.normalized,"2026-04-07 12:36:05",
concept_domain_232eb9300d28,concept_domain_caee2af76561,embedding,0.712497,groq_batch_13r_outputs.normalized,"2026-04-07 12:36:05",
concept_domain_232eb9300d28,concept_domain_bdad25e4cd05,embedding,0.709181,groq_batch_13r_outputs.normalized,"2026-04-07 12:36:05",
concept_domain_232eb9300d28,concept_domain_10549d935983,embedding,0.707837,groq_batch_13r_outputs.normalized,"2026-04-07 12:36:05",
concept_domain_232eb9300d28,concept_domain_1602bd03169f,embedding,0.695079,groq_batch_13r_outputs.normalized,"2026-04-07 12:36:05",
concept_domain_232eb9300d28,concept_domain_e8f8911d9105,embedding,0.692026,groq_batch_13r_outputs.normalized,"2026-04-07 12:36:05",
concept_domain_232eb9300d28,concept_domain_56441dbefe7d,embedding,0.687389,groq_batch_13r_outputs.normalized,"2026-04-07 12:36:05",
concept_domain_fe3d1148f3ef,concept_domain_bdad25e4cd05,embedding,0.804934,groq_batch_13r_outputs.normalized,"2026-04-07 12:36:05",
concept_domain_fe3d1148f3ef,concept_domain_ec0eb439899e,embedding,0.792218,groq_batch_13r_outputs.normalized,"2026-04-07 12:36:05",
concept_domain_fe3d1148f3ef,concept_domain_10549d935983,embedding,0.764715,groq_batch_13r_outputs.normalized,"2026-04-07 12:36:05",
concept_domain_fe3d1148f3ef,concept_domain_79be89866d06,embedding,0.752396,groq_batch_13r_outputs.normalized,"2026-04-07 12:36:05",
concept_domain_fe3d1148f3ef,concept_domain_1602bd03169f,embedding,0.751013,groq_batch_13r_outputs.normalized,"2026-04-07 12:36:05",
concept_domain_fe3d1148f3ef,concept_domain_86d37f6c96c1,embedding,0.740376,groq_batch_13r_outputs.normalized,"2026-04-07 12:36:05",
concept_domain_fe3d1148f3ef,concept_domain_0cb9c36cb6da,embedding,0.715129,groq_batch_13r_outputs.normalized,"2026-04-07 12:36:05",
concept_domain_fe3d1148f3ef,concept_domain_caee2af76561,embedding,0.71431,groq_batch_13r_outputs.normalized,"2026-04-07 12:36:05",
concept_theme_7575d727932f,concept_theme_cf58c74dc5bc,embedding,0.716674,groq_batch_13r_outputs.normalized,"2026-04-07 12:36:05",
concept_theme_7575d727932f,concept_theme_38b944c29632,embedding,0.705894,groq_batch_13r_outputs.normalized,"2026-04-07 12:36:05",
concept_theme_7575d727932f,concept_theme_9a858beb1019,embedding,0.695989,groq_batch_13r_outputs.normalized,"2026-04-07 12:36:05",
concept_theme_7575d727932f,concept_theme_e2d0e38cfde1,embedding,0.665751,groq_batch_13r_outputs.normalized,"2026-04-07 12:36:05",
concept_theme_7575d727932f,concept_theme_24dd1ca79d25,embedding,0.660432,groq_batch_13r_outputs.normalized,"2026-04-07 12:36:05",
concept_theme_7575d727932f,concept_theme_782e59f0fbcf,embedding,0.655068,groq_batch_13r_outputs.normalized,"2026-04-07 12:36:05",
concept_theme_7575d727932f,concept_theme_0643c166f9c9,embedding,0.647868,groq_batch_13r_outputs.normalized,"2026-04-07 12:36:05",
concept_theme_7575d727932f,concept_theme_f4d50e998dcc,embedding,0.629937,groq_batch_13r_outputs.normalized,"2026-04-07 12:36:05",
concept_theme_38b944c29632,concept_theme_cf58c74dc5bc,embedding,0.760625,groq_batch_13r_outputs.normalized,"2026-04-07 12:36:05",
concept_theme_38b944c29632,concept_theme_e2d0e38cfde1,embedding,0.739897,groq_batch_13r_outputs.normalized,"2026-04-07 12:36:05",
concept_theme_38b944c29632,concept_theme_7575d727932f,embedding,0.705894,groq_batch_13r_outputs.normalized,"2026-04-07 12:36:05",
concept_theme_38b944c29632,concept_theme_782e59f0fbcf,embedding,0.691139,groq_batch_13r_outputs.normalized,"2026-04-07 12:36:05",
concept_theme_38b944c29632,concept_theme_9edcea900bda,embedding,0.686095,groq_batch_13r_outputs.normalized,"2026-04-07 12:36:05",
concept_theme_38b944c29632,concept_theme_f4d50e998dcc,embedding,0.68592,groq_batch_13r_outputs.normalized,"2026-04-07 12:36:05",
concept_theme_38b944c29632,concept_theme_f636fcc71916,embedding,0.681057,groq_batch_13r_outputs.normalized,"2026-04-07 12:36:05",
concept_theme_38b944c29632,concept_theme_e4e20b6dd893,embedding,0.666915,groq_batch_13r_outputs.normalized,"2026-04-07 12:36:05",
concept_theme_7df4f3e3d80b,concept_concept_3e383ae2717e,embedding,0.763694,groq_batch_13r_outputs.normalized,"2026-04-07 12:36:05",
concept_theme_7df4f3e3d80b,concept_theme_38b944c29632,embedding,0.656888,groq_batch_13r_outputs.normalized,"2026-04-07 12:36:05",
concept_theme_7df4f3e3d80b,concept_theme_24dd1ca79d25,embedding,0.625535,groq_batch_13r_outputs.normalized,"2026-04-07 12:36:05",
concept_theme_7df4f3e3d80b,concept_theme_f4d50e998dcc,embedding,0.621881,groq_batch_13r_outputs.normalized,"2026-04-07 12:36:05",
concept_theme_7df4f3e3d80b,concept_concept_dc6ee4cdb9aa,embedding,0.617927,groq_batch_13r_outputs.normalized,"2026-04-07 12:36:05",
concept_theme_7df4f3e3d80b,concept_theme_7575d727932f,embedding,0.609463,groq_batch_13r_outputs.normalized,"2026-04-07 12:36:05",
concept_theme_7df4f3e3d80b,concept_theme_f636fcc71916,embedding,0.608565,groq_batch_13r_outputs.normalized,"2026-04-07 12:36:05",
concept_theme_7df4f3e3d80b,concept_concept_6eee5f5be857,embedding,0.607847,groq_batch_13r_outputs.normalized,"2026-04-07 12:36:05",
concept_theme_9a858beb1019,concept_theme_7575d727932f,embedding,0.695989,groq_batch_13r_outputs.normalized,"2026-04-07 12:36:05",
concept_theme_9a858beb1019,concept_theme_ef4a5f63202e,embedding,0.687135,groq_batch_13r_outputs.normalized,"2026-04-07 12:36:05",
concept_theme_9a858beb1019,concept_theme_9bad5ae05f7a,embedding,0.661447,groq_batch_13r_outputs.normalized,"2026-04-07 12:36:05",
concept_theme_9a858beb1019,concept_theme_7e9c10cc412b,embedding,0.618815,groq_batch_13r_outputs.normalized,"2026-04-07 12:36:05",
concept_theme_9a858beb1019,concept_theme_f156a24f6899,embedding,0.618437,groq_batch_13r_outputs.normalized,"2026-04-07 12:36:05",
concept_theme_9a858beb1019,concept_theme_9edcea900bda,embedding,0.618278,groq_batch_13r_outputs.normalized,"2026-04-07 12:36:05",
concept_theme_9a858beb1019,concept_theme_2c6c49c54bbd,embedding,0.617082,groq_batch_13r_outputs.normalized,"2026-04-07 12:36:05",
concept_theme_9a858beb1019,concept_theme_e2d0e38cfde1,embedding,0.609233,groq_batch_13r_outputs.normalized,"2026-04-07 12:36:05",
concept_theme_0fbe4e2fda0d,concept_example_40b0b60a19d9,embedding,0.751838,groq_batch_13r_outputs.normalized,"2026-04-07 12:36:05",
concept_theme_0fbe4e2fda0d,concept_insight_b501128ae055,embedding,0.68638,groq_batch_13r_outputs.normalized,"2026-04-07 12:36:05",
concept_theme_0fbe4e2fda0d,concept_theme_cf58c74dc5bc,embedding,0.563957,groq_batch_13r_outputs.normalized,"2026-04-07 12:36:05",
concept_theme_3ff32f9f49ec,concept_organization_cbf85a1b2a0c,embedding,0.702352,groq_batch_13r_outputs.normalized,"2026-04-07 12:36:05",
concept_theme_3ff32f9f49ec,concept_theme_0b9c40adb718,embedding,0.635509,groq_batch_13r_outputs.normalized,"2026-04-07 12:36:05",
concept_theme_3ff32f9f49ec,concept_theme_cc4b66d16c07,embedding,0.602415,groq_batch_13r_outputs.normalized,"2026-04-07 12:36:05",
concept_theme_3ff32f9f49ec,concept_theme_cf58c74dc5bc,embedding,0.602254,groq_batch_13r_outputs.normalized,"2026-04-07 12:36:05",
concept_theme_3ff32f9f49ec,concept_theme_782e59f0fbcf,embedding,0.582978,groq_batch_13r_outputs.normalized,"2026-04-07 12:36:05",
concept_theme_3ff32f9f49ec,concept_theme_e2d0e38cfde1,embedding,0.577322,groq_batch_13r_outputs.normalized,"2026-04-07 12:36:05",
concept_theme_3ff32f9f49ec,concept_insight_013596266b23,embedding,0.576597,groq_batch_13r_outputs.normalized,"2026-04-07 12:36:05",
concept_theme_3ff32f9f49ec,concept_theme_f4d50e998dcc,embedding,0.576002,groq_batch_13r_outputs.normalized,"2026-04-07 12:36:05",
concept_theme_cc4cd0302d7e,concept_theme_0b9c40adb718,embedding,0.604277,groq_batch_13r_outputs.normalized,"2026-04-07 12:36:05",
concept_theme_cc4cd0302d7e,concept_theme_77353817aa33,embedding,0.59252,groq_batch_13r_outputs.normalized,"2026-04-07 12:36:05",
concept_theme_cc4cd0302d7e,concept_theme_7575d727932f,embedding,0.579894,groq_batch_13r_outputs.normalized,"2026-04-07 12:36:05",
concept_theme_cc4cd0302d7e,concept_theme_9edcea900bda,embedding,0.561791,groq_batch_13r_outputs.normalized,"2026-04-07 12:36:05",
concept_theme_cf58c74dc5bc,concept_theme_38b944c29632,embedding,0.760625,groq_batch_13r_outputs.normalized,"2026-04-07 12:36:05",
concept_theme_cf58c74dc5bc,concept_theme_7575d727932f,embedding,0.716674,groq_batch_13r_outputs.normalized,"2026-04-07 12:36:05",
concept_theme_cf58c74dc5bc,concept_theme_e2d0e38cfde1,embedding,0.68423,groq_batch_13r_outputs.normalized,"2026-04-07 12:36:05",
concept_theme_cf58c74dc5bc,concept_theme_cc4b66d16c07,embedding,0.662765,groq_batch_13r_outputs.normalized,"2026-04-07 12:36:05",
concept_theme_cf58c74dc5bc,concept_theme_782e59f0fbcf,embedding,0.654514,groq_batch_13r_outputs.normalized,"2026-04-07 12:36:05",
concept_theme_cf58c74dc5bc,concept_theme_d1bb3a733135,embedding,0.645632,groq_batch_13r_outputs.normalized,"2026-04-07 12:36:05",
concept_theme_cf58c74dc5bc,concept_theme_9edcea900bda,embedding,0.642888,groq_batch_13r_outputs.normalized,"2026-04-07 12:36:05",
concept_theme_cf58c74dc5bc,concept_theme_24dd1ca79d25,embedding,0.639202,groq_batch_13r_outputs.normalized,"2026-04-07 12:36:05",
concept_example_40b0b60a19d9,concept_theme_0fbe4e2fda0d,embedding,0.751838,groq_batch_13r_outputs.normalized,"2026-04-07 12:36:05",
concept_example_40b0b60a19d9,concept_insight_b501128ae055,embedding,0.685117,groq_batch_13r_outputs.normalized,"2026-04-07 12:36:05",
concept_organization_cbf85a1b2a0c,concept_theme_3ff32f9f49ec,embedding,0.702352,groq_batch_13r_outputs.normalized,"2026-04-07 12:36:05",
concept_organization_cbf85a1b2a0c,concept_organization_96e1936d5f1d,embedding,0.672996,groq_batch_13r_outputs.normalized,"2026-04-07 12:36:05",
concept_organization_cbf85a1b2a0c,concept_organization_1ed16d4a9679,embedding,0.615253,groq_batch_13r_outputs.normalized,"2026-04-07 12:36:05",
concept_organization_cbf85a1b2a0c,concept_insight_013596266b23,embedding,0.60758,groq_batch_13r_outputs.normalized,"2026-04-07 12:36:05",
concept_organization_cbf85a1b2a0c,concept_organization_813cfe2f8018,embedding,0.607536,groq_batch_13r_outputs.normalized,"2026-04-07 12:36:05",
concept_organization_cbf85a1b2a0c,concept_organization_2855bc13f39c,embedding,0.586249,groq_batch_13r_outputs.normalized,"2026-04-07 12:36:05",
concept_organization_cbf85a1b2a0c,concept_concept_9faf2c5e903f,embedding,0.582254,groq_batch_13r_outputs.normalized,"2026-04-07 12:36:05",
concept_organization_cbf85a1b2a0c,concept_organization_b6a4497856e2,embedding,0.575267,groq_batch_13r_outputs.normalized,"2026-04-07 12:36:05",
concept_organization_1ed16d4a9679,concept_organization_2855bc13f39c,embedding,0.716521,groq_batch_13r_outputs.normalized,"2026-04-07 12:36:05",
concept_organization_1ed16d4a9679,concept_organization_44d535644dc0,embedding,0.691867,groq_batch_13r_outputs.normalized,"2026-04-07 12:36:05",
concept_organization_1ed16d4a9679,concept_organization_cc6183c7e6ae,embedding,0.684815,groq_batch_13r_outputs.normalized,"2026-04-07 12:36:05",
concept_organization_1ed16d4a9679,concept_organization_813cfe2f8018,embedding,0.682421,groq_batch_13r_outputs.normalized,"2026-04-07 12:36:05",
concept_organization_1ed16d4a9679,concept_concept_e52dc1b5fbca,embedding,0.650305,groq_batch_13r_outputs.normalized,"2026-04-07 12:36:05",
concept_organization_1ed16d4a9679,concept_concept_1fca78ffffb2,embedding,0.648813,groq_batch_13r_outputs.normalized,"2026-04-07 12:36:05",
concept_organization_1ed16d4a9679,concept_concept_98398f0335f0,embedding,0.638262,groq_batch_13r_outputs.normalized,"2026-04-07 12:36:05",
concept_organization_1ed16d4a9679,concept_example_002bbaf681b5,embedding,0.619732,groq_batch_13r_outputs.normalized,"2026-04-07 12:36:05",
concept_organization_2855bc13f39c,concept_organization_1ed16d4a9679,embedding,0.716521,groq_batch_13r_outputs.normalized,"2026-04-07 12:36:05",
concept_organization_2855bc13f39c,concept_concept_e52dc1b5fbca,embedding,0.713729,groq_batch_13r_outputs.normalized,"2026-04-07 12:36:05",
concept_organization_2855bc13f39c,concept_concept_1fca78ffffb2,embedding,0.697446,groq_batch_13r_outputs.normalized,"2026-04-07 12:36:05",
concept_organization_2855bc13f39c,concept_concept_98398f0335f0,embedding,0.676693,groq_batch_13r_outputs.normalized,"2026-04-07 12:36:05",
concept_organization_2855bc13f39c,concept_concept_9faf2c5e903f,embedding,0.642319,groq_batch_13r_outputs.normalized,"2026-04-07 12:36:05",
concept_organization_2855bc13f39c,concept_organization_7cc7b8406153,embedding,0.629763,groq_batch_13r_outputs.normalized,"2026-04-07 12:36:05",
concept_organization_2855bc13f39c,concept_organization_44d535644dc0,embedding,0.626898,groq_batch_13r_outputs.normalized,"2026-04-07 12:36:05",
concept_organization_2855bc13f39c,concept_organization_cc6183c7e6ae,embedding,0.62575,groq_batch_13r_outputs.normalized,"2026-04-07 12:36:05",
concept_concept_3e383ae2717e,concept_theme_7df4f3e3d80b,embedding,0.763694,groq_batch_13r_outputs.normalized,"2026-04-07 12:36:05",
concept_concept_3e383ae2717e,concept_concept_dc6ee4cdb9aa,embedding,0.745833,groq_batch_13r_outputs.normalized,"2026-04-07 12:36:05",
concept_concept_3e383ae2717e,concept_domain_232eb9300d28,embedding,0.680763,groq_batch_13r_outputs.normalized,"2026-04-07 12:36:05",
concept_concept_3e383ae2717e,concept_concept_98398f0335f0,embedding,0.665474,groq_batch_13r_outputs.normalized,"2026-04-07 12:36:05",
concept_concept_3e383ae2717e,concept_concept_937b9e6e0a5a,embedding,0.660956,groq_batch_13r_outputs.normalized,"2026-04-07 12:36:05",
concept_concept_3e383ae2717e,concept_concept_e52dc1b5fbca,embedding,0.658491,groq_batch_13r_outputs.normalized,"2026-04-07 12:36:05",
concept_concept_3e383ae2717e,concept_concept_1fca78ffffb2,embedding,0.657753,groq_batch_13r_outputs.normalized,"2026-04-07 12:36:05",
concept_concept_3e383ae2717e,concept_insight_5b846f78bd84,embedding,0.657554,groq_batch_13r_outputs.normalized,"2026-04-07 12:36:05",
concept_concept_53c051279c7e,concept_theme_38b944c29632,embedding,0.628252,groq_batch_13r_outputs.normalized,"2026-04-07 12:36:06",
concept_concept_53c051279c7e,concept_theme_cf58c74dc5bc,embedding,0.613397,groq_batch_13r_outputs.normalized,"2026-04-07 12:36:06",
concept_concept_53c051279c7e,concept_framework_422f1769eb93,embedding,0.612752,groq_batch_13r_outputs.normalized,"2026-04-07 12:36:06",
concept_concept_53c051279c7e,concept_concept_98398f0335f0,embedding,0.609185,groq_batch_13r_outputs.normalized,"2026-04-07 12:36:06",
concept_concept_53c051279c7e,concept_concept_e52dc1b5fbca,embedding,0.608853,groq_batch_13r_outputs.normalized,"2026-04-07 12:36:06",
concept_concept_53c051279c7e,concept_concept_1fca78ffffb2,embedding,0.577341,groq_batch_13r_outputs.normalized,"2026-04-07 12:36:06",
concept_concept_53c051279c7e,concept_concept_7091d2715a81,embedding,0.575921,groq_batch_13r_outputs.normalized,"2026-04-07 12:36:06",
concept_concept_53c051279c7e,concept_concept_9faf2c5e903f,embedding,0.569069,groq_batch_13r_outputs.normalized,"2026-04-07 12:36:06",
concept_concept_02c894f84139,concept_framework_337240a96f40,embedding,0.582711,groq_batch_13r_outputs.normalized,"2026-04-07 12:36:06",
concept_tool_377cb68e8d54,concept_concept_3e383ae2717e,embedding,0.631786,groq_batch_13r_outputs.normalized,"2026-04-07 12:36:06",
concept_quote_4210556eb91b,concept_quote_f67fed3093d6,embedding,0.587669,groq_batch_13r_outputs.normalized,"2026-04-07 12:36:06",
concept_quote_4210556eb91b,concept_quote_a2986c10a43f,embedding,0.563412,groq_batch_13r_outputs.normalized,"2026-04-07 12:36:06",
concept_concept_6eee5f5be857,concept_concept_dc6ee4cdb9aa,embedding,0.638857,groq_batch_13r_outputs.normalized,"2026-04-07 12:36:06",
concept_concept_6eee5f5be857,concept_theme_7df4f3e3d80b,embedding,0.607847,groq_batch_13r_outputs.normalized,"2026-04-07 12:36:06",
concept_concept_6eee5f5be857,concept_concept_3e383ae2717e,embedding,0.600935,groq_batch_13r_outputs.normalized,"2026-04-07 12:36:06",
concept_concept_6eee5f5be857,concept_concept_7091d2715a81,embedding,0.58502,groq_batch_13r_outputs.normalized,"2026-04-07 12:36:06",
concept_concept_6eee5f5be857,concept_concept_98398f0335f0,embedding,0.579423,groq_batch_13r_outputs.normalized,"2026-04-07 12:36:06",
concept_concept_6eee5f5be857,concept_concept_d6d3aad7d086,embedding,0.578793,groq_batch_13r_outputs.normalized,"2026-04-07 12:36:06",
concept_concept_6eee5f5be857,concept_concept_ddc45b4288a0,embedding,0.578664,groq_batch_13r_outputs.normalized,"2026-04-07 12:36:06",
concept_concept_6eee5f5be857,concept_theme_1d264c8c4e5a,embedding,0.573465,groq_batch_13r_outputs.normalized,"2026-04-07 12:36:06",
concept_problem_50945df8dbbb,concept_problem_7e804a096195,embedding,0.602257,groq_batch_13r_outputs.normalized,"2026-04-07 12:36:06",
concept_problem_50945df8dbbb,concept_insight_b7e24a453680,embedding,0.561353,groq_batch_13r_outputs.normalized,"2026-04-07 12:36:06",
concept_insight_b501128ae055,concept_theme_0fbe4e2fda0d,embedding,0.68638,groq_batch_13r_outputs.normalized,"2026-04-07 12:36:06",
concept_insight_b501128ae055,concept_example_40b0b60a19d9,embedding,0.685117,groq_batch_13r_outputs.normalized,"2026-04-07 12:36:06",
concept_insight_013596266b23,concept_insight_8e442199e39c,embedding,0.638936,groq_batch_13r_outputs.normalized,"2026-04-07 12:36:06",
concept_insight_013596266b23,concept_organization_cbf85a1b2a0c,embedding,0.60758,groq_batch_13r_outputs.normalized,"2026-04-07 12:36:06",
concept_insight_013596266b23,concept_insight_5b846f78bd84,embedding,0.602369,groq_batch_13r_outputs.normalized,"2026-04-07 12:36:06",
concept_insight_013596266b23,concept_insight_e824b5e21e39,embedding,0.592691,groq_batch_13r_outputs.normalized,"2026-04-07 12:36:06",
concept_insight_013596266b23,concept_theme_3ff32f9f49ec,embedding,0.576597,groq_batch_13r_outputs.normalized,"2026-04-07 12:36:06",
concept_insight_013596266b23,concept_insight_b7e0f0d7c69c,embedding,0.557461,groq_batch_13r_outputs.normalized,"2026-04-07 12:36:06",
concept_insight_013596266b23,concept_insight_f7727fcdb173,embedding,0.55373,groq_batch_13r_outputs.normalized,"2026-04-07 12:36:06",
concept_insight_5b846f78bd84,concept_insight_8e442199e39c,embedding,0.680043,groq_batch_13r_outputs.normalized,"2026-04-07 12:36:06",
concept_insight_5b846f78bd84,concept_insight_88b1b52e8dca,embedding,0.665176,groq_batch_13r_outputs.normalized,"2026-04-07 12:36:06",
concept_insight_5b846f78bd84,concept_insight_b17947dfee84,embedding,0.662136,groq_batch_13r_outputs.normalized,"2026-04-07 12:36:06",
concept_insight_5b846f78bd84,concept_insight_08d14842ffcd,embedding,0.659674,groq_batch_13r_outputs.normalized,"2026-04-07 12:36:06",
concept_insight_5b846f78bd84,concept_concept_3e383ae2717e,embedding,0.657554,groq_batch_13r_outputs.normalized,"2026-04-07 12:36:06",
concept_insight_5b846f78bd84,concept_insight_e824b5e21e39,embedding,0.647177,groq_batch_13r_outputs.normalized,"2026-04-07 12:36:06",
concept_insight_5b846f78bd84,concept_insight_d6c851d169ce,embedding,0.633229,groq_batch_13r_outputs.normalized,"2026-04-07 12:36:06",
concept_insight_5b846f78bd84,concept_insight_b7e24a453680,embedding,0.625973,groq_batch_13r_outputs.normalized,"2026-04-07 12:36:06",
concept_insight_70391b35c925,concept_insight_b7e24a453680,embedding,0.682691,groq_batch_13r_outputs.normalized,"2026-04-07 12:36:06",
concept_insight_70391b35c925,concept_insight_b7e0f0d7c69c,embedding,0.599285,groq_batch_13r_outputs.normalized,"2026-04-07 12:36:06",
concept_insight_70391b35c925,concept_insight_e824b5e21e39,embedding,0.579181,groq_batch_13r_outputs.normalized,"2026-04-07 12:36:06",
concept_insight_b7e0f0d7c69c,concept_insight_e824b5e21e39,embedding,0.733,groq_batch_13r_outputs.normalized,"2026-04-07 12:36:06",
concept_insight_b7e0f0d7c69c,concept_insight_cd0e0eb65e53,embedding,0.659132,groq_batch_13r_outputs.normalized,"2026-04-07 12:36:06",
concept_insight_b7e0f0d7c69c,concept_insight_ce4295fce154,embedding,0.648753,groq_batch_13r_outputs.normalized,"2026-04-07 12:36:06",
concept_insight_b7e0f0d7c69c,concept_insight_8e442199e39c,embedding,0.642557,groq_batch_13r_outputs.normalized,"2026-04-07 12:36:06",
concept_insight_b7e0f0d7c69c,concept_insight_08d14842ffcd,embedding,0.635023,groq_batch_13r_outputs.normalized,"2026-04-07 12:36:06",
concept_insight_b7e0f0d7c69c,concept_theme_cf58c74dc5bc,embedding,0.61786,groq_batch_13r_outputs.normalized,"2026-04-07 12:36:06",
concept_insight_b7e0f0d7c69c,concept_insight_5b846f78bd84,embedding,0.601355,groq_batch_13r_outputs.normalized,"2026-04-07 12:36:06",
concept_insight_b7e0f0d7c69c,concept_insight_70391b35c925,embedding,0.599285,groq_batch_13r_outputs.normalized,"2026-04-07 12:36:06",
concept_insight_b7e24a453680,concept_insight_70391b35c925,embedding,0.682691,groq_batch_13r_outputs.normalized,"2026-04-07 12:36:06",
concept_insight_b7e24a453680,concept_insight_5b846f78bd84,embedding,0.625973,groq_batch_13r_outputs.normalized,"2026-04-07 12:36:06",
concept_insight_b7e24a453680,concept_insight_08d14842ffcd,embedding,0.604693,groq_batch_13r_outputs.normalized,"2026-04-07 12:36:06",
concept_insight_b7e24a453680,concept_insight_f7727fcdb173,embedding,0.600182,groq_batch_13r_outputs.normalized,"2026-04-07 12:36:06",
concept_insight_b7e24a453680,concept_insight_e824b5e21e39,embedding,0.591633,groq_batch_13r_outputs.normalized,"2026-04-07 12:36:06",
concept_insight_b7e24a453680,concept_insight_b17947dfee84,embedding,0.585333,groq_batch_13r_outputs.normalized,"2026-04-07 12:36:06",
concept_insight_b7e24a453680,concept_insight_0ad6899a15b5,embedding,0.584033,groq_batch_13r_outputs.normalized,"2026-04-07 12:36:06",
concept_insight_b7e24a453680,concept_insight_8e442199e39c,embedding,0.580928,groq_batch_13r_outputs.normalized,"2026-04-07 12:36:06",
concept_insight_e824b5e21e39,concept_insight_b7e0f0d7c69c,embedding,0.733,groq_batch_13r_outputs.normalized,"2026-04-07 12:36:06",
concept_insight_e824b5e21e39,concept_insight_08d14842ffcd,embedding,0.689433,groq_batch_13r_outputs.normalized,"2026-04-07 12:36:06",
concept_insight_e824b5e21e39,concept_insight_8e442199e39c,embedding,0.670992,groq_batch_13r_outputs.normalized,"2026-04-07 12:36:06",
concept_insight_e824b5e21e39,concept_insight_cd0e0eb65e53,embedding,0.662125,groq_batch_13r_outputs.normalized,"2026-04-07 12:36:06",
concept_insight_e824b5e21e39,concept_insight_5b846f78bd84,embedding,0.647177,groq_batch_13r_outputs.normalized,"2026-04-07 12:36:06",
concept_insight_e824b5e21e39,concept_insight_ce4295fce154,embedding,0.626256,groq_batch_13r_outputs.normalized,"2026-04-07 12:36:06",
concept_insight_e824b5e21e39,concept_insight_7d335d1cb893,embedding,0.615875,groq_batch_13r_outputs.normalized,"2026-04-07 12:36:06",
concept_insight_e824b5e21e39,concept_insight_f7727fcdb173,embedding,0.606665,groq_batch_13r_outputs.normalized,"2026-04-07 12:36:06",
concept_insight_511e47b693fc,concept_insight_0a53ef175f33,embedding,0.615645,groq_batch_13r_outputs.normalized,"2026-04-07 12:36:06",
concept_insight_511e47b693fc,concept_insight_7a031f02124a,embedding,0.578385,groq_batch_13r_outputs.normalized,"2026-04-07 12:36:06",
concept_insight_511e47b693fc,concept_problem_7e804a096195,embedding,0.559235,groq_batch_13r_outputs.normalized,"2026-04-07 12:36:06",
concept_insight_511e47b693fc,concept_organization_7cc7b8406153,embedding,0.556027,groq_batch_13r_outputs.normalized,"2026-04-07 12:36:06",
concept_domain_71392c689382,concept_domain_ec0eb439899e,embedding,0.801724,groq_batch_13r_outputs.normalized,"2026-04-07 12:36:06",
concept_domain_71392c689382,concept_domain_cae9453bc958,embedding,0.735889,groq_batch_13r_outputs.normalized,"2026-04-07 12:36:06",
concept_domain_71392c689382,concept_domain_e8f8911d9105,embedding,0.732692,groq_batch_13r_outputs.normalized,"2026-04-07 12:36:06",
concept_domain_71392c689382,concept_domain_86d37f6c96c1,embedding,0.710887,groq_batch_13r_outputs.normalized,"2026-04-07 12:36:06",
concept_domain_71392c689382,concept_domain_10549d935983,embedding,0.70518,groq_batch_13r_outputs.normalized,"2026-04-07 12:36:06",
concept_domain_71392c689382,concept_domain_fe3d1148f3ef,embedding,0.696035,groq_batch_13r_outputs.normalized,"2026-04-07 12:36:06",
concept_domain_71392c689382,concept_domain_1602bd03169f,embedding,0.693968,groq_batch_13r_outputs.normalized,"2026-04-07 12:36:06",
concept_domain_71392c689382,concept_domain_5263cb23e03c,embedding,0.693497,groq_batch_13r_outputs.normalized,"2026-04-07 12:36:06",
concept_theme_1f09b347acb4,concept_theme_dd615f11df34,embedding,0.714181,groq_batch_13r_outputs.normalized,"2026-04-07 12:36:06",
concept_theme_1f09b347acb4,concept_theme_e2d0e38cfde1,embedding,0.662481,groq_batch_13r_outputs.normalized,"2026-04-07 12:36:06",
concept_theme_1f09b347acb4,concept_theme_b187b980d542,embedding,0.611389,groq_batch_13r_outputs.normalized,"2026-04-07 12:36:06",
concept_theme_1f09b347acb4,concept_theme_f4d50e998dcc,embedding,0.608494,groq_batch_13r_outputs.normalized,"2026-04-07 12:36:06",
concept_theme_1f09b347acb4,concept_theme_7575d727932f,embedding,0.606616,groq_batch_13r_outputs.normalized,"2026-04-07 12:36:06",
concept_theme_1f09b347acb4,concept_theme_ef2718110e9e,embedding,0.600544,groq_batch_13r_outputs.normalized,"2026-04-07 12:36:06",
concept_theme_1f09b347acb4,concept_theme_f636fcc71916,embedding,0.585334,groq_batch_13r_outputs.normalized,"2026-04-07 12:36:06",
concept_theme_1f09b347acb4,concept_theme_38b944c29632,embedding,0.585041,groq_batch_13r_outputs.normalized,"2026-04-07 12:36:06",
concept_theme_0643c166f9c9,concept_theme_5240b182cb33,embedding,0.684601,groq_batch_13r_outputs.normalized,"2026-04-07 12:36:06",
concept_theme_0643c166f9c9,concept_theme_7575d727932f,embedding,0.647868,groq_batch_13r_outputs.normalized,"2026-04-07 12:36:06",
concept_theme_0643c166f9c9,concept_theme_ef2718110e9e,embedding,0.626642,groq_batch_13r_outputs.normalized,"2026-04-07 12:36:06",
concept_theme_0643c166f9c9,concept_theme_9edcea900bda,embedding,0.624811,groq_batch_13r_outputs.normalized,"2026-04-07 12:36:06",
concept_theme_0643c166f9c9,concept_theme_f156a24f6899,embedding,0.620537,groq_batch_13r_outputs.normalized,"2026-04-07 12:36:06",
concept_theme_0643c166f9c9,concept_theme_cc4b66d16c07,embedding,0.619707,groq_batch_13r_outputs.normalized,"2026-04-07 12:36:06",
concept_theme_0643c166f9c9,concept_theme_cf58c74dc5bc,embedding,0.616097,groq_batch_13r_outputs.normalized,"2026-04-07 12:36:06",
concept_theme_0643c166f9c9,concept_theme_d1bb3a733135,embedding,0.615285,groq_batch_13r_outputs.normalized,"2026-04-07 12:36:06",
concept_theme_021670d1b86c,concept_theme_9edcea900bda,embedding,0.631677,groq_batch_13r_outputs.normalized,"2026-04-07 12:36:06",
concept_theme_021670d1b86c,concept_theme_8e269d61b3b7,embedding,0.625422,groq_batch_13r_outputs.normalized,"2026-04-07 12:36:06",
concept_theme_021670d1b86c,concept_theme_e2d0e38cfde1,embedding,0.621139,groq_batch_13r_outputs.normalized,"2026-04-07 12:36:06",
concept_theme_021670d1b86c,concept_theme_a13f57c75b49,embedding,0.617671,groq_batch_13r_outputs.normalized,"2026-04-07 12:36:06",
concept_theme_021670d1b86c,concept_theme_5cbed3fc17c4,embedding,0.61389,groq_batch_13r_outputs.normalized,"2026-04-07 12:36:06",
concept_theme_021670d1b86c,concept_theme_b187b980d542,embedding,0.613174,groq_batch_13r_outputs.normalized,"2026-04-07 12:36:06",
concept_theme_021670d1b86c,concept_theme_0643c166f9c9,embedding,0.612678,groq_batch_13r_outputs.normalized,"2026-04-07 12:36:06",
concept_theme_021670d1b86c,concept_theme_7575d727932f,embedding,0.611464,groq_batch_13r_outputs.normalized,"2026-04-07 12:36:06",
concept_theme_b187b980d542,concept_question_566f0075787f,embedding,0.703187,groq_batch_13r_outputs.normalized,"2026-04-07 12:36:06",
concept_theme_b187b980d542,concept_theme_f4d50e998dcc,embedding,0.643585,groq_batch_13r_outputs.normalized,"2026-04-07 12:36:06",
concept_theme_b187b980d542,concept_theme_e2d0e38cfde1,embedding,0.635956,groq_batch_13r_outputs.normalized,"2026-04-07 12:36:06",
concept_theme_b187b980d542,concept_theme_e4e20b6dd893,embedding,0.620094,groq_batch_13r_outputs.normalized,"2026-04-07 12:36:06",
concept_theme_b187b980d542,concept_theme_021670d1b86c,embedding,0.613174,groq_batch_13r_outputs.normalized,"2026-04-07 12:36:06",
concept_theme_b187b980d542,concept_theme_cc4b66d16c07,embedding,0.612692,groq_batch_13r_outputs.normalized,"2026-04-07 12:36:06",
concept_theme_b187b980d542,concept_theme_1f09b347acb4,embedding,0.611389,groq_batch_13r_outputs.normalized,"2026-04-07 12:36:06",
concept_theme_b187b980d542,concept_theme_f636fcc71916,embedding,0.610095,groq_batch_13r_outputs.normalized,"2026-04-07 12:36:06",
concept_theme_dd615f11df34,concept_concept_81a247783434,embedding,0.731974,groq_batch_13r_outputs.normalized,"2026-04-07 12:36:06",
concept_theme_dd615f11df34,concept_theme_1f09b347acb4,embedding,0.714181,groq_batch_13r_outputs.normalized,"2026-04-07 12:36:06",
concept_theme_dd615f11df34,concept_theme_5240b182cb33,embedding,0.697788,groq_batch_13r_outputs.normalized,"2026-04-07 12:36:06",
concept_theme_dd615f11df34,concept_theme_844f8ad3dc0e,embedding,0.664855,groq_batch_13r_outputs.normalized,"2026-04-07 12:36:06",
concept_theme_dd615f11df34,concept_insight_eb940e7a8988,embedding,0.644315,groq_batch_13r_outputs.normalized,"2026-04-07 12:36:06",
concept_theme_dd615f11df34,concept_theme_dbf2642a8ec3,embedding,0.619896,groq_batch_13r_outputs.normalized,"2026-04-07 12:36:06",
concept_theme_dd615f11df34,concept_theme_ef2718110e9e,embedding,0.617166,groq_batch_13r_outputs.normalized,"2026-04-07 12:36:06",
concept_theme_dd615f11df34,concept_theme_0643c166f9c9,embedding,0.605094,groq_batch_13r_outputs.normalized,"2026-04-07 12:36:06",
concept_theme_180e409bd4e6,concept_theme_c0edc0bf578f,embedding,0.686779,groq_batch_13r_outputs.normalized,"2026-04-07 12:36:06",
concept_theme_180e409bd4e6,concept_concept_c0083937037f,embedding,0.642674,groq_batch_13r_outputs.normalized,"2026-04-07 12:36:06",
concept_theme_180e409bd4e6,concept_theme_e4e20b6dd893,embedding,0.638306,groq_batch_13r_outputs.normalized,"2026-04-07 12:36:06",
concept_theme_180e409bd4e6,concept_theme_dbf2642a8ec3,embedding,0.631353,groq_batch_13r_outputs.normalized,"2026-04-07 12:36:06",
concept_theme_180e409bd4e6,concept_theme_2c6c49c54bbd,embedding,0.62758,groq_batch_13r_outputs.normalized,"2026-04-07 12:36:06",
concept_theme_180e409bd4e6,concept_theme_4a9f91d1240d,embedding,0.627481,groq_batch_13r_outputs.normalized,"2026-04-07 12:36:06",
concept_theme_180e409bd4e6,concept_theme_10c25fc2865c,embedding,0.624178,groq_batch_13r_outputs.normalized,"2026-04-07 12:36:06",
concept_theme_180e409bd4e6,concept_theme_7575d727932f,embedding,0.609131,groq_batch_13r_outputs.normalized,"2026-04-07 12:36:06",
concept_concept_2245ebfa3ca9,concept_insight_4b7ece2ebbf1,embedding,0.731917,groq_batch_13r_outputs.normalized,"2026-04-07 12:36:06",
concept_framework_163c2bb4bb8c,concept_insight_c42806f310cf,embedding,0.759444,groq_batch_13r_outputs.normalized,"2026-04-07 12:36:06",
concept_framework_163c2bb4bb8c,concept_concept_7091d2715a81,embedding,0.568091,groq_batch_13r_outputs.normalized,"2026-04-07 12:36:06",
concept_data_04dee9da297a,concept_problem_37e9ae5eb77a,embedding,0.613318,groq_batch_13r_outputs.normalized,"2026-04-07 12:36:06",
concept_data_04dee9da297a,concept_theme_0643c166f9c9,embedding,0.612729,groq_batch_13r_outputs.normalized,"2026-04-07 12:36:06",
concept_data_04dee9da297a,concept_domain_232eb9300d28,embedding,0.55728,groq_batch_13r_outputs.normalized,"2026-04-07 12:36:06",
concept_theory_5f1e28e6f2aa,concept_insight_0ad6899a15b5,embedding,0.692174,groq_batch_13r_outputs.normalized,"2026-04-07 12:36:06",
concept_theory_5f1e28e6f2aa,concept_concept_ee5c67875d9b,embedding,0.617574,groq_batch_13r_outputs.normalized,"2026-04-07 12:36:06",
concept_theory_5f1e28e6f2aa,concept_concept_7091d2715a81,embedding,0.611626,groq_batch_13r_outputs.normalized,"2026-04-07 12:36:06",
concept_theory_5f1e28e6f2aa,concept_concept_e52dc1b5fbca,embedding,0.581797,groq_batch_13r_outputs.normalized,"2026-04-07 12:36:06",
concept_theory_5f1e28e6f2aa,concept_concept_9faf2c5e903f,embedding,0.574746,groq_batch_13r_outputs.normalized,"2026-04-07 12:36:06",
concept_theory_5f1e28e6f2aa,concept_concept_98398f0335f0,embedding,0.570855,groq_batch_13r_outputs.normalized,"2026-04-07 12:36:06",
concept_theory_5f1e28e6f2aa,concept_concept_88bb6fcdb482,embedding,0.568687,groq_batch_13r_outputs.normalized,"2026-04-07 12:36:06",
concept_theory_5f1e28e6f2aa,concept_concept_0799453ba742,embedding,0.566164,groq_batch_13r_outputs.normalized,"2026-04-07 12:36:06",
concept_concept_81a247783434,concept_theme_dd615f11df34,embedding,0.731974,groq_batch_13r_outputs.normalized,"2026-04-07 12:36:06",
concept_concept_81a247783434,concept_insight_eb940e7a8988,embedding,0.622298,groq_batch_13r_outputs.normalized,"2026-04-07 12:36:06",
concept_problem_37e9ae5eb77a,concept_data_04dee9da297a,embedding,0.613318,groq_batch_13r_outputs.normalized,"2026-04-07 12:36:06",
concept_question_566f0075787f,concept_theme_b187b980d542,embedding,0.703187,groq_batch_13r_outputs.normalized,"2026-04-07 12:36:06",
concept_question_566f0075787f,concept_concept_d6d3aad7d086,embedding,0.56629,groq_batch_13r_outputs.normalized,"2026-04-07 12:36:06",
concept_question_566f0075787f,concept_concept_1fca78ffffb2,embedding,0.550228,groq_batch_13r_outputs.normalized,"2026-04-07 12:36:06",
concept_concept_c0083937037f,concept_theme_180e409bd4e6,embedding,0.642674,groq_batch_13r_outputs.normalized,"2026-04-07 12:36:06",
concept_concept_c0083937037f,concept_concept_b4a3b4f10ec7,embedding,0.602924,groq_batch_13r_outputs.normalized,"2026-04-07 12:36:06",
concept_concept_c0083937037f,concept_concept_2cb228cf1194,embedding,0.575232,groq_batch_13r_outputs.normalized,"2026-04-07 12:36:06",
concept_concept_c0083937037f,concept_theme_10c25fc2865c,embedding,0.569424,groq_batch_13r_outputs.normalized,"2026-04-07 12:36:06",
concept_example_3b526063e9aa,concept_concept_7091d2715a81,embedding,0.593775,groq_batch_13r_outputs.normalized,"2026-04-07 12:36:06",
concept_example_3b526063e9aa,concept_concept_98398f0335f0,embedding,0.561437,groq_batch_13r_outputs.normalized,"2026-04-07 12:36:06",
concept_example_3b526063e9aa,concept_concept_21f4adf0ff0d,embedding,0.555231,groq_batch_13r_outputs.normalized,"2026-04-07 12:36:06",
concept_example_3b526063e9aa,concept_concept_e52dc1b5fbca,embedding,0.551874,groq_batch_13r_outputs.normalized,"2026-04-07 12:36:06",
concept_person_80c8a709ec58,concept_organization_cc6183c7e6ae,embedding,0.613871,groq_batch_13r_outputs.normalized,"2026-04-07 12:36:06",
concept_person_80c8a709ec58,concept_example_002bbaf681b5,embedding,0.599684,groq_batch_13r_outputs.normalized,"2026-04-07 12:36:06",
concept_person_80c8a709ec58,concept_concept_107a1b377f11,embedding,0.58749,groq_batch_13r_outputs.normalized,"2026-04-07 12:36:06",
concept_person_80c8a709ec58,concept_concept_374ae172f793,embedding,0.582001,groq_batch_13r_outputs.normalized,"2026-04-07 12:36:06",
concept_person_80c8a709ec58,concept_organization_7cc7b8406153,embedding,0.57783,groq_batch_13r_outputs.normalized,"2026-04-07 12:36:06",
concept_person_80c8a709ec58,concept_concept_e52dc1b5fbca,embedding,0.57403,groq_batch_13r_outputs.normalized,"2026-04-07 12:36:06",
concept_person_80c8a709ec58,concept_concept_1fca78ffffb2,embedding,0.562954,groq_batch_13r_outputs.normalized,"2026-04-07 12:36:06",
concept_person_80c8a709ec58,concept_organization_813cfe2f8018,embedding,0.561436,groq_batch_13r_outputs.normalized,"2026-04-07 12:36:06",
concept_insight_006dbe86bdab,concept_insight_d6c851d169ce,embedding,0.564229,groq_batch_13r_outputs.normalized,"2026-04-07 12:36:06",
concept_insight_006dbe86bdab,concept_insight_28aeb1f16e83,embedding,0.563828,groq_batch_13r_outputs.normalized,"2026-04-07 12:36:06",
concept_insight_6a0c4476d4e8,concept_insight_08d14842ffcd,embedding,0.556518,groq_batch_13r_outputs.normalized,"2026-04-07 12:36:06",
concept_insight_4b7ece2ebbf1,concept_concept_2245ebfa3ca9,embedding,0.731917,groq_batch_13r_outputs.normalized,"2026-04-07 12:36:06",
concept_insight_eb940e7a8988,concept_theme_dd615f11df34,embedding,0.644315,groq_batch_13r_outputs.normalized,"2026-04-07 12:36:06",
concept_insight_eb940e7a8988,concept_insight_0a53ef175f33,embedding,0.631125,groq_batch_13r_outputs.normalized,"2026-04-07 12:36:06",
concept_insight_eb940e7a8988,concept_concept_81a247783434,embedding,0.622298,groq_batch_13r_outputs.normalized,"2026-04-07 12:36:06",
concept_insight_eb940e7a8988,concept_insight_7d335d1cb893,embedding,0.566759,groq_batch_13r_outputs.normalized,"2026-04-07 12:36:06",
concept_insight_eb940e7a8988,concept_insight_28aeb1f16e83,embedding,0.557525,groq_batch_13r_outputs.normalized,"2026-04-07 12:36:06",
concept_insight_cd0e0eb65e53,concept_insight_f2364366b111,embedding,0.672678,groq_batch_13r_outputs.normalized,"2026-04-07 12:36:06",
concept_insight_cd0e0eb65e53,concept_insight_ce4295fce154,embedding,0.6645,groq_batch_13r_outputs.normalized,"2026-04-07 12:36:06",
concept_insight_cd0e0eb65e53,concept_insight_e824b5e21e39,embedding,0.662125,groq_batch_13r_outputs.normalized,"2026-04-07 12:36:06",
concept_insight_cd0e0eb65e53,concept_insight_b7e0f0d7c69c,embedding,0.659132,groq_batch_13r_outputs.normalized,"2026-04-07 12:36:06",
concept_insight_cd0e0eb65e53,concept_insight_8e442199e39c,embedding,0.608084,groq_batch_13r_outputs.normalized,"2026-04-07 12:36:06",
concept_insight_cd0e0eb65e53,concept_insight_08d14842ffcd,embedding,0.591659,groq_batch_13r_outputs.normalized,"2026-04-07 12:36:06",
concept_insight_cd0e0eb65e53,concept_insight_0a53ef175f33,embedding,0.585582,groq_batch_13r_outputs.normalized,"2026-04-07 12:36:06",
concept_insight_cd0e0eb65e53,concept_insight_05aa6a7b8cdc,embedding,0.585261,groq_batch_13r_outputs.normalized,"2026-04-07 12:36:06",
concept_insight_c42806f310cf,concept_framework_163c2bb4bb8c,embedding,0.759444,groq_batch_13r_outputs.normalized,"2026-04-07 12:36:06",
concept_insight_c42806f310cf,concept_insight_8e7d70cde12a,embedding,0.6685,groq_batch_13r_outputs.normalized,"2026-04-07 12:36:06",
concept_insight_c42806f310cf,concept_insight_9a7172f1d8c8,embedding,0.649609,groq_batch_13r_outputs.normalized,"2026-04-07 12:36:06",
concept_insight_c42806f310cf,concept_insight_08d14842ffcd,embedding,0.578584,groq_batch_13r_outputs.normalized,"2026-04-07 12:36:06",
concept_insight_c42806f310cf,concept_insight_399c32fa40c8,embedding,0.569011,groq_batch_13r_outputs.normalized,"2026-04-07 12:36:06",
concept_insight_c42806f310cf,concept_insight_0a53ef175f33,embedding,0.556313,groq_batch_13r_outputs.normalized,"2026-04-07 12:36:06",
concept_insight_ce4295fce154,concept_insight_cd0e0eb65e53,embedding,0.6645,groq_batch_13r_outputs.normalized,"2026-04-07 12:36:06",
concept_insight_ce4295fce154,concept_insight_b7e0f0d7c69c,embedding,0.648753,groq_batch_13r_outputs.normalized,"2026-04-07 12:36:06",
concept_insight_ce4295fce154,concept_insight_08d14842ffcd,embedding,0.635087,groq_batch_13r_outputs.normalized,"2026-04-07 12:36:06",
concept_insight_ce4295fce154,concept_insight_e824b5e21e39,embedding,0.626256,groq_batch_13r_outputs.normalized,"2026-04-07 12:36:06",
concept_insight_ce4295fce154,concept_insight_b17947dfee84,embedding,0.620862,groq_batch_13r_outputs.normalized,"2026-04-07 12:36:06",
concept_insight_ce4295fce154,concept_insight_8e7d70cde12a,embedding,0.613205,groq_batch_13r_outputs.normalized,"2026-04-07 12:36:06",
concept_insight_ce4295fce154,concept_insight_3bfd9524af0f,embedding,0.598361,groq_batch_13r_outputs.normalized,"2026-04-07 12:36:06",
concept_insight_ce4295fce154,concept_insight_2abca14dbe74,embedding,0.59152,groq_batch_13r_outputs.normalized,"2026-04-07 12:36:06",
concept_insight_0ad6899a15b5,concept_theory_5f1e28e6f2aa,embedding,0.692174,groq_batch_13r_outputs.normalized,"2026-04-07 12:36:06",
concept_insight_0ad6899a15b5,concept_insight_0a53ef175f33,embedding,0.686129,groq_batch_13r_outputs.normalized,"2026-04-07 12:36:06",
concept_insight_0ad6899a15b5,concept_insight_b17947dfee84,embedding,0.640147,groq_batch_13r_outputs.normalized,"2026-04-07 12:36:06",
concept_insight_0ad6899a15b5,concept_insight_5b846f78bd84,embedding,0.604835,groq_batch_13r_outputs.normalized,"2026-04-07 12:36:06",
concept_insight_0ad6899a15b5,concept_insight_7a031f02124a,embedding,0.602083,groq_batch_13r_outputs.normalized,"2026-04-07 12:36:06",
concept_insight_0ad6899a15b5,concept_insight_08d14842ffcd,embedding,0.584592,groq_batch_13r_outputs.normalized,"2026-04-07 12:36:06",
concept_insight_0ad6899a15b5,concept_insight_b7e24a453680,embedding,0.584033,groq_batch_13r_outputs.normalized,"2026-04-07 12:36:06",
concept_insight_0ad6899a15b5,concept_insight_e824b5e21e39,embedding,0.566668,groq_batch_13r_outputs.normalized,"2026-04-07 12:36:06",
concept_domain_6a5413595b4b,concept_domain_68b5c531a430,embedding,0.788638,groq_batch_13r_outputs.normalized,"2026-04-07 12:36:06",
concept_domain_6a5413595b4b,concept_domain_cee803d4cfc3,embedding,0.764082,groq_batch_13r_outputs.normalized,"2026-04-07 12:36:06",
concept_domain_6a5413595b4b,concept_domain_1602bd03169f,embedding,0.728555,groq_batch_13r_outputs.normalized,"2026-04-07 12:36:06",
concept_domain_6a5413595b4b,concept_domain_823daac77dc4,embedding,0.71188,groq_batch_13r_outputs.normalized,"2026-04-07 12:36:06",
concept_domain_6a5413595b4b,concept_domain_caee2af76561,embedding,0.695825,groq_batch_13r_outputs.normalized,"2026-04-07 12:36:06",
concept_domain_6a5413595b4b,concept_domain_7049e80c45da,embedding,0.691198,groq_batch_13r_outputs.normalized,"2026-04-07 12:36:06",
concept_domain_6a5413595b4b,concept_concept_bc306f34f942,embedding,0.686289,groq_batch_13r_outputs.normalized,"2026-04-07 12:36:06",
concept_domain_6a5413595b4b,concept_domain_cae9453bc958,embedding,0.683284,groq_batch_13r_outputs.normalized,"2026-04-07 12:36:06",
concept_domain_ac24a4eaffb5,concept_domain_5263cb23e03c,embedding,0.855528,groq_batch_13r_outputs.normalized,"2026-04-07 12:36:07",
concept_domain_ac24a4eaffb5,concept_domain_cae9453bc958,embedding,0.755154,groq_batch_13r_outputs.normalized,"2026-04-07 12:36:07",
concept_domain_ac24a4eaffb5,concept_domain_ec0eb439899e,embedding,0.749134,groq_batch_13r_outputs.normalized,"2026-04-07 12:36:07",
concept_domain_ac24a4eaffb5,concept_domain_c8b3347b1708,embedding,0.705584,groq_batch_13r_outputs.normalized,"2026-04-07 12:36:07",
concept_domain_ac24a4eaffb5,concept_domain_c5e34dfeae31,embedding,0.696272,groq_batch_13r_outputs.normalized,"2026-04-07 12:36:07",
concept_domain_ac24a4eaffb5,concept_domain_0cb9c36cb6da,embedding,0.689423,groq_batch_13r_outputs.normalized,"2026-04-07 12:36:07",
concept_domain_ac24a4eaffb5,concept_domain_79be89866d06,embedding,0.687645,groq_batch_13r_outputs.normalized,"2026-04-07 12:36:07",
concept_domain_ac24a4eaffb5,concept_domain_1602bd03169f,embedding,0.683527,groq_batch_13r_outputs.normalized,"2026-04-07 12:36:07",
concept_theme_7e68b0631524,concept_theme_a97f965c53d2,embedding,0.811851,groq_batch_13r_outputs.normalized,"2026-04-07 12:36:07",
concept_theme_7e68b0631524,concept_theme_ab9dbb898396,embedding,0.801845,groq_batch_13r_outputs.normalized,"2026-04-07 12:36:07",
concept_theme_7e68b0631524,concept_problem_9880cf38291b,embedding,0.781822,groq_batch_13r_outputs.normalized,"2026-04-07 12:36:07",
concept_theme_7e68b0631524,concept_theme_10c25fc2865c,embedding,0.779813,groq_batch_13r_outputs.normalized,"2026-04-07 12:36:07",
concept_theme_7e68b0631524,concept_framework_9081d5142264,embedding,0.774526,groq_batch_13r_outputs.normalized,"2026-04-07 12:36:07",
concept_theme_7e68b0631524,concept_concept_f2a7c8c9e34a,embedding,0.747138,groq_batch_13r_outputs.normalized,"2026-04-07 12:36:07",
concept_theme_7e68b0631524,concept_concept_2cb228cf1194,embedding,0.746337,groq_batch_13r_outputs.normalized,"2026-04-07 12:36:07",
concept_theme_7e68b0631524,concept_project_a2ba647c923e,embedding,0.736717,groq_batch_13r_outputs.normalized,"2026-04-07 12:36:07",
concept_theme_a97f965c53d2,concept_problem_9880cf38291b,embedding,0.85595,groq_batch_13r_outputs.normalized,"2026-04-07 12:36:07",
concept_theme_a97f965c53d2,concept_theme_ab9dbb898396,embedding,0.847899,groq_batch_13r_outputs.normalized,"2026-04-07 12:36:07",
concept_theme_a97f965c53d2,concept_data_45a353c451c2,embedding,0.819626,groq_batch_13r_outputs.normalized,"2026-04-07 12:36:07",
concept_theme_a97f965c53d2,concept_theme_7e68b0631524,embedding,0.811851,groq_batch_13r_outputs.normalized,"2026-04-07 12:36:07",
concept_theme_a97f965c53d2,concept_project_a2ba647c923e,embedding,0.743401,groq_batch_13r_outputs.normalized,"2026-04-07 12:36:07",
concept_theme_a97f965c53d2,concept_theme_10c25fc2865c,embedding,0.740829,groq_batch_13r_outputs.normalized,"2026-04-07 12:36:07",
concept_theme_a97f965c53d2,concept_concept_2cb228cf1194,embedding,0.737674,groq_batch_13r_outputs.normalized,"2026-04-07 12:36:07",
concept_theme_a97f965c53d2,concept_insight_737a190feacc,embedding,0.732236,groq_batch_13r_outputs.normalized,"2026-04-07 12:36:07",
concept_theme_b8b7f4449f5b,concept_insight_d56292a6db7a,embedding,0.683992,groq_batch_13r_outputs.normalized,"2026-04-07 12:36:07",
concept_theme_b8b7f4449f5b,concept_theme_01d7c3fc0160,embedding,0.579447,groq_batch_13r_outputs.normalized,"2026-04-07 12:36:07",
concept_theme_b8b7f4449f5b,concept_domain_5326cf49f80e,embedding,0.554292,groq_batch_13r_outputs.normalized,"2026-04-07 12:36:07",
concept_theme_f92ad59e35f8,concept_concept_9df00cda61b5,embedding,0.780575,groq_batch_13r_outputs.normalized,"2026-04-07 12:36:07",
concept_theme_f92ad59e35f8,concept_theme_c0edc0bf578f,embedding,0.611074,groq_batch_13r_outputs.normalized,"2026-04-07 12:36:07",
concept_theme_f92ad59e35f8,concept_theme_882929a7b1fc,embedding,0.585191,groq_batch_13r_outputs.normalized,"2026-04-07 12:36:07",
concept_theme_f92ad59e35f8,concept_theme_ed51747319b1,embedding,0.5717,groq_batch_13r_outputs.normalized,"2026-04-07 12:36:07",
concept_theme_f92ad59e35f8,concept_theme_9edcea900bda,embedding,0.565974,groq_batch_13r_outputs.normalized,"2026-04-07 12:36:07",
concept_theme_f92ad59e35f8,concept_theme_dbf2642a8ec3,embedding,0.557651,groq_batch_13r_outputs.normalized,"2026-04-07 12:36:07",
concept_theme_f92ad59e35f8,concept_theme_e4e20b6dd893,embedding,0.55439,groq_batch_13r_outputs.normalized,"2026-04-07 12:36:07",
concept_theme_ab9dbb898396,concept_concept_f2a7c8c9e34a,embedding,0.881773,groq_batch_13r_outputs.normalized,"2026-04-07 12:36:07",
concept_theme_ab9dbb898396,concept_theme_a97f965c53d2,embedding,0.847899,groq_batch_13r_outputs.normalized,"2026-04-07 12:36:07",
concept_theme_ab9dbb898396,concept_problem_9880cf38291b,embedding,0.805374,groq_batch_13r_outputs.normalized,"2026-04-07 12:36:07",
concept_theme_ab9dbb898396,concept_theme_7e68b0631524,embedding,0.801845,groq_batch_13r_outputs.normalized,"2026-04-07 12:36:07",
concept_theme_ab9dbb898396,concept_insight_737a190feacc,embedding,0.766884,groq_batch_13r_outputs.normalized,"2026-04-07 12:36:07",
concept_theme_ab9dbb898396,concept_theme_10c25fc2865c,embedding,0.764803,groq_batch_13r_outputs.normalized,"2026-04-07 12:36:07",
concept_theme_ab9dbb898396,concept_problem_6acab62b2b77,embedding,0.75654,groq_batch_13r_outputs.normalized,"2026-04-07 12:36:07",
concept_theme_ab9dbb898396,concept_concept_2cb228cf1194,embedding,0.750382,groq_batch_13r_outputs.normalized,"2026-04-07 12:36:07",
concept_theme_523b48a108dd,concept_problem_fae9a26b1b5d,embedding,0.905748,groq_batch_13r_outputs.normalized,"2026-04-07 12:36:07",
concept_theme_523b48a108dd,concept_theme_ab9dbb898396,embedding,0.748899,groq_batch_13r_outputs.normalized,"2026-04-07 12:36:07",
concept_theme_523b48a108dd,concept_theme_a97f965c53d2,embedding,0.670853,groq_batch_13r_outputs.normalized,"2026-04-07 12:36:07",
concept_theme_523b48a108dd,concept_theme_1c8576ba87ea,embedding,0.66778,groq_batch_13r_outputs.normalized,"2026-04-07 12:36:07",
concept_theme_523b48a108dd,concept_theme_10c25fc2865c,embedding,0.667535,groq_batch_13r_outputs.normalized,"2026-04-07 12:36:07",
concept_theme_523b48a108dd,concept_insight_737a190feacc,embedding,0.628945,groq_batch_13r_outputs.normalized,"2026-04-07 12:36:07",
concept_theme_523b48a108dd,concept_insight_c5ab9b3a0390,embedding,0.62404,groq_batch_13r_outputs.normalized,"2026-04-07 12:36:07",
concept_theme_523b48a108dd,concept_theme_6db96ab49b6a,embedding,0.60661,groq_batch_13r_outputs.normalized,"2026-04-07 12:36:07",
concept_theme_202fa6cbd6fc,concept_theme_dbf2642a8ec3,embedding,0.697213,groq_batch_13r_outputs.normalized,"2026-04-07 12:36:07",
concept_theme_202fa6cbd6fc,concept_theme_ed51747319b1,embedding,0.63234,groq_batch_13r_outputs.normalized,"2026-04-07 12:36:07",
concept_theme_202fa6cbd6fc,concept_theme_c0edc0bf578f,embedding,0.613879,groq_batch_13r_outputs.normalized,"2026-04-07 12:36:07",
concept_theme_202fa6cbd6fc,concept_theme_5cbed3fc17c4,embedding,0.575116,groq_batch_13r_outputs.normalized,"2026-04-07 12:36:07",
concept_theme_202fa6cbd6fc,concept_theme_4f6b17dc1d5d,embedding,0.565084,groq_batch_13r_outputs.normalized,"2026-04-07 12:36:07",
concept_theme_202fa6cbd6fc,concept_theme_8861e0d208d4,embedding,0.553534,groq_batch_13r_outputs.normalized,"2026-04-07 12:36:07",
concept_theme_ce93101aa057,concept_theme_9bad5ae05f7a,embedding,0.714698,groq_batch_13r_outputs.normalized,"2026-04-07 12:36:07",
concept_theme_ce93101aa057,concept_concept_1aee207f7857,embedding,0.663521,groq_batch_13r_outputs.normalized,"2026-04-07 12:36:07",
concept_theme_ce93101aa057,concept_theme_9a858beb1019,embedding,0.59982,groq_batch_13r_outputs.normalized,"2026-04-07 12:36:07",
concept_theme_ce93101aa057,concept_theme_f156a24f6899,embedding,0.590472,groq_batch_13r_outputs.normalized,"2026-04-07 12:36:07",
concept_theme_ce93101aa057,concept_theme_820db04b004d,embedding,0.554784,groq_batch_13r_outputs.normalized,"2026-04-07 12:36:07",
concept_theme_48c2003a5d77,concept_concept_21f4adf0ff0d,embedding,0.782683,groq_batch_13r_outputs.normalized,"2026-04-07 12:36:07",
concept_theme_48c2003a5d77,concept_theme_43c39021bb74,embedding,0.653609,groq_batch_13r_outputs.normalized,"2026-04-07 12:36:07",
concept_theme_48c2003a5d77,concept_theme_523b48a108dd,embedding,0.564425,groq_batch_13r_outputs.normalized,"2026-04-07 12:36:07",
concept_theme_48c2003a5d77,concept_theme_ab9dbb898396,embedding,0.555744,groq_batch_13r_outputs.normalized,"2026-04-07 12:36:07",
concept_theme_10c25fc2865c,concept_framework_9081d5142264,embedding,0.812742,groq_batch_13r_outputs.normalized,"2026-04-07 12:36:07",
concept_theme_10c25fc2865c,concept_theme_7e68b0631524,embedding,0.779813,groq_batch_13r_outputs.normalized,"2026-04-07 12:36:07",
concept_theme_10c25fc2865c,concept_theme_ab9dbb898396,embedding,0.764803,groq_batch_13r_outputs.normalized,"2026-04-07 12:36:07",
concept_theme_10c25fc2865c,concept_theme_a97f965c53d2,embedding,0.740829,groq_batch_13r_outputs.normalized,"2026-04-07 12:36:07",
concept_theme_10c25fc2865c,concept_concept_2cb228cf1194,embedding,0.734018,groq_batch_13r_outputs.normalized,"2026-04-07 12:36:07",
concept_theme_10c25fc2865c,concept_project_a2ba647c923e,embedding,0.731275,groq_batch_13r_outputs.normalized,"2026-04-07 12:36:07",
concept_theme_10c25fc2865c,concept_concept_f2a7c8c9e34a,embedding,0.685796,groq_batch_13r_outputs.normalized,"2026-04-07 12:36:07",
concept_theme_10c25fc2865c,concept_problem_9880cf38291b,embedding,0.674005,groq_batch_13r_outputs.normalized,"2026-04-07 12:36:07",
concept_concept_2cb228cf1194,concept_problem_9880cf38291b,embedding,0.793268,groq_batch_13r_outputs.normalized,"2026-04-07 12:36:07",
concept_concept_2cb228cf1194,concept_concept_f2a7c8c9e34a,embedding,0.786086,groq_batch_13r_outputs.normalized,"2026-04-07 12:36:07",
concept_concept_2cb228cf1194,concept_framework_9081d5142264,embedding,0.769487,groq_batch_13r_outputs.normalized,"2026-04-07 12:36:07",
concept_concept_2cb228cf1194,concept_theme_ab9dbb898396,embedding,0.750382,groq_batch_13r_outputs.normalized,"2026-04-07 12:36:07",
concept_concept_2cb228cf1194,concept_theme_7e68b0631524,embedding,0.746337,groq_batch_13r_outputs.normalized,"2026-04-07 12:36:07",
concept_concept_2cb228cf1194,concept_data_45a353c451c2,embedding,0.745898,groq_batch_13r_outputs.normalized,"2026-04-07 12:36:07",
concept_concept_2cb228cf1194,concept_theme_a97f965c53d2,embedding,0.737674,groq_batch_13r_outputs.normalized,"2026-04-07 12:36:07",
concept_concept_2cb228cf1194,concept_theme_10c25fc2865c,embedding,0.734018,groq_batch_13r_outputs.normalized,"2026-04-07 12:36:07",
concept_problem_9880cf38291b,concept_theme_a97f965c53d2,embedding,0.85595,groq_batch_13r_outputs.normalized,"2026-04-07 12:36:07",
concept_problem_9880cf38291b,concept_theme_ab9dbb898396,embedding,0.805374,groq_batch_13r_outputs.normalized,"2026-04-07 12:36:07",
concept_problem_9880cf38291b,concept_insight_737a190feacc,embedding,0.795681,groq_batch_13r_outputs.normalized,"2026-04-07 12:36:07",
concept_problem_9880cf38291b,concept_problem_6acab62b2b77,embedding,0.795116,groq_batch_13r_outputs.normalized,"2026-04-07 12:36:07",
concept_problem_9880cf38291b,concept_data_45a353c451c2,embedding,0.793896,groq_batch_13r_outputs.normalized,"2026-04-07 12:36:07",
concept_problem_9880cf38291b,concept_concept_2cb228cf1194,embedding,0.793268,groq_batch_13r_outputs.normalized,"2026-04-07 12:36:07",
concept_problem_9880cf38291b,concept_concept_f2a7c8c9e34a,embedding,0.782526,groq_batch_13r_outputs.normalized,"2026-04-07 12:36:07",
concept_problem_9880cf38291b,concept_theme_7e68b0631524,embedding,0.781822,groq_batch_13r_outputs.normalized,"2026-04-07 12:36:07",
concept_data_45a353c451c2,concept_theme_a97f965c53d2,embedding,0.819626,groq_batch_13r_outputs.normalized,"2026-04-07 12:36:07",
concept_data_45a353c451c2,concept_problem_9880cf38291b,embedding,0.793896,groq_batch_13r_outputs.normalized,"2026-04-07 12:36:07",
concept_data_45a353c451c2,concept_concept_2cb228cf1194,embedding,0.745898,groq_batch_13r_outputs.normalized,"2026-04-07 12:36:07",
concept_data_45a353c451c2,concept_insight_00422009ca7d,embedding,0.717607,groq_batch_13r_outputs.normalized,"2026-04-07 12:36:07",
concept_data_45a353c451c2,concept_insight_737a190feacc,embedding,0.711511,groq_batch_13r_outputs.normalized,"2026-04-07 12:36:07",
concept_data_45a353c451c2,concept_project_a2ba647c923e,embedding,0.696328,groq_batch_13r_outputs.normalized,"2026-04-07 12:36:07",
concept_data_45a353c451c2,concept_theme_7e68b0631524,embedding,0.691818,groq_batch_13r_outputs.normalized,"2026-04-07 12:36:07",
concept_data_45a353c451c2,concept_theme_ab9dbb898396,embedding,0.688018,groq_batch_13r_outputs.normalized,"2026-04-07 12:36:07",
concept_project_a2ba647c923e,concept_framework_9081d5142264,embedding,0.787905,groq_batch_13r_outputs.normalized,"2026-04-07 12:36:07",
concept_project_a2ba647c923e,concept_problem_9880cf38291b,embedding,0.757901,groq_batch_13r_outputs.normalized,"2026-04-07 12:36:07",
concept_project_a2ba647c923e,concept_theme_a97f965c53d2,embedding,0.743401,groq_batch_13r_outputs.normalized,"2026-04-07 12:36:07",
concept_project_a2ba647c923e,concept_theme_7e68b0631524,embedding,0.736717,groq_batch_13r_outputs.normalized,"2026-04-07 12:36:07",
concept_project_a2ba647c923e,concept_theme_10c25fc2865c,embedding,0.731275,groq_batch_13r_outputs.normalized,"2026-04-07 12:36:07",
concept_project_a2ba647c923e,concept_theme_ab9dbb898396,embedding,0.707261,groq_batch_13r_outputs.normalized,"2026-04-07 12:36:07",
concept_project_a2ba647c923e,concept_concept_2cb228cf1194,embedding,0.703722,groq_batch_13r_outputs.normalized,"2026-04-07 12:36:07",
concept_project_a2ba647c923e,concept_data_45a353c451c2,embedding,0.696328,groq_batch_13r_outputs.normalized,"2026-04-07 12:36:07",
concept_quote_37300047e0cc,concept_insight_d56292a6db7a,embedding,0.747249,groq_batch_13r_outputs.normalized,"2026-04-07 12:36:07",
concept_concept_f2a7c8c9e34a,concept_theme_ab9dbb898396,embedding,0.881773,groq_batch_13r_outputs.normalized,"2026-04-07 12:36:07",
concept_concept_f2a7c8c9e34a,concept_concept_2cb228cf1194,embedding,0.786086,groq_batch_13r_outputs.normalized,"2026-04-07 12:36:07",
concept_concept_f2a7c8c9e34a,concept_problem_9880cf38291b,embedding,0.782526,groq_batch_13r_outputs.normalized,"2026-04-07 12:36:07",
concept_concept_f2a7c8c9e34a,concept_insight_737a190feacc,embedding,0.773242,groq_batch_13r_outputs.normalized,"2026-04-07 12:36:07",
concept_concept_f2a7c8c9e34a,concept_problem_6acab62b2b77,embedding,0.762111,groq_batch_13r_outputs.normalized,"2026-04-07 12:36:07",
concept_concept_f2a7c8c9e34a,concept_theme_7e68b0631524,embedding,0.747138,groq_batch_13r_outputs.normalized,"2026-04-07 12:36:07",
concept_concept_f2a7c8c9e34a,concept_theme_a97f965c53d2,embedding,0.726747,groq_batch_13r_outputs.normalized,"2026-04-07 12:36:07",
concept_concept_f2a7c8c9e34a,concept_framework_9081d5142264,embedding,0.723693,groq_batch_13r_outputs.normalized,"2026-04-07 12:36:07",
concept_problem_fae9a26b1b5d,concept_theme_523b48a108dd,embedding,0.905748,groq_batch_13r_outputs.normalized,"2026-04-07 12:36:07",
concept_problem_fae9a26b1b5d,concept_insight_737a190feacc,embedding,0.727201,groq_batch_13r_outputs.normalized,"2026-04-07 12:36:07",
concept_problem_fae9a26b1b5d,concept_theme_ab9dbb898396,embedding,0.725661,groq_batch_13r_outputs.normalized,"2026-04-07 12:36:07",
concept_problem_fae9a26b1b5d,concept_problem_9880cf38291b,embedding,0.724294,groq_batch_13r_outputs.normalized,"2026-04-07 12:36:07",
concept_problem_fae9a26b1b5d,concept_concept_2cb228cf1194,embedding,0.695409,groq_batch_13r_outputs.normalized,"2026-04-07 12:36:07",
concept_problem_fae9a26b1b5d,concept_problem_6acab62b2b77,embedding,0.686932,groq_batch_13r_outputs.normalized,"2026-04-07 12:36:07",
concept_problem_fae9a26b1b5d,concept_concept_f2a7c8c9e34a,embedding,0.677942,groq_batch_13r_outputs.normalized,"2026-04-07 12:36:07",
concept_problem_fae9a26b1b5d,concept_theme_a97f965c53d2,embedding,0.671378,groq_batch_13r_outputs.normalized,"2026-04-07 12:36:07",
concept_concept_1aee207f7857,concept_concept_88bb6fcdb482,embedding,0.727215,groq_batch_13r_outputs.normalized,"2026-04-07 12:36:07",
concept_concept_1aee207f7857,concept_concept_acee6882cb32,embedding,0.69363,groq_batch_13r_outputs.normalized,"2026-04-07 12:36:07",
concept_concept_1aee207f7857,concept_theme_ce93101aa057,embedding,0.663521,groq_batch_13r_outputs.normalized,"2026-04-07 12:36:07",
concept_concept_1aee207f7857,concept_concept_b4100f06ff66,embedding,0.654355,groq_batch_13r_outputs.normalized,"2026-04-07 12:36:07",
concept_concept_1aee207f7857,concept_theme_9bad5ae05f7a,embedding,0.637782,groq_batch_13r_outputs.normalized,"2026-04-07 12:36:07",
concept_concept_1aee207f7857,concept_domain_cee803d4cfc3,embedding,0.623003,groq_batch_13r_outputs.normalized,"2026-04-07 12:36:07",
concept_concept_1aee207f7857,concept_concept_2cb228cf1194,embedding,0.5986,groq_batch_13r_outputs.normalized,"2026-04-07 12:36:07",
concept_concept_1aee207f7857,concept_theme_9edcea900bda,embedding,0.593531,groq_batch_13r_outputs.normalized,"2026-04-07 12:36:07",
concept_concept_238b02278eb3,concept_example_002bbaf681b5,embedding,0.701494,groq_batch_13r_outputs.normalized,"2026-04-07 12:36:07",
concept_concept_238b02278eb3,concept_concept_e52dc1b5fbca,embedding,0.570203,groq_batch_13r_outputs.normalized,"2026-04-07 12:36:07",
concept_concept_238b02278eb3,concept_concept_1fca78ffffb2,embedding,0.553143,groq_batch_13r_outputs.normalized,"2026-04-07 12:36:07",
concept_concept_238b02278eb3,concept_concept_98398f0335f0,embedding,0.550606,groq_batch_13r_outputs.normalized,"2026-04-07 12:36:07",
concept_concept_21f4adf0ff0d,concept_theme_48c2003a5d77,embedding,0.782683,groq_batch_13r_outputs.normalized,"2026-04-07 12:36:07",
concept_concept_21f4adf0ff0d,concept_concept_7091d2715a81,embedding,0.641134,groq_batch_13r_outputs.normalized,"2026-04-07 12:36:07",
concept_concept_21f4adf0ff0d,concept_concept_2cb228cf1194,embedding,0.63208,groq_batch_13r_outputs.normalized,"2026-04-07 12:36:07",
concept_concept_21f4adf0ff0d,concept_concept_98398f0335f0,embedding,0.60528,groq_batch_13r_outputs.normalized,"2026-04-07 12:36:07",
concept_concept_21f4adf0ff0d,concept_concept_e52dc1b5fbca,embedding,0.603637,groq_batch_13r_outputs.normalized,"2026-04-07 12:36:07",
concept_concept_21f4adf0ff0d,concept_concept_9faf2c5e903f,embedding,0.602425,groq_batch_13r_outputs.normalized,"2026-04-07 12:36:07",
concept_concept_21f4adf0ff0d,concept_concept_1fca78ffffb2,embedding,0.594985,groq_batch_13r_outputs.normalized,"2026-04-07 12:36:07",
concept_concept_21f4adf0ff0d,concept_concept_88bb6fcdb482,embedding,0.579443,groq_batch_13r_outputs.normalized,"2026-04-07 12:36:07",
concept_concept_9df00cda61b5,concept_theme_f92ad59e35f8,embedding,0.780575,groq_batch_13r_outputs.normalized,"2026-04-07 12:36:07",
concept_concept_9df00cda61b5,concept_concept_acef4d9fce7d,embedding,0.640412,groq_batch_13r_outputs.normalized,"2026-04-07 12:36:07",
concept_concept_9df00cda61b5,concept_concept_70897c277da6,embedding,0.633393,groq_batch_13r_outputs.normalized,"2026-04-07 12:36:07",
concept_concept_9df00cda61b5,concept_concept_bc306f34f942,embedding,0.611226,groq_batch_13r_outputs.normalized,"2026-04-07 12:36:07",
concept_concept_9df00cda61b5,concept_theme_882929a7b1fc,embedding,0.606939,groq_batch_13r_outputs.normalized,"2026-04-07 12:36:07",
concept_concept_9df00cda61b5,concept_concept_88bb6fcdb482,embedding,0.605973,groq_batch_13r_outputs.normalized,"2026-04-07 12:36:07",
concept_concept_9df00cda61b5,concept_concept_ddbb671a1d33,embedding,0.595854,groq_batch_13r_outputs.normalized,"2026-04-07 12:36:07",
concept_concept_9df00cda61b5,concept_concept_d6d3aad7d086,embedding,0.593991,groq_batch_13r_outputs.normalized,"2026-04-07 12:36:07",
concept_concept_70897c277da6,concept_concept_9df00cda61b5,embedding,0.633393,groq_batch_13r_outputs.normalized,"2026-04-07 12:36:07",
concept_concept_70897c277da6,concept_concept_88bb6fcdb482,embedding,0.629622,groq_batch_13r_outputs.normalized,"2026-04-07 12:36:07",
concept_concept_70897c277da6,concept_concept_acef4d9fce7d,embedding,0.584092,groq_batch_13r_outputs.normalized,"2026-04-07 12:36:07",
concept_concept_70897c277da6,concept_concept_d6d3aad7d086,embedding,0.573451,groq_batch_13r_outputs.normalized,"2026-04-07 12:36:07",
concept_problem_6acab62b2b77,concept_problem_9880cf38291b,embedding,0.795116,groq_batch_13r_outputs.normalized,"2026-04-07 12:36:07",
concept_problem_6acab62b2b77,concept_concept_f2a7c8c9e34a,embedding,0.762111,groq_batch_13r_outputs.normalized,"2026-04-07 12:36:07",
concept_problem_6acab62b2b77,concept_theme_ab9dbb898396,embedding,0.75654,groq_batch_13r_outputs.normalized,"2026-04-07 12:36:07",
concept_problem_6acab62b2b77,concept_insight_737a190feacc,embedding,0.751435,groq_batch_13r_outputs.normalized,"2026-04-07 12:36:07",
concept_problem_6acab62b2b77,concept_concept_2cb228cf1194,embedding,0.731525,groq_batch_13r_outputs.normalized,"2026-04-07 12:36:07",
concept_problem_6acab62b2b77,concept_insight_0fb8a427f923,embedding,0.713306,groq_batch_13r_outputs.normalized,"2026-04-07 12:36:07",
concept_problem_6acab62b2b77,concept_theme_7e68b0631524,embedding,0.708212,groq_batch_13r_outputs.normalized,"2026-04-07 12:36:07",
concept_problem_6acab62b2b77,concept_theme_a97f965c53d2,embedding,0.701213,groq_batch_13r_outputs.normalized,"2026-04-07 12:36:07",
concept_framework_9081d5142264,concept_theme_10c25fc2865c,embedding,0.812742,groq_batch_13r_outputs.normalized,"2026-04-07 12:36:07",
concept_framework_9081d5142264,concept_project_a2ba647c923e,embedding,0.787905,groq_batch_13r_outputs.normalized,"2026-04-07 12:36:07",
concept_framework_9081d5142264,concept_theme_7e68b0631524,embedding,0.774526,groq_batch_13r_outputs.normalized,"2026-04-07 12:36:07",
concept_framework_9081d5142264,concept_concept_2cb228cf1194,embedding,0.769487,groq_batch_13r_outputs.normalized,"2026-04-07 12:36:07",
concept_framework_9081d5142264,concept_problem_9880cf38291b,embedding,0.758191,groq_batch_13r_outputs.normalized,"2026-04-07 12:36:07",
concept_framework_9081d5142264,concept_insight_737a190feacc,embedding,0.744565,groq_batch_13r_outputs.normalized,"2026-04-07 12:36:07",
concept_framework_9081d5142264,concept_concept_f2a7c8c9e34a,embedding,0.723693,groq_batch_13r_outputs.normalized,"2026-04-07 12:36:07",
concept_framework_9081d5142264,concept_theme_a97f965c53d2,embedding,0.717227,groq_batch_13r_outputs.normalized,"2026-04-07 12:36:07",
concept_concept_acef4d9fce7d,concept_concept_bc306f34f942,embedding,0.690943,groq_batch_13r_outputs.normalized,"2026-04-07 12:36:07",
concept_concept_acef4d9fce7d,concept_concept_ddbb671a1d33,embedding,0.670144,groq_batch_13r_outputs.normalized,"2026-04-07 12:36:07",
concept_concept_acef4d9fce7d,concept_concept_88bb6fcdb482,embedding,0.667185,groq_batch_13r_outputs.normalized,"2026-04-07 12:36:07",
concept_concept_acef4d9fce7d,concept_problem_9880cf38291b,embedding,0.644792,groq_batch_13r_outputs.normalized,"2026-04-07 12:36:07",
concept_concept_acef4d9fce7d,concept_concept_9df00cda61b5,embedding,0.640412,groq_batch_13r_outputs.normalized,"2026-04-07 12:36:07",
concept_concept_acef4d9fce7d,concept_domain_6a5413595b4b,embedding,0.60948,groq_batch_13r_outputs.normalized,"2026-04-07 12:36:07",
concept_concept_acef4d9fce7d,concept_concept_2cb228cf1194,embedding,0.608826,groq_batch_13r_outputs.normalized,"2026-04-07 12:36:07",
concept_concept_acef4d9fce7d,concept_insight_737a190feacc,embedding,0.601937,groq_batch_13r_outputs.normalized,"2026-04-07 12:36:07",
concept_insight_ab7e798e2fe8,concept_insight_0fb8a427f923,embedding,0.828507,groq_batch_13r_outputs.normalized,"2026-04-07 12:36:07",
concept_insight_ab7e798e2fe8,concept_insight_00422009ca7d,embedding,0.81967,groq_batch_13r_outputs.normalized,"2026-04-07 12:36:07",
concept_insight_ab7e798e2fe8,concept_insight_c5ab9b3a0390,embedding,0.742338,groq_batch_13r_outputs.normalized,"2026-04-07 12:36:07",
concept_insight_ab7e798e2fe8,concept_insight_737a190feacc,embedding,0.741188,groq_batch_13r_outputs.normalized,"2026-04-07 12:36:07",
concept_insight_ab7e798e2fe8,concept_problem_9880cf38291b,embedding,0.68772,groq_batch_13r_outputs.normalized,"2026-04-07 12:36:07",
concept_insight_ab7e798e2fe8,concept_data_45a353c451c2,embedding,0.683338,groq_batch_13r_outputs.normalized,"2026-04-07 12:36:07",
concept_insight_ab7e798e2fe8,concept_theme_a97f965c53d2,embedding,0.674516,groq_batch_13r_outputs.normalized,"2026-04-07 12:36:07",
concept_insight_ab7e798e2fe8,concept_insight_0a53ef175f33,embedding,0.662115,groq_batch_13r_outputs.normalized,"2026-04-07 12:36:07",
concept_insight_00422009ca7d,concept_insight_ab7e798e2fe8,embedding,0.81967,groq_batch_13r_outputs.normalized,"2026-04-07 12:36:07",
concept_insight_00422009ca7d,concept_data_45a353c451c2,embedding,0.717607,groq_batch_13r_outputs.normalized,"2026-04-07 12:36:07",
concept_insight_00422009ca7d,concept_insight_0fb8a427f923,embedding,0.679378,groq_batch_13r_outputs.normalized,"2026-04-07 12:36:07",
concept_insight_00422009ca7d,concept_theme_a97f965c53d2,embedding,0.622025,groq_batch_13r_outputs.normalized,"2026-04-07 12:36:07",
concept_insight_00422009ca7d,concept_insight_737a190feacc,embedding,0.621853,groq_batch_13r_outputs.normalized,"2026-04-07 12:36:07",
concept_insight_00422009ca7d,concept_insight_c5ab9b3a0390,embedding,0.598962,groq_batch_13r_outputs.normalized,"2026-04-07 12:36:07",
concept_insight_00422009ca7d,concept_theme_ab9dbb898396,embedding,0.587606,groq_batch_13r_outputs.normalized,"2026-04-07 12:36:07",
concept_insight_00422009ca7d,concept_problem_9880cf38291b,embedding,0.585431,groq_batch_13r_outputs.normalized,"2026-04-07 12:36:07",
concept_insight_d56292a6db7a,concept_quote_37300047e0cc,embedding,0.747249,groq_batch_13r_outputs.normalized,"2026-04-07 12:36:07",
concept_insight_d56292a6db7a,concept_theme_b8b7f4449f5b,embedding,0.683992,groq_batch_13r_outputs.normalized,"2026-04-07 12:36:07",
concept_insight_d56292a6db7a,concept_insight_0a53ef175f33,embedding,0.674032,groq_batch_13r_outputs.normalized,"2026-04-07 12:36:07",
concept_insight_d56292a6db7a,concept_insight_cd0e0eb65e53,embedding,0.577423,groq_batch_13r_outputs.normalized,"2026-04-07 12:36:07",
concept_insight_d56292a6db7a,concept_insight_abd161db0f89,embedding,0.577209,groq_batch_13r_outputs.normalized,"2026-04-07 12:36:07",
concept_insight_737a190feacc,concept_insight_0fb8a427f923,embedding,0.810615,groq_batch_13r_outputs.normalized,"2026-04-07 12:36:07",
concept_insight_737a190feacc,concept_problem_9880cf38291b,embedding,0.795681,groq_batch_13r_outputs.normalized,"2026-04-07 12:36:07",
concept_insight_737a190feacc,concept_concept_f2a7c8c9e34a,embedding,0.773242,groq_batch_13r_outputs.normalized,"2026-04-07 12:36:07",
concept_insight_737a190feacc,concept_theme_ab9dbb898396,embedding,0.766884,groq_batch_13r_outputs.normalized,"2026-04-07 12:36:07",
concept_insight_737a190feacc,concept_problem_6acab62b2b77,embedding,0.751435,groq_batch_13r_outputs.normalized,"2026-04-07 12:36:07",
concept_insight_737a190feacc,concept_insight_c5ab9b3a0390,embedding,0.751322,groq_batch_13r_outputs.normalized,"2026-04-07 12:36:07",
concept_insight_737a190feacc,concept_framework_9081d5142264,embedding,0.744565,groq_batch_13r_outputs.normalized,"2026-04-07 12:36:07",
concept_insight_737a190feacc,concept_insight_ab7e798e2fe8,embedding,0.741188,groq_batch_13r_outputs.normalized,"2026-04-07 12:36:07",
concept_insight_0fb8a427f923,concept_insight_ab7e798e2fe8,embedding,0.828507,groq_batch_13r_outputs.normalized,"2026-04-07 12:36:07",
concept_insight_0fb8a427f923,concept_insight_737a190feacc,embedding,0.810615,groq_batch_13r_outputs.normalized,"2026-04-07 12:36:07",
concept_insight_0fb8a427f923,concept_problem_9880cf38291b,embedding,0.737453,groq_batch_13r_outputs.normalized,"2026-04-07 12:36:07",
concept_insight_0fb8a427f923,concept_problem_6acab62b2b77,embedding,0.713306,groq_batch_13r_outputs.normalized,"2026-04-07 12:36:07",
concept_insight_0fb8a427f923,concept_insight_c5ab9b3a0390,embedding,0.707057,groq_batch_13r_outputs.normalized,"2026-04-07 12:36:07",
concept_insight_0fb8a427f923,concept_concept_f2a7c8c9e34a,embedding,0.689555,groq_batch_13r_outputs.normalized,"2026-04-07 12:36:07",
concept_insight_0fb8a427f923,concept_theme_ab9dbb898396,embedding,0.688096,groq_batch_13r_outputs.normalized,"2026-04-07 12:36:07",
concept_insight_0fb8a427f923,concept_insight_00422009ca7d,embedding,0.679378,groq_batch_13r_outputs.normalized,"2026-04-07 12:36:07",
concept_insight_c5ab9b3a0390,concept_insight_737a190feacc,embedding,0.751322,groq_batch_13r_outputs.normalized,"2026-04-07 12:36:07",
concept_insight_c5ab9b3a0390,concept_insight_ab7e798e2fe8,embedding,0.742338,groq_batch_13r_outputs.normalized,"2026-04-07 12:36:07",
concept_insight_c5ab9b3a0390,concept_insight_0fb8a427f923,embedding,0.707057,groq_batch_13r_outputs.normalized,"2026-04-07 12:36:07",
concept_insight_c5ab9b3a0390,concept_problem_fae9a26b1b5d,embedding,0.669383,groq_batch_13r_outputs.normalized,"2026-04-07 12:36:07",
concept_insight_c5ab9b3a0390,concept_theme_ab9dbb898396,embedding,0.657778,groq_batch_13r_outputs.normalized,"2026-04-07 12:36:07",
concept_insight_c5ab9b3a0390,concept_problem_6acab62b2b77,embedding,0.655392,groq_batch_13r_outputs.normalized,"2026-04-07 12:36:07",
concept_insight_c5ab9b3a0390,concept_concept_f2a7c8c9e34a,embedding,0.634038,groq_batch_13r_outputs.normalized,"2026-04-07 12:36:07",
concept_insight_c5ab9b3a0390,concept_theme_523b48a108dd,embedding,0.62404,groq_batch_13r_outputs.normalized,"2026-04-07 12:36:07",
concept_insight_d766b00fd568,concept_insight_737a190feacc,embedding,0.665676,groq_batch_13r_outputs.normalized,"2026-04-07 12:36:07",
concept_insight_d766b00fd568,concept_project_a2ba647c923e,embedding,0.656546,groq_batch_13r_outputs.normalized,"2026-04-07 12:36:07",
concept_insight_d766b00fd568,concept_concept_2cb228cf1194,embedding,0.655437,groq_batch_13r_outputs.normalized,"2026-04-07 12:36:07",
concept_insight_d766b00fd568,concept_theme_7e68b0631524,embedding,0.648887,groq_batch_13r_outputs.normalized,"2026-04-07 12:36:07",
concept_insight_d766b00fd568,concept_framework_9081d5142264,embedding,0.645023,groq_batch_13r_outputs.normalized,"2026-04-07 12:36:07",
concept_insight_d766b00fd568,concept_theme_10c25fc2865c,embedding,0.628742,groq_batch_13r_outputs.normalized,"2026-04-07 12:36:07",
concept_insight_d766b00fd568,concept_insight_0fb8a427f923,embedding,0.627115,groq_batch_13r_outputs.normalized,"2026-04-07 12:36:07",
concept_insight_d766b00fd568,concept_theme_ab9dbb898396,embedding,0.625759,groq_batch_13r_outputs.normalized,"2026-04-07 12:36:07",
concept_theme_04411e9b5dd0,concept_theme_5240b182cb33,embedding,0.766904,groq_batch_13r_outputs.normalized,"2026-04-07 12:36:07",
concept_theme_04411e9b5dd0,concept_concept_9faf2c5e903f,embedding,0.69675,groq_batch_13r_outputs.normalized,"2026-04-07 12:36:07",
concept_theme_04411e9b5dd0,concept_concept_1fca78ffffb2,embedding,0.691187,groq_batch_13r_outputs.normalized,"2026-04-07 12:36:07",
concept_theme_04411e9b5dd0,concept_theme_ef2718110e9e,embedding,0.686708,groq_batch_13r_outputs.normalized,"2026-04-07 12:36:07",
concept_theme_04411e9b5dd0,concept_concept_e52dc1b5fbca,embedding,0.671453,groq_batch_13r_outputs.normalized,"2026-04-07 12:36:07",
concept_theme_04411e9b5dd0,concept_concept_98398f0335f0,embedding,0.669399,groq_batch_13r_outputs.normalized,"2026-04-07 12:36:07",
concept_theme_04411e9b5dd0,concept_theme_d1bb3a733135,embedding,0.656517,groq_batch_13r_outputs.normalized,"2026-04-07 12:36:07",
concept_theme_04411e9b5dd0,concept_theme_9edcea900bda,embedding,0.637088,groq_batch_13r_outputs.normalized,"2026-04-07 12:36:07",
concept_theme_f4d50e998dcc,concept_concept_ddc45b4288a0,embedding,0.804649,groq_batch_13r_outputs.normalized,"2026-04-07 12:36:07",
concept_theme_f4d50e998dcc,concept_theme_e2d0e38cfde1,embedding,0.694908,groq_batch_13r_outputs.normalized,"2026-04-07 12:36:07",
concept_theme_f4d50e998dcc,concept_theme_9edcea900bda,embedding,0.693171,groq_batch_13r_outputs.normalized,"2026-04-07 12:36:07",
concept_theme_f4d50e998dcc,concept_theme_38b944c29632,embedding,0.68592,groq_batch_13r_outputs.normalized,"2026-04-07 12:36:07",
concept_theme_f4d50e998dcc,concept_theme_5240b182cb33,embedding,0.68451,groq_batch_13r_outputs.normalized,"2026-04-07 12:36:07",
concept_theme_f4d50e998dcc,concept_theme_e4e20b6dd893,embedding,0.65658,groq_batch_13r_outputs.normalized,"2026-04-07 12:36:07",
concept_theme_f4d50e998dcc,concept_theme_0b9c40adb718,embedding,0.646982,groq_batch_13r_outputs.normalized,"2026-04-07 12:36:07",
concept_theme_f4d50e998dcc,concept_theme_d1bb3a733135,embedding,0.644199,groq_batch_13r_outputs.normalized,"2026-04-07 12:36:07",
concept_theme_ef2718110e9e,concept_theme_5240b182cb33,embedding,0.715333,groq_batch_13r_outputs.normalized,"2026-04-07 12:36:07",
concept_theme_ef2718110e9e,concept_theme_04411e9b5dd0,embedding,0.686708,groq_batch_13r_outputs.normalized,"2026-04-07 12:36:07",
concept_theme_ef2718110e9e,concept_theme_e4e20b6dd893,embedding,0.665408,groq_batch_13r_outputs.normalized,"2026-04-07 12:36:07",
concept_theme_ef2718110e9e,concept_theme_dbf2642a8ec3,embedding,0.665001,groq_batch_13r_outputs.normalized,"2026-04-07 12:36:07",
concept_theme_ef2718110e9e,concept_theme_2c6c49c54bbd,embedding,0.64533,groq_batch_13r_outputs.normalized,"2026-04-07 12:36:07",
concept_theme_ef2718110e9e,concept_theme_c0edc0bf578f,embedding,0.633847,groq_batch_13r_outputs.normalized,"2026-04-07 12:36:07",
concept_theme_ef2718110e9e,concept_theme_d1bb3a733135,embedding,0.633736,groq_batch_13r_outputs.normalized,"2026-04-07 12:36:07",
concept_theme_ef2718110e9e,concept_theme_0643c166f9c9,embedding,0.626642,groq_batch_13r_outputs.normalized,"2026-04-07 12:36:07",
concept_theme_5240b182cb33,concept_theme_04411e9b5dd0,embedding,0.766904,groq_batch_13r_outputs.normalized,"2026-04-07 12:36:07",
concept_theme_5240b182cb33,concept_theme_844f8ad3dc0e,embedding,0.736759,groq_batch_13r_outputs.normalized,"2026-04-07 12:36:07",
concept_theme_5240b182cb33,concept_theme_ef2718110e9e,embedding,0.715333,groq_batch_13r_outputs.normalized,"2026-04-07 12:36:07",
concept_theme_5240b182cb33,concept_theme_d1bb3a733135,embedding,0.710616,groq_batch_13r_outputs.normalized,"2026-04-07 12:36:07",
concept_theme_5240b182cb33,concept_theme_dd615f11df34,embedding,0.697788,groq_batch_13r_outputs.normalized,"2026-04-07 12:36:07",
concept_theme_5240b182cb33,concept_theme_e4e20b6dd893,embedding,0.693608,groq_batch_13r_outputs.normalized,"2026-04-07 12:36:07",
concept_theme_5240b182cb33,concept_theme_0643c166f9c9,embedding,0.684601,groq_batch_13r_outputs.normalized,"2026-04-07 12:36:07",
concept_theme_5240b182cb33,concept_theme_f4d50e998dcc,embedding,0.68451,groq_batch_13r_outputs.normalized,"2026-04-07 12:36:07",
concept_theme_e4e20b6dd893,concept_concept_d6d3aad7d086,embedding,0.751079,groq_batch_13r_outputs.normalized,"2026-04-07 12:36:07",
concept_theme_e4e20b6dd893,concept_theme_9edcea900bda,embedding,0.697777,groq_batch_13r_outputs.normalized,"2026-04-07 12:36:07",
concept_theme_e4e20b6dd893,concept_theme_5240b182cb33,embedding,0.693608,groq_batch_13r_outputs.normalized,"2026-04-07 12:36:07",
concept_theme_e4e20b6dd893,concept_theme_6e012f9ac3a8,embedding,0.679453,groq_batch_13r_outputs.normalized,"2026-04-07 12:36:07",
concept_theme_e4e20b6dd893,concept_theme_38b944c29632,embedding,0.666915,groq_batch_13r_outputs.normalized,"2026-04-07 12:36:07",
concept_theme_e4e20b6dd893,concept_theme_fb865f5891ae,embedding,0.665806,groq_batch_13r_outputs.normalized,"2026-04-07 12:36:07",
concept_theme_e4e20b6dd893,concept_theme_ef2718110e9e,embedding,0.665408,groq_batch_13r_outputs.normalized,"2026-04-07 12:36:07",
concept_theme_e4e20b6dd893,concept_theme_e2d0e38cfde1,embedding,0.662593,groq_batch_13r_outputs.normalized,"2026-04-07 12:36:07",
concept_theme_b92bec05333d,concept_theme_d1bb3a733135,embedding,0.675156,groq_batch_13r_outputs.normalized,"2026-04-07 12:36:07",
concept_theme_b92bec05333d,concept_theme_5240b182cb33,embedding,0.64437,groq_batch_13r_outputs.normalized,"2026-04-07 12:36:07",
concept_theme_b92bec05333d,concept_framework_3edc9036275c,embedding,0.632962,groq_batch_13r_outputs.normalized,"2026-04-07 12:36:07",
concept_theme_b92bec05333d,concept_theme_b72038f5164d,embedding,0.586245,groq_batch_13r_outputs.normalized,"2026-04-07 12:36:07",
concept_theme_b92bec05333d,concept_theme_ef2718110e9e,embedding,0.586091,groq_batch_13r_outputs.normalized,"2026-04-07 12:36:07",
concept_theme_b92bec05333d,concept_concept_5f55fef87c9c,embedding,0.579795,groq_batch_13r_outputs.normalized,"2026-04-07 12:36:07",
concept_theme_b92bec05333d,concept_theme_0643c166f9c9,embedding,0.578696,groq_batch_13r_outputs.normalized,"2026-04-07 12:36:07",
concept_theme_b92bec05333d,concept_theme_01d7c3fc0160,embedding,0.570765,groq_batch_13r_outputs.normalized,"2026-04-07 12:36:07",
concept_theme_782e59f0fbcf,concept_concept_937b9e6e0a5a,embedding,0.749449,groq_batch_13r_outputs.normalized,"2026-04-07 12:36:07",
concept_theme_782e59f0fbcf,concept_theme_13ccca9acff4,embedding,0.704514,groq_batch_13r_outputs.normalized,"2026-04-07 12:36:07",
concept_theme_782e59f0fbcf,concept_theme_23cc79d4ac5d,embedding,0.691225,groq_batch_13r_outputs.normalized,"2026-04-07 12:36:07",
concept_theme_782e59f0fbcf,concept_theme_38b944c29632,embedding,0.691139,groq_batch_13r_outputs.normalized,"2026-04-07 12:36:07",
concept_theme_782e59f0fbcf,concept_theme_e2d0e38cfde1,embedding,0.68286,groq_batch_13r_outputs.normalized,"2026-04-07 12:36:07",
concept_theme_782e59f0fbcf,concept_theme_9edcea900bda,embedding,0.671639,groq_batch_13r_outputs.normalized,"2026-04-07 12:36:07",
concept_theme_782e59f0fbcf,concept_theme_e50b98f2c853,embedding,0.657087,groq_batch_13r_outputs.normalized,"2026-04-07 12:36:07",
concept_theme_782e59f0fbcf,concept_theme_7575d727932f,embedding,0.655068,groq_batch_13r_outputs.normalized,"2026-04-07 12:36:07",
concept_theme_9edcea900bda,concept_theme_e2d0e38cfde1,embedding,0.752135,groq_batch_13r_outputs.normalized,"2026-04-07 12:36:08",
concept_theme_9edcea900bda,concept_theme_e4e20b6dd893,embedding,0.697777,groq_batch_13r_outputs.normalized,"2026-04-07 12:36:08",
concept_theme_9edcea900bda,concept_theme_5cbed3fc17c4,embedding,0.694008,groq_batch_13r_outputs.normalized,"2026-04-07 12:36:08",
concept_theme_9edcea900bda,concept_theme_f4d50e998dcc,embedding,0.693171,groq_batch_13r_outputs.normalized,"2026-04-07 12:36:08",
concept_theme_9edcea900bda,concept_theme_a9d4963e4af4,embedding,0.692401,groq_batch_13r_outputs.normalized,"2026-04-07 12:36:08",
concept_theme_9edcea900bda,concept_theme_38b944c29632,embedding,0.686095,groq_batch_13r_outputs.normalized,"2026-04-07 12:36:08",
concept_theme_9edcea900bda,concept_theme_d1bb3a733135,embedding,0.68418,groq_batch_13r_outputs.normalized,"2026-04-07 12:36:08",
concept_theme_9edcea900bda,concept_theme_fdb178f712b2,embedding,0.681634,groq_batch_13r_outputs.normalized,"2026-04-07 12:36:08",
concept_concept_9faf2c5e903f,concept_concept_e52dc1b5fbca,embedding,0.837069,groq_batch_13r_outputs.normalized,"2026-04-07 12:36:08",
concept_concept_9faf2c5e903f,concept_concept_98398f0335f0,embedding,0.772633,groq_batch_13r_outputs.normalized,"2026-04-07 12:36:08",
concept_concept_9faf2c5e903f,concept_concept_1fca78ffffb2,embedding,0.772115,groq_batch_13r_outputs.normalized,"2026-04-07 12:36:08",
concept_concept_9faf2c5e903f,concept_concept_d6d3aad7d086,embedding,0.719349,groq_batch_13r_outputs.normalized,"2026-04-07 12:36:08",
concept_concept_9faf2c5e903f,concept_concept_7091d2715a81,embedding,0.712662,groq_batch_13r_outputs.normalized,"2026-04-07 12:36:08",
concept_concept_9faf2c5e903f,concept_framework_29712ae47db3,embedding,0.706036,groq_batch_13r_outputs.normalized,"2026-04-07 12:36:08",
concept_concept_9faf2c5e903f,concept_theme_04411e9b5dd0,embedding,0.69675,groq_batch_13r_outputs.normalized,"2026-04-07 12:36:08",
concept_concept_9faf2c5e903f,concept_concept_ddc45b4288a0,embedding,0.685299,groq_batch_13r_outputs.normalized,"2026-04-07 12:36:08",
concept_concept_1fca78ffffb2,concept_concept_98398f0335f0,embedding,0.948433,groq_batch_13r_outputs.normalized,"2026-04-07 12:36:08",
concept_concept_1fca78ffffb2,concept_concept_e52dc1b5fbca,embedding,0.909849,groq_batch_13r_outputs.normalized,"2026-04-07 12:36:08",
concept_concept_1fca78ffffb2,concept_concept_d6d3aad7d086,embedding,0.787129,groq_batch_13r_outputs.normalized,"2026-04-07 12:36:08",
concept_concept_1fca78ffffb2,concept_concept_9faf2c5e903f,embedding,0.772115,groq_batch_13r_outputs.normalized,"2026-04-07 12:36:08",
concept_concept_1fca78ffffb2,concept_concept_7091d2715a81,embedding,0.758793,groq_batch_13r_outputs.normalized,"2026-04-07 12:36:08",
concept_concept_1fca78ffffb2,concept_concept_ddc45b4288a0,embedding,0.735214,groq_batch_13r_outputs.normalized,"2026-04-07 12:36:08",
concept_concept_1fca78ffffb2,concept_concept_371b6e7c4c93,embedding,0.717783,groq_batch_13r_outputs.normalized,"2026-04-07 12:36:08",
concept_concept_1fca78ffffb2,concept_concept_937b9e6e0a5a,embedding,0.701317,groq_batch_13r_outputs.normalized,"2026-04-07 12:36:08",
concept_concept_98398f0335f0,concept_concept_1fca78ffffb2,embedding,0.948433,groq_batch_13r_outputs.normalized,"2026-04-07 12:36:08",
concept_concept_98398f0335f0,concept_concept_e52dc1b5fbca,embedding,0.913714,groq_batch_13r_outputs.normalized,"2026-04-07 12:36:08",
concept_concept_98398f0335f0,concept_concept_d6d3aad7d086,embedding,0.782012,groq_batch_13r_outputs.normalized,"2026-04-07 12:36:08",
concept_concept_98398f0335f0,concept_concept_9faf2c5e903f,embedding,0.772633,groq_batch_13r_outputs.normalized,"2026-04-07 12:36:08",
concept_concept_98398f0335f0,concept_concept_7091d2715a81,embedding,0.763759,groq_batch_13r_outputs.normalized,"2026-04-07 12:36:08",
concept_concept_98398f0335f0,concept_concept_371b6e7c4c93,embedding,0.740432,groq_batch_13r_outputs.normalized,"2026-04-07 12:36:08",
concept_concept_98398f0335f0,concept_concept_ddc45b4288a0,embedding,0.734543,groq_batch_13r_outputs.normalized,"2026-04-07 12:36:08",
concept_concept_98398f0335f0,concept_concept_937b9e6e0a5a,embedding,0.715748,groq_batch_13r_outputs.normalized,"2026-04-07 12:36:08",
concept_concept_e52dc1b5fbca,concept_concept_98398f0335f0,embedding,0.913714,groq_batch_13r_outputs.normalized,"2026-04-07 12:36:08",
concept_concept_e52dc1b5fbca,concept_concept_1fca78ffffb2,embedding,0.909849,groq_batch_13r_outputs.normalized,"2026-04-07 12:36:08",
concept_concept_e52dc1b5fbca,concept_concept_9faf2c5e903f,embedding,0.837069,groq_batch_13r_outputs.normalized,"2026-04-07 12:36:08",
concept_concept_e52dc1b5fbca,concept_concept_d6d3aad7d086,embedding,0.770323,groq_batch_13r_outputs.normalized,"2026-04-07 12:36:08",
concept_concept_e52dc1b5fbca,concept_concept_7091d2715a81,embedding,0.755761,groq_batch_13r_outputs.normalized,"2026-04-07 12:36:08",
concept_concept_e52dc1b5fbca,concept_example_002bbaf681b5,embedding,0.722077,groq_batch_13r_outputs.normalized,"2026-04-07 12:36:08",
concept_concept_e52dc1b5fbca,concept_concept_371b6e7c4c93,embedding,0.721665,groq_batch_13r_outputs.normalized,"2026-04-07 12:36:08",
concept_concept_e52dc1b5fbca,concept_concept_ddc45b4288a0,embedding,0.717675,groq_batch_13r_outputs.normalized,"2026-04-07 12:36:08",
concept_concept_ddc45b4288a0,concept_theme_f4d50e998dcc,embedding,0.804649,groq_batch_13r_outputs.normalized,"2026-04-07 12:36:08",
concept_concept_ddc45b4288a0,concept_concept_1fca78ffffb2,embedding,0.735214,groq_batch_13r_outputs.normalized,"2026-04-07 12:36:08",
concept_concept_ddc45b4288a0,concept_concept_98398f0335f0,embedding,0.734543,groq_batch_13r_outputs.normalized,"2026-04-07 12:36:08",
concept_concept_ddc45b4288a0,concept_concept_7091d2715a81,embedding,0.722492,groq_batch_13r_outputs.normalized,"2026-04-07 12:36:08",
concept_concept_ddc45b4288a0,concept_concept_e52dc1b5fbca,embedding,0.717675,groq_batch_13r_outputs.normalized,"2026-04-07 12:36:08",
concept_concept_ddc45b4288a0,concept_concept_d6d3aad7d086,embedding,0.709273,groq_batch_13r_outputs.normalized,"2026-04-07 12:36:08",
concept_concept_ddc45b4288a0,concept_concept_9faf2c5e903f,embedding,0.685299,groq_batch_13r_outputs.normalized,"2026-04-07 12:36:08",
concept_concept_ddc45b4288a0,concept_concept_937b9e6e0a5a,embedding,0.680897,groq_batch_13r_outputs.normalized,"2026-04-07 12:36:08",
concept_tool_95affcf8910a,concept_framework_3edc9036275c,embedding,0.605999,groq_batch_13r_outputs.normalized,"2026-04-07 12:36:08",
concept_tool_95affcf8910a,concept_framework_29712ae47db3,embedding,0.560286,groq_batch_13r_outputs.normalized,"2026-04-07 12:36:08",
concept_tool_02e08d5830c2,concept_organization_44d535644dc0,embedding,0.716453,groq_batch_13r_outputs.normalized,"2026-04-07 12:36:08",
concept_concept_d6d3aad7d086,concept_concept_1fca78ffffb2,embedding,0.787129,groq_batch_13r_outputs.normalized,"2026-04-07 12:36:08",
concept_concept_d6d3aad7d086,concept_concept_98398f0335f0,embedding,0.782012,groq_batch_13r_outputs.normalized,"2026-04-07 12:36:08",
concept_concept_d6d3aad7d086,concept_concept_e52dc1b5fbca,embedding,0.770323,groq_batch_13r_outputs.normalized,"2026-04-07 12:36:08",
concept_concept_d6d3aad7d086,concept_theme_e4e20b6dd893,embedding,0.751079,groq_batch_13r_outputs.normalized,"2026-04-07 12:36:08",
concept_concept_d6d3aad7d086,concept_concept_dc6ee4cdb9aa,embedding,0.737595,groq_batch_13r_outputs.normalized,"2026-04-07 12:36:08",
concept_concept_d6d3aad7d086,concept_concept_65b51cb5f8d8,embedding,0.732196,groq_batch_13r_outputs.normalized,"2026-04-07 12:36:08",
concept_concept_d6d3aad7d086,concept_concept_9faf2c5e903f,embedding,0.719349,groq_batch_13r_outputs.normalized,"2026-04-07 12:36:08",
concept_concept_d6d3aad7d086,concept_concept_ddc45b4288a0,embedding,0.709273,groq_batch_13r_outputs.normalized,"2026-04-07 12:36:08",
concept_concept_1c2ff834fbcc,concept_concept_5f55fef87c9c,embedding,0.640019,groq_batch_13r_outputs.normalized,"2026-04-07 12:36:08",
concept_concept_1c2ff834fbcc,concept_concept_937b9e6e0a5a,embedding,0.59938,groq_batch_13r_outputs.normalized,"2026-04-07 12:36:08",
concept_concept_1c2ff834fbcc,concept_domain_56441dbefe7d,embedding,0.590091,groq_batch_13r_outputs.normalized,"2026-04-07 12:36:08",
concept_concept_1c2ff834fbcc,concept_theme_5240b182cb33,embedding,0.576822,groq_batch_13r_outputs.normalized,"2026-04-07 12:36:08",
concept_concept_1c2ff834fbcc,concept_insight_86f642f3a4f2,embedding,0.561398,groq_batch_13r_outputs.normalized,"2026-04-07 12:36:08",
concept_concept_937b9e6e0a5a,concept_theme_782e59f0fbcf,embedding,0.749449,groq_batch_13r_outputs.normalized,"2026-04-07 12:36:08",
concept_concept_937b9e6e0a5a,concept_concept_5f55fef87c9c,embedding,0.748252,groq_batch_13r_outputs.normalized,"2026-04-07 12:36:08",
concept_concept_937b9e6e0a5a,concept_domain_56441dbefe7d,embedding,0.732872,groq_batch_13r_outputs.normalized,"2026-04-07 12:36:08",
concept_concept_937b9e6e0a5a,concept_problem_9726a7d48915,embedding,0.718601,groq_batch_13r_outputs.normalized,"2026-04-07 12:36:08",
concept_concept_937b9e6e0a5a,concept_concept_98398f0335f0,embedding,0.715748,groq_batch_13r_outputs.normalized,"2026-04-07 12:36:08",
concept_concept_937b9e6e0a5a,concept_concept_e52dc1b5fbca,embedding,0.714515,groq_batch_13r_outputs.normalized,"2026-04-07 12:36:08",
concept_concept_937b9e6e0a5a,concept_concept_1fca78ffffb2,embedding,0.701317,groq_batch_13r_outputs.normalized,"2026-04-07 12:36:08",
concept_concept_937b9e6e0a5a,concept_concept_ddc45b4288a0,embedding,0.680897,groq_batch_13r_outputs.normalized,"2026-04-07 12:36:08",
concept_framework_29712ae47db3,concept_framework_3edc9036275c,embedding,0.761254,groq_batch_13r_outputs.normalized,"2026-04-07 12:36:08",
concept_framework_29712ae47db3,concept_framework_4852c58bccb3,embedding,0.723849,groq_batch_13r_outputs.normalized,"2026-04-07 12:36:08",
concept_framework_29712ae47db3,concept_concept_9faf2c5e903f,embedding,0.706036,groq_batch_13r_outputs.normalized,"2026-04-07 12:36:08",
concept_framework_29712ae47db3,concept_concept_d6d3aad7d086,embedding,0.688179,groq_batch_13r_outputs.normalized,"2026-04-07 12:36:08",
concept_framework_29712ae47db3,concept_framework_422f1769eb93,embedding,0.686137,groq_batch_13r_outputs.normalized,"2026-04-07 12:36:08",
concept_framework_29712ae47db3,concept_framework_337240a96f40,embedding,0.68505,groq_batch_13r_outputs.normalized,"2026-04-07 12:36:08",
concept_framework_29712ae47db3,concept_concept_e52dc1b5fbca,embedding,0.679635,groq_batch_13r_outputs.normalized,"2026-04-07 12:36:08",
concept_framework_29712ae47db3,concept_concept_1fca78ffffb2,embedding,0.664264,groq_batch_13r_outputs.normalized,"2026-04-07 12:36:08",
concept_framework_3edc9036275c,concept_framework_29712ae47db3,embedding,0.761254,groq_batch_13r_outputs.normalized,"2026-04-07 12:36:08",
concept_framework_3edc9036275c,concept_framework_4852c58bccb3,embedding,0.733343,groq_batch_13r_outputs.normalized,"2026-04-07 12:36:08",
concept_framework_3edc9036275c,concept_concept_5f55fef87c9c,embedding,0.678477,groq_batch_13r_outputs.normalized,"2026-04-07 12:36:08",
concept_framework_3edc9036275c,concept_concept_e52dc1b5fbca,embedding,0.672759,groq_batch_13r_outputs.normalized,"2026-04-07 12:36:08",
concept_framework_3edc9036275c,concept_concept_1fca78ffffb2,embedding,0.664472,groq_batch_13r_outputs.normalized,"2026-04-07 12:36:08",
concept_framework_3edc9036275c,concept_concept_9faf2c5e903f,embedding,0.648235,groq_batch_13r_outputs.normalized,"2026-04-07 12:36:08",
concept_framework_3edc9036275c,concept_domain_e8f8911d9105,embedding,0.645941,groq_batch_13r_outputs.normalized,"2026-04-07 12:36:08",
concept_framework_3edc9036275c,concept_concept_98398f0335f0,embedding,0.64235,groq_batch_13r_outputs.normalized,"2026-04-07 12:36:08",
concept_organization_44d535644dc0,concept_organization_b6a4497856e2,embedding,0.735009,groq_batch_13r_outputs.normalized,"2026-04-07 12:36:08",
concept_organization_44d535644dc0,concept_tool_02e08d5830c2,embedding,0.716453,groq_batch_13r_outputs.normalized,"2026-04-07 12:36:08",
concept_organization_44d535644dc0,concept_organization_1ed16d4a9679,embedding,0.691867,groq_batch_13r_outputs.normalized,"2026-04-07 12:36:08",
concept_organization_44d535644dc0,concept_concept_74cf9f64233a,embedding,0.667694,groq_batch_13r_outputs.normalized,"2026-04-07 12:36:08",
concept_organization_44d535644dc0,concept_organization_813cfe2f8018,embedding,0.666378,groq_batch_13r_outputs.normalized,"2026-04-07 12:36:08",
concept_organization_44d535644dc0,concept_organization_2855bc13f39c,embedding,0.626898,groq_batch_13r_outputs.normalized,"2026-04-07 12:36:08",
concept_organization_44d535644dc0,concept_theme_13ccca9acff4,embedding,0.617772,groq_batch_13r_outputs.normalized,"2026-04-07 12:36:08",
concept_organization_44d535644dc0,concept_event_daae148806e2,embedding,0.607902,groq_batch_13r_outputs.normalized,"2026-04-07 12:36:08",
concept_event_daae148806e2,concept_problem_9726a7d48915,embedding,0.688331,groq_batch_13r_outputs.normalized,"2026-04-07 12:36:08",
concept_event_daae148806e2,concept_theme_13ccca9acff4,embedding,0.666536,groq_batch_13r_outputs.normalized,"2026-04-07 12:36:08",
concept_event_daae148806e2,concept_organization_44d535644dc0,embedding,0.607902,groq_batch_13r_outputs.normalized,"2026-04-07 12:36:08",
concept_event_daae148806e2,concept_concept_5f55fef87c9c,embedding,0.606214,groq_batch_13r_outputs.normalized,"2026-04-07 12:36:08",
concept_event_daae148806e2,concept_concept_937b9e6e0a5a,embedding,0.603628,groq_batch_13r_outputs.normalized,"2026-04-07 12:36:08",
concept_event_daae148806e2,concept_theme_cde874366311,embedding,0.562691,groq_batch_13r_outputs.normalized,"2026-04-07 12:36:08",
concept_problem_afb69f59d25d,concept_problem_9726a7d48915,embedding,0.701526,groq_batch_13r_outputs.normalized,"2026-04-07 12:36:08",
concept_problem_afb69f59d25d,concept_problem_546dd49ff145,embedding,0.583385,groq_batch_13r_outputs.normalized,"2026-04-07 12:36:08",
concept_problem_afb69f59d25d,concept_domain_2d54c8b8873f,embedding,0.579621,groq_batch_13r_outputs.normalized,"2026-04-07 12:36:08",
concept_problem_afb69f59d25d,concept_concept_937b9e6e0a5a,embedding,0.562668,groq_batch_13r_outputs.normalized,"2026-04-07 12:36:08",
concept_insight_8e442199e39c,concept_insight_d6c851d169ce,embedding,0.792004,groq_batch_13r_outputs.normalized,"2026-04-07 12:36:08",
concept_insight_8e442199e39c,concept_insight_7d335d1cb893,embedding,0.782868,groq_batch_13r_outputs.normalized,"2026-04-07 12:36:08",
concept_insight_8e442199e39c,concept_insight_f7727fcdb173,embedding,0.71791,groq_batch_13r_outputs.normalized,"2026-04-07 12:36:08",
concept_insight_8e442199e39c,concept_insight_08d14842ffcd,embedding,0.688412,groq_batch_13r_outputs.normalized,"2026-04-07 12:36:08",
concept_insight_8e442199e39c,concept_insight_5b846f78bd84,embedding,0.680043,groq_batch_13r_outputs.normalized,"2026-04-07 12:36:08",
concept_insight_8e442199e39c,concept_insight_28aeb1f16e83,embedding,0.676293,groq_batch_13r_outputs.normalized,"2026-04-07 12:36:08",
concept_insight_8e442199e39c,concept_insight_e824b5e21e39,embedding,0.670992,groq_batch_13r_outputs.normalized,"2026-04-07 12:36:08",
concept_insight_8e442199e39c,concept_insight_ed5297310728,embedding,0.65967,groq_batch_13r_outputs.normalized,"2026-04-07 12:36:08",
concept_insight_7d335d1cb893,concept_insight_8e442199e39c,embedding,0.782868,groq_batch_13r_outputs.normalized,"2026-04-07 12:36:08",
concept_insight_7d335d1cb893,concept_insight_f7727fcdb173,embedding,0.772108,groq_batch_13r_outputs.normalized,"2026-04-07 12:36:08",
concept_insight_7d335d1cb893,concept_insight_ed5297310728,embedding,0.762297,groq_batch_13r_outputs.normalized,"2026-04-07 12:36:08",
concept_insight_7d335d1cb893,concept_insight_d6c851d169ce,embedding,0.718477,groq_batch_13r_outputs.normalized,"2026-04-07 12:36:08",
concept_insight_7d335d1cb893,concept_concept_1fca78ffffb2,embedding,0.674671,groq_batch_13r_outputs.normalized,"2026-04-07 12:36:08",
concept_insight_7d335d1cb893,concept_insight_28aeb1f16e83,embedding,0.650862,groq_batch_13r_outputs.normalized,"2026-04-07 12:36:08",
concept_insight_7d335d1cb893,concept_concept_98398f0335f0,embedding,0.645473,groq_batch_13r_outputs.normalized,"2026-04-07 12:36:08",
concept_insight_7d335d1cb893,concept_insight_08d14842ffcd,embedding,0.629199,groq_batch_13r_outputs.normalized,"2026-04-07 12:36:08",
concept_insight_ed5297310728,concept_insight_7d335d1cb893,embedding,0.762297,groq_batch_13r_outputs.normalized,"2026-04-07 12:36:08",
concept_insight_ed5297310728,concept_insight_f7727fcdb173,embedding,0.697884,groq_batch_13r_outputs.normalized,"2026-04-07 12:36:08",
concept_insight_ed5297310728,concept_insight_8e442199e39c,embedding,0.65967,groq_batch_13r_outputs.normalized,"2026-04-07 12:36:08",
concept_insight_ed5297310728,concept_insight_28aeb1f16e83,embedding,0.657782,groq_batch_13r_outputs.normalized,"2026-04-07 12:36:08",
concept_insight_ed5297310728,concept_insight_b17947dfee84,embedding,0.604484,groq_batch_13r_outputs.normalized,"2026-04-07 12:36:08",
concept_insight_ed5297310728,concept_insight_d6c851d169ce,embedding,0.588217,groq_batch_13r_outputs.normalized,"2026-04-07 12:36:08",
concept_insight_ed5297310728,concept_insight_86f642f3a4f2,embedding,0.585762,groq_batch_13r_outputs.normalized,"2026-04-07 12:36:08",
concept_insight_ed5297310728,concept_insight_0a53ef175f33,embedding,0.579325,groq_batch_13r_outputs.normalized,"2026-04-07 12:36:08",
concept_insight_358578146819,concept_insight_86f642f3a4f2,embedding,0.715308,groq_batch_13r_outputs.normalized,"2026-04-07 12:36:08",
concept_insight_358578146819,concept_insight_28aeb1f16e83,embedding,0.673572,groq_batch_13r_outputs.normalized,"2026-04-07 12:36:08",
concept_insight_358578146819,concept_concept_5f55fef87c9c,embedding,0.659374,groq_batch_13r_outputs.normalized,"2026-04-07 12:36:08",
concept_insight_358578146819,concept_insight_470030ad4650,embedding,0.647648,groq_batch_13r_outputs.normalized,"2026-04-07 12:36:08",
concept_insight_358578146819,concept_insight_ffa5d5a7b8cd,embedding,0.604202,groq_batch_13r_outputs.normalized,"2026-04-07 12:36:08",
concept_insight_358578146819,concept_domain_56441dbefe7d,embedding,0.582886,groq_batch_13r_outputs.normalized,"2026-04-07 12:36:08",
concept_insight_358578146819,concept_insight_de31ee28a40b,embedding,0.557433,groq_batch_13r_outputs.normalized,"2026-04-07 12:36:08",
concept_insight_358578146819,concept_concept_ddc45b4288a0,embedding,0.550844,groq_batch_13r_outputs.normalized,"2026-04-07 12:36:08",
concept_insight_d6c851d169ce,concept_insight_8e442199e39c,embedding,0.792004,groq_batch_13r_outputs.normalized,"2026-04-07 12:36:08",
concept_insight_d6c851d169ce,concept_insight_28aeb1f16e83,embedding,0.725947,groq_batch_13r_outputs.normalized,"2026-04-07 12:36:08",
concept_insight_d6c851d169ce,concept_insight_7d335d1cb893,embedding,0.718477,groq_batch_13r_outputs.normalized,"2026-04-07 12:36:08",
concept_insight_d6c851d169ce,concept_insight_86f642f3a4f2,embedding,0.704931,groq_batch_13r_outputs.normalized,"2026-04-07 12:36:08",
concept_insight_d6c851d169ce,concept_insight_0a53ef175f33,embedding,0.662603,groq_batch_13r_outputs.normalized,"2026-04-07 12:36:08",
concept_insight_d6c851d169ce,concept_insight_f7727fcdb173,embedding,0.651582,groq_batch_13r_outputs.normalized,"2026-04-07 12:36:08",
concept_insight_d6c851d169ce,concept_insight_b17947dfee84,embedding,0.63609,groq_batch_13r_outputs.normalized,"2026-04-07 12:36:08",
concept_insight_d6c851d169ce,concept_insight_5b846f78bd84,embedding,0.633229,groq_batch_13r_outputs.normalized,"2026-04-07 12:36:08",
concept_insight_86f642f3a4f2,concept_insight_28aeb1f16e83,embedding,0.786511,groq_batch_13r_outputs.normalized,"2026-04-07 12:36:08",
concept_insight_86f642f3a4f2,concept_insight_358578146819,embedding,0.715308,groq_batch_13r_outputs.normalized,"2026-04-07 12:36:08",
concept_insight_86f642f3a4f2,concept_insight_d6c851d169ce,embedding,0.704931,groq_batch_13r_outputs.normalized,"2026-04-07 12:36:08",
concept_insight_86f642f3a4f2,concept_domain_56441dbefe7d,embedding,0.670259,groq_batch_13r_outputs.normalized,"2026-04-07 12:36:08",
concept_insight_86f642f3a4f2,concept_insight_b17947dfee84,embedding,0.648852,groq_batch_13r_outputs.normalized,"2026-04-07 12:36:08",
concept_insight_86f642f3a4f2,concept_insight_de31ee28a40b,embedding,0.646949,groq_batch_13r_outputs.normalized,"2026-04-07 12:36:08",
concept_insight_86f642f3a4f2,concept_insight_8e7d70cde12a,embedding,0.641244,groq_batch_13r_outputs.normalized,"2026-04-07 12:36:08",
concept_insight_86f642f3a4f2,concept_concept_5f55fef87c9c,embedding,0.636734,groq_batch_13r_outputs.normalized,"2026-04-07 12:36:08",
concept_insight_f7727fcdb173,concept_insight_7d335d1cb893,embedding,0.772108,groq_batch_13r_outputs.normalized,"2026-04-07 12:36:08",
concept_insight_f7727fcdb173,concept_insight_8e442199e39c,embedding,0.71791,groq_batch_13r_outputs.normalized,"2026-04-07 12:36:08",
concept_insight_f7727fcdb173,concept_insight_ed5297310728,embedding,0.697884,groq_batch_13r_outputs.normalized,"2026-04-07 12:36:08",
concept_insight_f7727fcdb173,concept_insight_d6c851d169ce,embedding,0.651582,groq_batch_13r_outputs.normalized,"2026-04-07 12:36:08",
concept_insight_f7727fcdb173,concept_concept_98398f0335f0,embedding,0.646474,groq_batch_13r_outputs.normalized,"2026-04-07 12:36:08",
concept_insight_f7727fcdb173,concept_concept_1fca78ffffb2,embedding,0.611001,groq_batch_13r_outputs.normalized,"2026-04-07 12:36:08",
concept_insight_f7727fcdb173,concept_insight_08d14842ffcd,embedding,0.607415,groq_batch_13r_outputs.normalized,"2026-04-07 12:36:08",
concept_insight_f7727fcdb173,concept_insight_e824b5e21e39,embedding,0.606665,groq_batch_13r_outputs.normalized,"2026-04-07 12:36:08",
concept_insight_28aeb1f16e83,concept_insight_86f642f3a4f2,embedding,0.786511,groq_batch_13r_outputs.normalized,"2026-04-07 12:36:08",
concept_insight_28aeb1f16e83,concept_insight_d6c851d169ce,embedding,0.725947,groq_batch_13r_outputs.normalized,"2026-04-07 12:36:08",
concept_insight_28aeb1f16e83,concept_insight_b17947dfee84,embedding,0.698365,groq_batch_13r_outputs.normalized,"2026-04-07 12:36:08",
concept_insight_28aeb1f16e83,concept_insight_8e442199e39c,embedding,0.676293,groq_batch_13r_outputs.normalized,"2026-04-07 12:36:08",
concept_insight_28aeb1f16e83,concept_insight_0a53ef175f33,embedding,0.674753,groq_batch_13r_outputs.normalized,"2026-04-07 12:36:08",
concept_insight_28aeb1f16e83,concept_insight_358578146819,embedding,0.673572,groq_batch_13r_outputs.normalized,"2026-04-07 12:36:08",
concept_insight_28aeb1f16e83,concept_insight_ed5297310728,embedding,0.657782,groq_batch_13r_outputs.normalized,"2026-04-07 12:36:08",
concept_insight_28aeb1f16e83,concept_insight_7d335d1cb893,embedding,0.650862,groq_batch_13r_outputs.normalized,"2026-04-07 12:36:08",
concept_domain_1602bd03169f,concept_domain_aa47eda7be45,embedding,0.839869,groq_batch_2r_outputs.normalized,"2026-04-08 11:51:48",
concept_domain_cee803d4cfc3,concept_domain_876f3ddf072c,embedding,0.708543,groq_batch_2r_outputs.normalized,"2026-04-08 11:51:48",
concept_domain_cee803d4cfc3,concept_domain_5d6f93e39155,embedding,0.704317,groq_batch_2r_outputs.normalized,"2026-04-08 11:51:48",
concept_domain_aa47eda7be45,concept_domain_1602bd03169f,embedding,0.839869,groq_batch_2r_outputs.normalized,"2026-04-08 11:51:48",
concept_domain_aa47eda7be45,concept_domain_ac24a4eaffb5,embedding,0.801604,groq_batch_2r_outputs.normalized,"2026-04-08 11:51:48",
concept_domain_aa47eda7be45,concept_domain_c8b3347b1708,embedding,0.768907,groq_batch_2r_outputs.normalized,"2026-04-08 11:51:48",
concept_domain_aa47eda7be45,concept_domain_5263cb23e03c,embedding,0.754903,groq_batch_2r_outputs.normalized,"2026-04-08 11:51:48",
concept_domain_aa47eda7be45,concept_domain_bb3345625297,embedding,0.713507,groq_batch_2r_outputs.normalized,"2026-04-08 11:51:48",
concept_domain_aa47eda7be45,concept_theme_180e409bd4e6,embedding,0.708785,groq_batch_2r_outputs.normalized,"2026-04-08 11:51:48",
concept_domain_aa47eda7be45,concept_problem_720012904c40,embedding,0.693408,groq_batch_2r_outputs.normalized,"2026-04-08 11:51:48",
concept_domain_aa47eda7be45,concept_domain_0cb9c36cb6da,embedding,0.682117,groq_batch_2r_outputs.normalized,"2026-04-08 11:51:48",
concept_domain_4509fdb543d8,concept_domain_876f3ddf072c,embedding,0.899435,groq_batch_2r_outputs.normalized,"2026-04-08 11:51:48",
concept_domain_4509fdb543d8,concept_domain_ec0eb439899e,embedding,0.80851,groq_batch_2r_outputs.normalized,"2026-04-08 11:51:48",
concept_domain_4509fdb543d8,concept_domain_10549d935983,embedding,0.806621,groq_batch_2r_outputs.normalized,"2026-04-08 11:51:48",
concept_domain_4509fdb543d8,concept_domain_c3b6f5840cc9,embedding,0.745709,groq_batch_2r_outputs.normalized,"2026-04-08 11:51:48",
concept_domain_4509fdb543d8,concept_domain_79be89866d06,embedding,0.739314,groq_batch_2r_outputs.normalized,"2026-04-08 11:51:48",
concept_domain_4509fdb543d8,concept_domain_bdad25e4cd05,embedding,0.73499,groq_batch_2r_outputs.normalized,"2026-04-08 11:51:48",
concept_domain_4509fdb543d8,concept_domain_fe3d1148f3ef,embedding,0.730343,groq_batch_2r_outputs.normalized,"2026-04-08 11:51:48",
concept_domain_4509fdb543d8,concept_domain_d73d97c85da5,embedding,0.714311,groq_batch_2r_outputs.normalized,"2026-04-08 11:51:48",
concept_theme_f9ec383716a5,concept_theme_f4d50e998dcc,embedding,0.717469,groq_batch_2r_outputs.normalized,"2026-04-08 11:51:48",
concept_theme_f9ec383716a5,concept_theme_e2d0e38cfde1,embedding,0.696082,groq_batch_2r_outputs.normalized,"2026-04-08 11:51:48",
concept_theme_f9ec383716a5,concept_concept_4f51de207e1c,embedding,0.69489,groq_batch_2r_outputs.normalized,"2026-04-08 11:51:48",
concept_theme_f9ec383716a5,concept_concept_d36436703735,embedding,0.689455,groq_batch_2r_outputs.normalized,"2026-04-08 11:51:48",
concept_theme_f9ec383716a5,concept_theme_9edcea900bda,embedding,0.67866,groq_batch_2r_outputs.normalized,"2026-04-08 11:51:48",
concept_theme_f9ec383716a5,concept_theme_6e012f9ac3a8,embedding,0.671395,groq_batch_2r_outputs.normalized,"2026-04-08 11:51:48",
concept_theme_f9ec383716a5,concept_theme_6fa15ae3215d,embedding,0.668851,groq_batch_2r_outputs.normalized,"2026-04-08 11:51:48",
concept_theme_f9ec383716a5,concept_theme_a5f45bb69d3f,embedding,0.665216,groq_batch_2r_outputs.normalized,"2026-04-08 11:51:48",
concept_theme_6fa15ae3215d,concept_concept_ece730669f30,embedding,0.728753,groq_batch_2r_outputs.normalized,"2026-04-08 11:51:48",
concept_theme_6fa15ae3215d,concept_theme_f9ec383716a5,embedding,0.668851,groq_batch_2r_outputs.normalized,"2026-04-08 11:51:48",
concept_theme_6fa15ae3215d,concept_theme_43c39021bb74,embedding,0.648196,groq_batch_2r_outputs.normalized,"2026-04-08 11:51:48",
concept_theme_6fa15ae3215d,concept_theme_24dd1ca79d25,embedding,0.644296,groq_batch_2r_outputs.normalized,"2026-04-08 11:51:48",
concept_theme_6fa15ae3215d,concept_theme_e2d0e38cfde1,embedding,0.621146,groq_batch_2r_outputs.normalized,"2026-04-08 11:51:48",
concept_theme_6fa15ae3215d,concept_theme_7575d727932f,embedding,0.608122,groq_batch_2r_outputs.normalized,"2026-04-08 11:51:48",
concept_theme_6fa15ae3215d,concept_theme_b72038f5164d,embedding,0.607446,groq_batch_2r_outputs.normalized,"2026-04-08 11:51:48",
concept_theme_6fa15ae3215d,concept_theme_3ff32f9f49ec,embedding,0.605624,groq_batch_2r_outputs.normalized,"2026-04-08 11:51:48",
concept_theme_c96c4aa006fa,concept_theme_43c39021bb74,embedding,0.699749,groq_batch_2r_outputs.normalized,"2026-04-08 11:51:48",
concept_theme_c96c4aa006fa,concept_insight_0843d2e6795a,embedding,0.69863,groq_batch_2r_outputs.normalized,"2026-04-08 11:51:48",
concept_theme_c96c4aa006fa,concept_concept_f2612e61fb89,embedding,0.663148,groq_batch_2r_outputs.normalized,"2026-04-08 11:51:48",
concept_theme_c96c4aa006fa,concept_problem_546dd49ff145,embedding,0.642462,groq_batch_2r_outputs.normalized,"2026-04-08 11:51:48",
concept_theme_c96c4aa006fa,concept_theme_d421457b3cc7,embedding,0.620592,groq_batch_2r_outputs.normalized,"2026-04-08 11:51:48",
concept_theme_c96c4aa006fa,concept_theme_844f8ad3dc0e,embedding,0.617569,groq_batch_2r_outputs.normalized,"2026-04-08 11:51:48",
concept_theme_c96c4aa006fa,concept_theme_64f96da1313e,embedding,0.614592,groq_batch_2r_outputs.normalized,"2026-04-08 11:51:48",
concept_theme_c96c4aa006fa,concept_theme_6e012f9ac3a8,embedding,0.60951,groq_batch_2r_outputs.normalized,"2026-04-08 11:51:48",
concept_theme_a5f45bb69d3f,concept_theme_64f96da1313e,embedding,0.767426,groq_batch_2r_outputs.normalized,"2026-04-08 11:51:48",
concept_theme_a5f45bb69d3f,concept_theme_180e409bd4e6,embedding,0.76005,groq_batch_2r_outputs.normalized,"2026-04-08 11:51:48",
concept_theme_a5f45bb69d3f,concept_theme_e4e20b6dd893,embedding,0.69916,groq_batch_2r_outputs.normalized,"2026-04-08 11:51:48",
concept_theme_a5f45bb69d3f,concept_problem_720012904c40,embedding,0.697958,groq_batch_2r_outputs.normalized,"2026-04-08 11:51:48",
concept_theme_a5f45bb69d3f,concept_theme_2c6c49c54bbd,embedding,0.683576,groq_batch_2r_outputs.normalized,"2026-04-08 11:51:48",
concept_theme_a5f45bb69d3f,concept_theme_c0edc0bf578f,embedding,0.680641,groq_batch_2r_outputs.normalized,"2026-04-08 11:51:48",
concept_theme_a5f45bb69d3f,concept_theme_8f9e6651c54a,embedding,0.677048,groq_batch_2r_outputs.normalized,"2026-04-08 11:51:48",
concept_theme_a5f45bb69d3f,concept_theme_f9ec383716a5,embedding,0.665216,groq_batch_2r_outputs.normalized,"2026-04-08 11:51:48",
concept_theme_76de49f9448c,concept_theme_ab9dbb898396,embedding,0.70096,groq_batch_2r_outputs.normalized,"2026-04-08 11:51:48",
concept_theme_76de49f9448c,concept_theme_a97f965c53d2,embedding,0.672173,groq_batch_2r_outputs.normalized,"2026-04-08 11:51:48",
concept_theme_76de49f9448c,concept_theme_523b48a108dd,embedding,0.643987,groq_batch_2r_outputs.normalized,"2026-04-08 11:51:48",
concept_theme_76de49f9448c,concept_theme_ce93101aa057,embedding,0.635498,groq_batch_2r_outputs.normalized,"2026-04-08 11:51:48",
concept_theme_76de49f9448c,concept_theme_7e68b0631524,embedding,0.631612,groq_batch_2r_outputs.normalized,"2026-04-08 11:51:48",
concept_theme_76de49f9448c,concept_theme_10c25fc2865c,embedding,0.623114,groq_batch_2r_outputs.normalized,"2026-04-08 11:51:48",
concept_theme_76de49f9448c,concept_concept_88bb6fcdb482,embedding,0.618642,groq_batch_2r_outputs.normalized,"2026-04-08 11:51:48",
concept_theme_76de49f9448c,concept_concept_2cb228cf1194,embedding,0.611502,groq_batch_2r_outputs.normalized,"2026-04-08 11:51:48",
concept_theme_5179cfdb24f2,concept_theme_0a06229085a2,embedding,0.644488,groq_batch_2r_outputs.normalized,"2026-04-08 11:51:48",
concept_theme_5179cfdb24f2,concept_theme_2c6c49c54bbd,embedding,0.602152,groq_batch_2r_outputs.normalized,"2026-04-08 11:51:48",
concept_theme_5179cfdb24f2,concept_insight_399c32fa40c8,embedding,0.591869,groq_batch_2r_outputs.normalized,"2026-04-08 11:51:48",
concept_theme_5179cfdb24f2,concept_theme_41e347bb2550,embedding,0.590344,groq_batch_2r_outputs.normalized,"2026-04-08 11:51:48",
concept_theme_5179cfdb24f2,concept_technique_a5f3b5e80870,embedding,0.585362,groq_batch_2r_outputs.normalized,"2026-04-08 11:51:48",
concept_theme_5179cfdb24f2,concept_theme_f156a24f6899,embedding,0.577628,groq_batch_2r_outputs.normalized,"2026-04-08 11:51:48",
concept_theme_5179cfdb24f2,concept_theme_7252661eddc1,embedding,0.577511,groq_batch_2r_outputs.normalized,"2026-04-08 11:51:48",
concept_theme_5179cfdb24f2,concept_organization_aa48a1e8acbb,embedding,0.571683,groq_batch_2r_outputs.normalized,"2026-04-08 11:51:48",
concept_theme_dd5e74e05fc7,concept_theme_f4d50e998dcc,embedding,0.662862,groq_batch_2r_outputs.normalized,"2026-04-08 11:51:48",
concept_theme_dd5e74e05fc7,concept_theme_f9ec383716a5,embedding,0.624281,groq_batch_2r_outputs.normalized,"2026-04-08 11:51:48",
concept_theme_dd5e74e05fc7,concept_theme_0323cd1f92f0,embedding,0.613666,groq_batch_2r_outputs.normalized,"2026-04-08 11:51:48",
concept_theme_dd5e74e05fc7,concept_theme_9edcea900bda,embedding,0.604322,groq_batch_2r_outputs.normalized,"2026-04-08 11:51:48",
concept_theme_dd5e74e05fc7,concept_theme_6fa15ae3215d,embedding,0.589897,groq_batch_2r_outputs.normalized,"2026-04-08 11:51:48",
concept_theme_dd5e74e05fc7,concept_theme_38b944c29632,embedding,0.583039,groq_batch_2r_outputs.normalized,"2026-04-08 11:51:48",
concept_theme_dd5e74e05fc7,concept_theme_0b9c40adb718,embedding,0.578608,groq_batch_2r_outputs.normalized,"2026-04-08 11:51:48",
concept_theme_dd5e74e05fc7,concept_theme_e4e20b6dd893,embedding,0.578104,groq_batch_2r_outputs.normalized,"2026-04-08 11:51:48",
concept_theme_64f96da1313e,concept_theme_a5f45bb69d3f,embedding,0.767426,groq_batch_2r_outputs.normalized,"2026-04-08 11:51:48",
concept_theme_64f96da1313e,concept_theme_4a9f91d1240d,embedding,0.702737,groq_batch_2r_outputs.normalized,"2026-04-08 11:51:48",
concept_theme_64f96da1313e,concept_theme_180e409bd4e6,embedding,0.69718,groq_batch_2r_outputs.normalized,"2026-04-08 11:51:48",
concept_theme_64f96da1313e,concept_theme_1d264c8c4e5a,embedding,0.670525,groq_batch_2r_outputs.normalized,"2026-04-08 11:51:48",
concept_theme_64f96da1313e,concept_theme_c0edc0bf578f,embedding,0.65573,groq_batch_2r_outputs.normalized,"2026-04-08 11:51:48",
concept_theme_64f96da1313e,concept_theme_4c07c6742963,embedding,0.641153,groq_batch_2r_outputs.normalized,"2026-04-08 11:51:48",
concept_theme_64f96da1313e,concept_theme_6e012f9ac3a8,embedding,0.635515,groq_batch_2r_outputs.normalized,"2026-04-08 11:51:48",
concept_theme_64f96da1313e,concept_theme_8f9e6651c54a,embedding,0.634553,groq_batch_2r_outputs.normalized,"2026-04-08 11:51:48",
concept_concept_ece730669f30,concept_theme_6fa15ae3215d,embedding,0.728753,groq_batch_2r_outputs.normalized,"2026-04-08 11:51:48",
concept_concept_ece730669f30,concept_concept_4f51de207e1c,embedding,0.678846,groq_batch_2r_outputs.normalized,"2026-04-08 11:51:48",
concept_concept_ece730669f30,concept_concept_98398f0335f0,embedding,0.664727,groq_batch_2r_outputs.normalized,"2026-04-08 11:51:48",
concept_concept_ece730669f30,concept_concept_1fca78ffffb2,embedding,0.659292,groq_batch_2r_outputs.normalized,"2026-04-08 11:51:48",
concept_concept_ece730669f30,concept_concept_e52dc1b5fbca,embedding,0.644571,groq_batch_2r_outputs.normalized,"2026-04-08 11:51:48",
concept_concept_ece730669f30,concept_insight_3bdb367e7fa7,embedding,0.635568,groq_batch_2r_outputs.normalized,"2026-04-08 11:51:48",
concept_concept_ece730669f30,concept_concept_4ad86230fefa,embedding,0.633517,groq_batch_2r_outputs.normalized,"2026-04-08 11:51:48",
concept_concept_ece730669f30,concept_concept_7091d2715a81,embedding,0.624824,groq_batch_2r_outputs.normalized,"2026-04-08 11:51:48",
concept_concept_d36436703735,concept_concept_7091d2715a81,embedding,0.762083,groq_batch_2r_outputs.normalized,"2026-04-08 11:51:48",
concept_concept_d36436703735,concept_concept_4ad86230fefa,embedding,0.734368,groq_batch_2r_outputs.normalized,"2026-04-08 11:51:48",
concept_concept_d36436703735,concept_theme_f9ec383716a5,embedding,0.689455,groq_batch_2r_outputs.normalized,"2026-04-08 11:51:48",
concept_concept_d36436703735,concept_concept_d6d3aad7d086,embedding,0.657135,groq_batch_2r_outputs.normalized,"2026-04-08 11:51:48",
concept_concept_d36436703735,concept_concept_4f51de207e1c,embedding,0.650852,groq_batch_2r_outputs.normalized,"2026-04-08 11:51:48",
concept_concept_d36436703735,concept_concept_e52dc1b5fbca,embedding,0.647671,groq_batch_2r_outputs.normalized,"2026-04-08 11:51:48",
concept_concept_d36436703735,concept_concept_98398f0335f0,embedding,0.643292,groq_batch_2r_outputs.normalized,"2026-04-08 11:51:48",
concept_concept_d36436703735,concept_concept_ddc45b4288a0,embedding,0.638447,groq_batch_2r_outputs.normalized,"2026-04-08 11:51:48",
concept_problem_720012904c40,concept_problem_0bdb66f6296c,embedding,0.754256,groq_batch_2r_outputs.normalized,"2026-04-08 11:51:48",
concept_problem_720012904c40,concept_problem_546dd49ff145,embedding,0.71699,groq_batch_2r_outputs.normalized,"2026-04-08 11:51:48",
concept_problem_720012904c40,concept_theme_a5f45bb69d3f,embedding,0.697958,groq_batch_2r_outputs.normalized,"2026-04-08 11:51:48",
concept_problem_720012904c40,concept_domain_aa47eda7be45,embedding,0.693408,groq_batch_2r_outputs.normalized,"2026-04-08 11:51:48",
concept_problem_720012904c40,concept_problem_b762584fbc70,embedding,0.674289,groq_batch_2r_outputs.normalized,"2026-04-08 11:51:48",
concept_problem_720012904c40,concept_concept_c0083937037f,embedding,0.66179,groq_batch_2r_outputs.normalized,"2026-04-08 11:51:48",
concept_problem_720012904c40,concept_concept_2cb228cf1194,embedding,0.6508,groq_batch_2r_outputs.normalized,"2026-04-08 11:51:48",
concept_problem_720012904c40,concept_theme_180e409bd4e6,embedding,0.642216,groq_batch_2r_outputs.normalized,"2026-04-08 11:51:48",
concept_concept_4f51de207e1c,concept_concept_7091d2715a81,embedding,0.761202,groq_batch_2r_outputs.normalized,"2026-04-08 11:51:48",
concept_concept_4f51de207e1c,concept_concept_1fca78ffffb2,embedding,0.748265,groq_batch_2r_outputs.normalized,"2026-04-08 11:51:48",
concept_concept_4f51de207e1c,concept_concept_98398f0335f0,embedding,0.746449,groq_batch_2r_outputs.normalized,"2026-04-08 11:51:48",
concept_concept_4f51de207e1c,concept_concept_1aee207f7857,embedding,0.745726,groq_batch_2r_outputs.normalized,"2026-04-08 11:51:48",
concept_concept_4f51de207e1c,concept_concept_e52dc1b5fbca,embedding,0.725175,groq_batch_2r_outputs.normalized,"2026-04-08 11:51:48",
concept_concept_4f51de207e1c,concept_concept_ddc45b4288a0,embedding,0.709469,groq_batch_2r_outputs.normalized,"2026-04-08 11:51:48",
concept_concept_4f51de207e1c,concept_concept_d6d3aad7d086,embedding,0.700867,groq_batch_2r_outputs.normalized,"2026-04-08 11:51:48",
concept_concept_4f51de207e1c,concept_concept_4ad86230fefa,embedding,0.697096,groq_batch_2r_outputs.normalized,"2026-04-08 11:51:48",
concept_concept_ccad40965cda,concept_concept_e52dc1b5fbca,embedding,0.735199,groq_batch_2r_outputs.normalized,"2026-04-08 11:51:48",
concept_concept_ccad40965cda,concept_concept_98398f0335f0,embedding,0.72785,groq_batch_2r_outputs.normalized,"2026-04-08 11:51:48",
concept_concept_ccad40965cda,concept_concept_1fca78ffffb2,embedding,0.716004,groq_batch_2r_outputs.normalized,"2026-04-08 11:51:48",
concept_concept_ccad40965cda,concept_concept_7091d2715a81,embedding,0.70196,groq_batch_2r_outputs.normalized,"2026-04-08 11:51:48",
concept_concept_ccad40965cda,concept_concept_4f51de207e1c,embedding,0.676389,groq_batch_2r_outputs.normalized,"2026-04-08 11:51:48",
concept_concept_ccad40965cda,concept_concept_d6d3aad7d086,embedding,0.662292,groq_batch_2r_outputs.normalized,"2026-04-08 11:51:48",
concept_concept_ccad40965cda,concept_concept_21f4adf0ff0d,embedding,0.659273,groq_batch_2r_outputs.normalized,"2026-04-08 11:51:48",
concept_concept_ccad40965cda,concept_concept_9faf2c5e903f,embedding,0.651507,groq_batch_2r_outputs.normalized,"2026-04-08 11:51:48",
concept_concept_f2612e61fb89,concept_problem_546dd49ff145,embedding,0.829262,groq_batch_2r_outputs.normalized,"2026-04-08 11:51:48",
concept_concept_f2612e61fb89,concept_domain_8e9a57c2a700,embedding,0.700424,groq_batch_2r_outputs.normalized,"2026-04-08 11:51:48",
concept_concept_f2612e61fb89,concept_concept_7091d2715a81,embedding,0.697549,groq_batch_2r_outputs.normalized,"2026-04-08 11:51:48",
concept_concept_f2612e61fb89,concept_concept_1fca78ffffb2,embedding,0.672744,groq_batch_2r_outputs.normalized,"2026-04-08 11:51:48",
concept_concept_f2612e61fb89,concept_concept_98398f0335f0,embedding,0.664189,groq_batch_2r_outputs.normalized,"2026-04-08 11:51:48",
concept_concept_f2612e61fb89,concept_theme_c96c4aa006fa,embedding,0.663148,groq_batch_2r_outputs.normalized,"2026-04-08 11:51:48",
concept_concept_f2612e61fb89,concept_concept_e52dc1b5fbca,embedding,0.65591,groq_batch_2r_outputs.normalized,"2026-04-08 11:51:48",
concept_concept_f2612e61fb89,concept_domain_c8b3347b1708,embedding,0.647234,groq_batch_2r_outputs.normalized,"2026-04-08 11:51:48",
concept_organization_aa48a1e8acbb,concept_concept_d6d3aad7d086,embedding,0.71306,groq_batch_2r_outputs.normalized,"2026-04-08 11:51:48",
concept_organization_aa48a1e8acbb,concept_theme_e4e20b6dd893,embedding,0.597604,groq_batch_2r_outputs.normalized,"2026-04-08 11:51:48",
concept_organization_aa48a1e8acbb,concept_theme_5179cfdb24f2,embedding,0.571683,groq_batch_2r_outputs.normalized,"2026-04-08 11:51:48",
concept_organization_aa48a1e8acbb,concept_organization_813cfe2f8018,embedding,0.5639,groq_batch_2r_outputs.normalized,"2026-04-08 11:51:48",
concept_organization_aa48a1e8acbb,concept_problem_0bdb66f6296c,embedding,0.555743,groq_batch_2r_outputs.normalized,"2026-04-08 11:51:48",
concept_organization_aa48a1e8acbb,concept_theme_64f96da1313e,embedding,0.552597,groq_batch_2r_outputs.normalized,"2026-04-08 11:51:48",
concept_organization_aa48a1e8acbb,concept_concept_2cb228cf1194,embedding,0.55082,groq_batch_2r_outputs.normalized,"2026-04-08 11:51:48",
concept_concept_4ad86230fefa,concept_concept_7091d2715a81,embedding,0.737602,groq_batch_2r_outputs.normalized,"2026-04-08 11:51:48",
concept_concept_4ad86230fefa,concept_concept_d36436703735,embedding,0.734368,groq_batch_2r_outputs.normalized,"2026-04-08 11:51:48",
concept_concept_4ad86230fefa,concept_concept_e52dc1b5fbca,embedding,0.716629,groq_batch_2r_outputs.normalized,"2026-04-08 11:51:48",
concept_concept_4ad86230fefa,concept_concept_d6d3aad7d086,embedding,0.715415,groq_batch_2r_outputs.normalized,"2026-04-08 11:51:48",
concept_concept_4ad86230fefa,concept_concept_98398f0335f0,embedding,0.707092,groq_batch_2r_outputs.normalized,"2026-04-08 11:51:48",
concept_concept_4ad86230fefa,concept_concept_1fca78ffffb2,embedding,0.698239,groq_batch_2r_outputs.normalized,"2026-04-08 11:51:48",
concept_concept_4ad86230fefa,concept_concept_4f51de207e1c,embedding,0.697096,groq_batch_2r_outputs.normalized,"2026-04-08 11:51:48",
concept_concept_4ad86230fefa,concept_concept_ddc45b4288a0,embedding,0.671254,groq_batch_2r_outputs.normalized,"2026-04-08 11:51:48",
concept_problem_0bdb66f6296c,concept_problem_720012904c40,embedding,0.754256,groq_batch_2r_outputs.normalized,"2026-04-08 11:51:48",
concept_problem_0bdb66f6296c,concept_concept_2cb228cf1194,embedding,0.717003,groq_batch_2r_outputs.normalized,"2026-04-08 11:51:48",
concept_problem_0bdb66f6296c,concept_problem_9880cf38291b,embedding,0.656513,groq_batch_2r_outputs.normalized,"2026-04-08 11:51:48",
concept_problem_0bdb66f6296c,concept_concept_88bb6fcdb482,embedding,0.646807,groq_batch_2r_outputs.normalized,"2026-04-08 11:51:48",
concept_problem_0bdb66f6296c,concept_domain_aa47eda7be45,embedding,0.623174,groq_batch_2r_outputs.normalized,"2026-04-08 11:51:48",
concept_problem_0bdb66f6296c,concept_problem_b762584fbc70,embedding,0.621629,groq_batch_2r_outputs.normalized,"2026-04-08 11:51:48",
concept_problem_0bdb66f6296c,concept_problem_546dd49ff145,embedding,0.61983,groq_batch_2r_outputs.normalized,"2026-04-08 11:51:48",
concept_problem_0bdb66f6296c,concept_project_a2ba647c923e,embedding,0.612277,groq_batch_2r_outputs.normalized,"2026-04-08 11:51:48",
concept_concept_8fc42959d619,concept_concept_6eee5f5be857,embedding,0.6021,groq_batch_2r_outputs.normalized,"2026-04-08 11:51:48",
concept_concept_8fc42959d619,concept_concept_98398f0335f0,embedding,0.600251,groq_batch_2r_outputs.normalized,"2026-04-08 11:51:48",
concept_concept_8fc42959d619,concept_concept_ddc45b4288a0,embedding,0.597676,groq_batch_2r_outputs.normalized,"2026-04-08 11:51:48",
concept_concept_8fc42959d619,concept_concept_1fca78ffffb2,embedding,0.593635,groq_batch_2r_outputs.normalized,"2026-04-08 11:51:48",
concept_concept_8fc42959d619,concept_concept_e52dc1b5fbca,embedding,0.589915,groq_batch_2r_outputs.normalized,"2026-04-08 11:51:48",
concept_concept_8fc42959d619,concept_concept_7091d2715a81,embedding,0.585471,groq_batch_2r_outputs.normalized,"2026-04-08 11:51:48",
concept_concept_8fc42959d619,concept_concept_9faf2c5e903f,embedding,0.580538,groq_batch_2r_outputs.normalized,"2026-04-08 11:51:48",
concept_concept_8fc42959d619,concept_theme_dd5e74e05fc7,embedding,0.57177,groq_batch_2r_outputs.normalized,"2026-04-08 11:51:48",
concept_person_e7ff4faf8f1c,concept_concept_1fca78ffffb2,embedding,0.646489,groq_batch_2r_outputs.normalized,"2026-04-08 11:51:48",
concept_person_e7ff4faf8f1c,concept_concept_98398f0335f0,embedding,0.644553,groq_batch_2r_outputs.normalized,"2026-04-08 11:51:48",
concept_person_e7ff4faf8f1c,concept_concept_e52dc1b5fbca,embedding,0.641483,groq_batch_2r_outputs.normalized,"2026-04-08 11:51:48",
concept_person_e7ff4faf8f1c,concept_person_7694d49afe8d,embedding,0.637287,groq_batch_2r_outputs.normalized,"2026-04-08 11:51:48",
concept_person_e7ff4faf8f1c,concept_person_67306b016d0a,embedding,0.623646,groq_batch_2r_outputs.normalized,"2026-04-08 11:51:48",
concept_person_e7ff4faf8f1c,concept_concept_ccad40965cda,embedding,0.617212,groq_batch_2r_outputs.normalized,"2026-04-08 11:51:48",
concept_person_e7ff4faf8f1c,concept_concept_4f51de207e1c,embedding,0.610439,groq_batch_2r_outputs.normalized,"2026-04-08 11:51:48",
concept_person_e7ff4faf8f1c,concept_concept_21f4adf0ff0d,embedding,0.609004,groq_batch_2r_outputs.normalized,"2026-04-08 11:51:48",
concept_insight_3bdb367e7fa7,concept_insight_b928cd92c0cb,embedding,0.76318,groq_batch_2r_outputs.normalized,"2026-04-08 11:51:49",
concept_insight_3bdb367e7fa7,concept_insight_d3bd3aa487db,embedding,0.693279,groq_batch_2r_outputs.normalized,"2026-04-08 11:51:49",
concept_insight_3bdb367e7fa7,concept_insight_0a53ef175f33,embedding,0.687408,groq_batch_2r_outputs.normalized,"2026-04-08 11:51:49",
concept_insight_3bdb367e7fa7,concept_insight_c8619b17662d,embedding,0.640558,groq_batch_2r_outputs.normalized,"2026-04-08 11:51:49",
concept_insight_3bdb367e7fa7,concept_insight_92d0dd7ca5aa,embedding,0.637125,groq_batch_2r_outputs.normalized,"2026-04-08 11:51:49",
concept_insight_3bdb367e7fa7,concept_concept_ece730669f30,embedding,0.635568,groq_batch_2r_outputs.normalized,"2026-04-08 11:51:49",
concept_insight_3bdb367e7fa7,concept_insight_b17947dfee84,embedding,0.618374,groq_batch_2r_outputs.normalized,"2026-04-08 11:51:49",
concept_insight_3bdb367e7fa7,concept_insight_399c32fa40c8,embedding,0.611843,groq_batch_2r_outputs.normalized,"2026-04-08 11:51:49",
concept_insight_c8619b17662d,concept_insight_0a53ef175f33,embedding,0.754122,groq_batch_2r_outputs.normalized,"2026-04-08 11:51:49",
concept_insight_c8619b17662d,concept_insight_d3bd3aa487db,embedding,0.736354,groq_batch_2r_outputs.normalized,"2026-04-08 11:51:49",
concept_insight_c8619b17662d,concept_insight_08d14842ffcd,embedding,0.729634,groq_batch_2r_outputs.normalized,"2026-04-08 11:51:49",
concept_insight_c8619b17662d,concept_insight_36696f32b8cc,embedding,0.686397,groq_batch_2r_outputs.normalized,"2026-04-08 11:51:49",
concept_insight_c8619b17662d,concept_insight_0843d2e6795a,embedding,0.67763,groq_batch_2r_outputs.normalized,"2026-04-08 11:51:49",
concept_insight_c8619b17662d,concept_insight_6b38b7160609,embedding,0.673997,groq_batch_2r_outputs.normalized,"2026-04-08 11:51:49",
concept_insight_c8619b17662d,concept_insight_0fb8a427f923,embedding,0.67246,groq_batch_2r_outputs.normalized,"2026-04-08 11:51:49",
concept_insight_c8619b17662d,concept_insight_92d0dd7ca5aa,embedding,0.666513,groq_batch_2r_outputs.normalized,"2026-04-08 11:51:49",
concept_insight_6b38b7160609,concept_insight_08d14842ffcd,embedding,0.759781,groq_batch_2r_outputs.normalized,"2026-04-08 11:51:49",
concept_insight_6b38b7160609,concept_insight_d3bd3aa487db,embedding,0.729985,groq_batch_2r_outputs.normalized,"2026-04-08 11:51:49",
concept_insight_6b38b7160609,concept_insight_5b846f78bd84,embedding,0.699968,groq_batch_2r_outputs.normalized,"2026-04-08 11:51:49",
concept_insight_6b38b7160609,concept_insight_399c32fa40c8,embedding,0.674387,groq_batch_2r_outputs.normalized,"2026-04-08 11:51:49",
concept_insight_6b38b7160609,concept_insight_c8619b17662d,embedding,0.673997,groq_batch_2r_outputs.normalized,"2026-04-08 11:51:49",
concept_insight_6b38b7160609,concept_insight_ce4295fce154,embedding,0.673184,groq_batch_2r_outputs.normalized,"2026-04-08 11:51:49",
concept_insight_6b38b7160609,concept_insight_92d0dd7ca5aa,embedding,0.664918,groq_batch_2r_outputs.normalized,"2026-04-08 11:51:49",
concept_insight_6b38b7160609,concept_insight_8e7d70cde12a,embedding,0.657561,groq_batch_2r_outputs.normalized,"2026-04-08 11:51:49",
concept_insight_d3bd3aa487db,concept_insight_c8619b17662d,embedding,0.736354,groq_batch_2r_outputs.normalized,"2026-04-08 11:51:49",
concept_insight_d3bd3aa487db,concept_insight_0a53ef175f33,embedding,0.730977,groq_batch_2r_outputs.normalized,"2026-04-08 11:51:49",
concept_insight_d3bd3aa487db,concept_insight_6b38b7160609,embedding,0.729985,groq_batch_2r_outputs.normalized,"2026-04-08 11:51:49",
concept_insight_d3bd3aa487db,concept_insight_fb3a899cd95e,embedding,0.727591,groq_batch_2r_outputs.normalized,"2026-04-08 11:51:49",
concept_insight_d3bd3aa487db,concept_insight_08d14842ffcd,embedding,0.724665,groq_batch_2r_outputs.normalized,"2026-04-08 11:51:49",
concept_insight_d3bd3aa487db,concept_insight_92d0dd7ca5aa,embedding,0.710301,groq_batch_2r_outputs.normalized,"2026-04-08 11:51:49",
concept_insight_d3bd3aa487db,concept_insight_b17947dfee84,embedding,0.697283,groq_batch_2r_outputs.normalized,"2026-04-08 11:51:49",
concept_insight_d3bd3aa487db,concept_insight_3bdb367e7fa7,embedding,0.693279,groq_batch_2r_outputs.normalized,"2026-04-08 11:51:49",
concept_insight_0843d2e6795a,concept_theme_c96c4aa006fa,embedding,0.69863,groq_batch_2r_outputs.normalized,"2026-04-08 11:51:49",
concept_insight_0843d2e6795a,concept_insight_fb3a899cd95e,embedding,0.694697,groq_batch_2r_outputs.normalized,"2026-04-08 11:51:49",
concept_insight_0843d2e6795a,concept_insight_92d0dd7ca5aa,embedding,0.686044,groq_batch_2r_outputs.normalized,"2026-04-08 11:51:49",
concept_insight_0843d2e6795a,concept_insight_e98f148d5af2,embedding,0.682811,groq_batch_2r_outputs.normalized,"2026-04-08 11:51:49",
concept_insight_0843d2e6795a,concept_insight_c8619b17662d,embedding,0.67763,groq_batch_2r_outputs.normalized,"2026-04-08 11:51:49",
concept_insight_0843d2e6795a,concept_insight_0a53ef175f33,embedding,0.658805,groq_batch_2r_outputs.normalized,"2026-04-08 11:51:49",
concept_insight_0843d2e6795a,concept_insight_08d14842ffcd,embedding,0.657989,groq_batch_2r_outputs.normalized,"2026-04-08 11:51:49",
concept_insight_0843d2e6795a,concept_insight_d3bd3aa487db,embedding,0.646946,groq_batch_2r_outputs.normalized,"2026-04-08 11:51:49",
concept_insight_b928cd92c0cb,concept_insight_3bdb367e7fa7,embedding,0.76318,groq_batch_2r_outputs.normalized,"2026-04-08 11:51:49",
concept_insight_b928cd92c0cb,concept_insight_d3bd3aa487db,embedding,0.638305,groq_batch_2r_outputs.normalized,"2026-04-08 11:51:49",
concept_insight_b928cd92c0cb,concept_insight_0a53ef175f33,embedding,0.63172,groq_batch_2r_outputs.normalized,"2026-04-08 11:51:49",
concept_insight_b928cd92c0cb,concept_insight_b17947dfee84,embedding,0.631272,groq_batch_2r_outputs.normalized,"2026-04-08 11:51:49",
concept_insight_b928cd92c0cb,concept_insight_399c32fa40c8,embedding,0.627296,groq_batch_2r_outputs.normalized,"2026-04-08 11:51:49",
concept_insight_b928cd92c0cb,concept_insight_92d0dd7ca5aa,embedding,0.575235,groq_batch_2r_outputs.normalized,"2026-04-08 11:51:49",
concept_insight_b928cd92c0cb,concept_insight_08d14842ffcd,embedding,0.563344,groq_batch_2r_outputs.normalized,"2026-04-08 11:51:49",
concept_insight_b928cd92c0cb,concept_insight_7a031f02124a,embedding,0.563199,groq_batch_2r_outputs.normalized,"2026-04-08 11:51:49",
concept_insight_e98f148d5af2,concept_insight_0843d2e6795a,embedding,0.682811,groq_batch_2r_outputs.normalized,"2026-04-08 11:51:49",
concept_insight_e98f148d5af2,concept_insight_0a53ef175f33,embedding,0.636604,groq_batch_2r_outputs.normalized,"2026-04-08 11:51:49",
concept_insight_e98f148d5af2,concept_insight_5765b9b1a563,embedding,0.602614,groq_batch_2r_outputs.normalized,"2026-04-08 11:51:49",
concept_insight_e98f148d5af2,concept_insight_b17947dfee84,embedding,0.585203,groq_batch_2r_outputs.normalized,"2026-04-08 11:51:49",
concept_insight_e98f148d5af2,concept_insight_399c32fa40c8,embedding,0.583937,groq_batch_2r_outputs.normalized,"2026-04-08 11:51:49",
concept_insight_e98f148d5af2,concept_insight_0fb8a427f923,embedding,0.578267,groq_batch_2r_outputs.normalized,"2026-04-08 11:51:49",
concept_insight_e98f148d5af2,concept_insight_c8619b17662d,embedding,0.562236,groq_batch_2r_outputs.normalized,"2026-04-08 11:51:49",
concept_domain_821cc2a93f58,concept_domain_a290a714846b,embedding,0.818994,groq_batch_2r_outputs.normalized,"2026-04-08 11:51:49",
concept_domain_821cc2a93f58,concept_domain_5dc11fbfb1c4,embedding,0.788132,groq_batch_2r_outputs.normalized,"2026-04-08 11:51:49",
concept_domain_821cc2a93f58,concept_domain_e19086aaa18e,embedding,0.769744,groq_batch_2r_outputs.normalized,"2026-04-08 11:51:49",
concept_domain_821cc2a93f58,concept_domain_856e8d2e7ee2,embedding,0.73784,groq_batch_2r_outputs.normalized,"2026-04-08 11:51:49",
concept_domain_821cc2a93f58,concept_domain_823daac77dc4,embedding,0.638671,groq_batch_2r_outputs.normalized,"2026-04-08 11:51:49",
concept_domain_821cc2a93f58,concept_domain_10549d935983,embedding,0.624418,groq_batch_2r_outputs.normalized,"2026-04-08 11:51:49",
concept_domain_821cc2a93f58,concept_domain_db4d9c3bc628,embedding,0.608196,groq_batch_2r_outputs.normalized,"2026-04-08 11:51:49",
concept_domain_821cc2a93f58,concept_domain_5d6f93e39155,embedding,0.594651,groq_batch_2r_outputs.normalized,"2026-04-08 11:51:49",
concept_domain_876f3ddf072c,concept_domain_4509fdb543d8,embedding,0.899435,groq_batch_2r_outputs.normalized,"2026-04-08 11:51:49",
concept_domain_876f3ddf072c,concept_domain_10549d935983,embedding,0.807167,groq_batch_2r_outputs.normalized,"2026-04-08 11:51:49",
concept_domain_876f3ddf072c,concept_domain_e70a7d890fdc,embedding,0.767006,groq_batch_2r_outputs.normalized,"2026-04-08 11:51:49",
concept_domain_876f3ddf072c,concept_domain_ec0eb439899e,embedding,0.757569,groq_batch_2r_outputs.normalized,"2026-04-08 11:51:49",
concept_domain_876f3ddf072c,concept_domain_c3b6f5840cc9,embedding,0.725135,groq_batch_2r_outputs.normalized,"2026-04-08 11:51:49",
concept_domain_876f3ddf072c,concept_domain_79be89866d06,embedding,0.722293,groq_batch_2r_outputs.normalized,"2026-04-08 11:51:49",
concept_domain_876f3ddf072c,concept_domain_68b5c531a430,embedding,0.714229,groq_batch_2r_outputs.normalized,"2026-04-08 11:51:49",
concept_domain_876f3ddf072c,concept_domain_fe3d1148f3ef,embedding,0.713678,groq_batch_2r_outputs.normalized,"2026-04-08 11:51:49",
concept_domain_5326cf49f80e,concept_domain_aa47eda7be45,embedding,0.640915,groq_batch_2r_outputs.normalized,"2026-04-08 11:51:49",
concept_domain_5d6f93e39155,concept_domain_68b5c531a430,embedding,0.704991,groq_batch_2r_outputs.normalized,"2026-04-08 11:51:49",
concept_domain_5d6f93e39155,concept_domain_cee803d4cfc3,embedding,0.704317,groq_batch_2r_outputs.normalized,"2026-04-08 11:51:49",
concept_domain_5d6f93e39155,concept_domain_cae9453bc958,embedding,0.67497,groq_batch_2r_outputs.normalized,"2026-04-08 11:51:49",
concept_domain_5d6f93e39155,concept_domain_856e8d2e7ee2,embedding,0.668447,groq_batch_2r_outputs.normalized,"2026-04-08 11:51:49",
concept_domain_5d6f93e39155,concept_domain_e19086aaa18e,embedding,0.667885,groq_batch_2r_outputs.normalized,"2026-04-08 11:51:49",
concept_domain_5d6f93e39155,concept_domain_db4d9c3bc628,embedding,0.667708,groq_batch_2r_outputs.normalized,"2026-04-08 11:51:49",
concept_domain_5d6f93e39155,concept_domain_e70a7d890fdc,embedding,0.666964,groq_batch_2r_outputs.normalized,"2026-04-08 11:51:49",
concept_domain_5d6f93e39155,concept_domain_ff2a5f10eba0,embedding,0.665567,groq_batch_2r_outputs.normalized,"2026-04-08 11:51:49",
concept_domain_823daac77dc4,concept_domain_876f3ddf072c,embedding,0.689026,groq_batch_2r_outputs.normalized,"2026-04-08 11:51:49",
concept_theme_726f8252ec56,concept_theme_136ca3275b15,embedding,0.780457,groq_batch_2r_outputs.normalized,"2026-04-08 11:51:49",
concept_theme_726f8252ec56,concept_theme_8908232dd38c,embedding,0.684609,groq_batch_2r_outputs.normalized,"2026-04-08 11:51:49",
concept_theme_726f8252ec56,concept_theme_d421457b3cc7,embedding,0.665376,groq_batch_2r_outputs.normalized,"2026-04-08 11:51:49",
concept_theme_726f8252ec56,concept_organization_b460d8591b2a,embedding,0.642614,groq_batch_2r_outputs.normalized,"2026-04-08 11:51:49",
concept_theme_726f8252ec56,concept_theme_6c67b36cb0c6,embedding,0.637382,groq_batch_2r_outputs.normalized,"2026-04-08 11:51:49",
concept_theme_726f8252ec56,concept_person_58f1420c6f50,embedding,0.575155,groq_batch_2r_outputs.normalized,"2026-04-08 11:51:49",
concept_theme_726f8252ec56,concept_project_f73071ba917f,embedding,0.574641,groq_batch_2r_outputs.normalized,"2026-04-08 11:51:49",
concept_theme_726f8252ec56,concept_theme_9a858beb1019,embedding,0.566467,groq_batch_2r_outputs.normalized,"2026-04-08 11:51:49",
concept_theme_a1ab6058c490,concept_theme_f636fcc71916,embedding,0.699888,groq_batch_2r_outputs.normalized,"2026-04-08 11:51:49",
concept_theme_a1ab6058c490,concept_theme_7e9c10cc412b,embedding,0.684731,groq_batch_2r_outputs.normalized,"2026-04-08 11:51:49",
concept_theme_a1ab6058c490,concept_theme_9edcea900bda,embedding,0.677855,groq_batch_2r_outputs.normalized,"2026-04-08 11:51:49",
concept_theme_a1ab6058c490,concept_theme_0adab5543235,embedding,0.67556,groq_batch_2r_outputs.normalized,"2026-04-08 11:51:49",
concept_theme_a1ab6058c490,concept_domain_e70a7d890fdc,embedding,0.668017,groq_batch_2r_outputs.normalized,"2026-04-08 11:51:49",
concept_theme_a1ab6058c490,concept_theme_0323cd1f92f0,embedding,0.63999,groq_batch_2r_outputs.normalized,"2026-04-08 11:51:49",
concept_theme_a1ab6058c490,concept_theme_6c67b36cb0c6,embedding,0.630513,groq_batch_2r_outputs.normalized,"2026-04-08 11:51:49",
concept_theme_a1ab6058c490,concept_example_c1634e18856c,embedding,0.614616,groq_batch_2r_outputs.normalized,"2026-04-08 11:51:49",
concept_theme_6c67b36cb0c6,concept_theme_e2d0e38cfde1,embedding,0.685763,groq_batch_2r_outputs.normalized,"2026-04-08 11:51:49",
concept_theme_6c67b36cb0c6,concept_theme_9edcea900bda,embedding,0.668635,groq_batch_2r_outputs.normalized,"2026-04-08 11:51:49",
concept_theme_6c67b36cb0c6,concept_theme_136ca3275b15,embedding,0.657418,groq_batch_2r_outputs.normalized,"2026-04-08 11:51:49",
concept_theme_6c67b36cb0c6,concept_theme_d421457b3cc7,embedding,0.642723,groq_batch_2r_outputs.normalized,"2026-04-08 11:51:49",
concept_theme_6c67b36cb0c6,concept_theme_0b9c40adb718,embedding,0.640321,groq_batch_2r_outputs.normalized,"2026-04-08 11:51:49",
concept_theme_6c67b36cb0c6,concept_theme_726f8252ec56,embedding,0.637382,groq_batch_2r_outputs.normalized,"2026-04-08 11:51:49",
concept_theme_6c67b36cb0c6,concept_theme_7e9c10cc412b,embedding,0.631292,groq_batch_2r_outputs.normalized,"2026-04-08 11:51:49",
concept_theme_6c67b36cb0c6,concept_theme_a1ab6058c490,embedding,0.630513,groq_batch_2r_outputs.normalized,"2026-04-08 11:51:49",
concept_theme_d421457b3cc7,concept_theme_726f8252ec56,embedding,0.665376,groq_batch_2r_outputs.normalized,"2026-04-08 11:51:49",
concept_theme_d421457b3cc7,concept_theme_6db96ab49b6a,embedding,0.643525,groq_batch_2r_outputs.normalized,"2026-04-08 11:51:49",
concept_theme_d421457b3cc7,concept_theme_6c67b36cb0c6,embedding,0.642723,groq_batch_2r_outputs.normalized,"2026-04-08 11:51:49",
concept_theme_d421457b3cc7,concept_project_f73071ba917f,embedding,0.640766,groq_batch_2r_outputs.normalized,"2026-04-08 11:51:49",
concept_theme_d421457b3cc7,concept_theme_7e9c10cc412b,embedding,0.632849,groq_batch_2r_outputs.normalized,"2026-04-08 11:51:49",
concept_theme_d421457b3cc7,concept_theme_9edcea900bda,embedding,0.62697,groq_batch_2r_outputs.normalized,"2026-04-08 11:51:49",
concept_theme_d421457b3cc7,concept_theme_c96c4aa006fa,embedding,0.620592,groq_batch_2r_outputs.normalized,"2026-04-08 11:51:49",
concept_theme_d421457b3cc7,concept_theme_41e347bb2550,embedding,0.619963,groq_batch_2r_outputs.normalized,"2026-04-08 11:51:49",
concept_theme_8908232dd38c,concept_person_20c1b93f7e34,embedding,0.753753,groq_batch_2r_outputs.normalized,"2026-04-08 11:51:49",
concept_theme_8908232dd38c,concept_theme_136ca3275b15,embedding,0.686528,groq_batch_2r_outputs.normalized,"2026-04-08 11:51:49",
concept_theme_8908232dd38c,concept_theme_726f8252ec56,embedding,0.684609,groq_batch_2r_outputs.normalized,"2026-04-08 11:51:49",
concept_theme_8908232dd38c,concept_theme_d421457b3cc7,embedding,0.603015,groq_batch_2r_outputs.normalized,"2026-04-08 11:51:49",
concept_theme_8908232dd38c,concept_theme_6db96ab49b6a,embedding,0.598649,groq_batch_2r_outputs.normalized,"2026-04-08 11:51:49",
concept_theme_8908232dd38c,concept_theme_41e347bb2550,embedding,0.582466,groq_batch_2r_outputs.normalized,"2026-04-08 11:51:49",
concept_theme_8908232dd38c,concept_person_58f1420c6f50,embedding,0.572168,groq_batch_2r_outputs.normalized,"2026-04-08 11:51:49",
concept_theme_136ca3275b15,concept_theme_726f8252ec56,embedding,0.780457,groq_batch_2r_outputs.normalized,"2026-04-08 11:51:49",
concept_theme_136ca3275b15,concept_theme_8908232dd38c,embedding,0.686528,groq_batch_2r_outputs.normalized,"2026-04-08 11:51:49",
concept_theme_136ca3275b15,concept_organization_b460d8591b2a,embedding,0.677523,groq_batch_2r_outputs.normalized,"2026-04-08 11:51:49",
concept_theme_136ca3275b15,concept_theme_6c67b36cb0c6,embedding,0.657418,groq_batch_2r_outputs.normalized,"2026-04-08 11:51:49",
concept_theme_136ca3275b15,concept_person_58f1420c6f50,embedding,0.595838,groq_batch_2r_outputs.normalized,"2026-04-08 11:51:49",
concept_theme_136ca3275b15,concept_theme_8f9e6651c54a,embedding,0.595078,groq_batch_2r_outputs.normalized,"2026-04-08 11:51:49",
concept_theme_136ca3275b15,concept_theme_d421457b3cc7,embedding,0.585158,groq_batch_2r_outputs.normalized,"2026-04-08 11:51:49",
concept_theme_136ca3275b15,concept_theme_7e9c10cc412b,embedding,0.562331,groq_batch_2r_outputs.normalized,"2026-04-08 11:51:49",
concept_theme_f66848e1a962,concept_theme_e2d0e38cfde1,embedding,0.666589,groq_batch_2r_outputs.normalized,"2026-04-08 11:51:49",
concept_theme_f66848e1a962,concept_theme_cef9a9c9abea,embedding,0.647067,groq_batch_2r_outputs.normalized,"2026-04-08 11:51:49",
concept_theme_f66848e1a962,concept_theme_d1bb3a733135,embedding,0.623224,groq_batch_2r_outputs.normalized,"2026-04-08 11:51:49",
concept_theme_f66848e1a962,concept_event_1109f14be3b2,embedding,0.620017,groq_batch_2r_outputs.normalized,"2026-04-08 11:51:49",
concept_theme_f66848e1a962,concept_theme_9edcea900bda,embedding,0.617724,groq_batch_2r_outputs.normalized,"2026-04-08 11:51:49",
concept_theme_f66848e1a962,concept_theme_6c67b36cb0c6,embedding,0.611546,groq_batch_2r_outputs.normalized,"2026-04-08 11:51:49",
concept_theme_f66848e1a962,concept_theme_c0edc0bf578f,embedding,0.610842,groq_batch_2r_outputs.normalized,"2026-04-08 11:51:49",
concept_theme_f66848e1a962,concept_theme_0adab5543235,embedding,0.604052,groq_batch_2r_outputs.normalized,"2026-04-08 11:51:49",
concept_theme_8f9e6651c54a,concept_concept_782a18e428f9,embedding,0.719625,groq_batch_2r_outputs.normalized,"2026-04-08 11:51:49",
concept_theme_8f9e6651c54a,concept_theme_a5f45bb69d3f,embedding,0.677048,groq_batch_2r_outputs.normalized,"2026-04-08 11:51:49",
concept_theme_8f9e6651c54a,concept_theme_e2d0e38cfde1,embedding,0.668085,groq_batch_2r_outputs.normalized,"2026-04-08 11:51:49",
concept_theme_8f9e6651c54a,concept_theme_0adab5543235,embedding,0.667079,groq_batch_2r_outputs.normalized,"2026-04-08 11:51:49",
concept_theme_8f9e6651c54a,concept_theme_297d28a28e80,embedding,0.639734,groq_batch_2r_outputs.normalized,"2026-04-08 11:51:49",
concept_theme_8f9e6651c54a,concept_theme_64f96da1313e,embedding,0.634553,groq_batch_2r_outputs.normalized,"2026-04-08 11:51:49",
concept_theme_8f9e6651c54a,concept_theme_41e347bb2550,embedding,0.630886,groq_batch_2r_outputs.normalized,"2026-04-08 11:51:49",
concept_theme_8f9e6651c54a,concept_theme_6e012f9ac3a8,embedding,0.630414,groq_batch_2r_outputs.normalized,"2026-04-08 11:51:49",
concept_person_20c1b93f7e34,concept_theme_8908232dd38c,embedding,0.753753,groq_batch_2r_outputs.normalized,"2026-04-08 11:51:49",
concept_person_20c1b93f7e34,concept_person_58f1420c6f50,embedding,0.749583,groq_batch_2r_outputs.normalized,"2026-04-08 11:51:49",
concept_person_20c1b93f7e34,concept_example_ebd9b78fdae3,embedding,0.666801,groq_batch_2r_outputs.normalized,"2026-04-08 11:51:49",
concept_person_20c1b93f7e34,concept_organization_b460d8591b2a,embedding,0.622381,groq_batch_2r_outputs.normalized,"2026-04-08 11:51:49",
concept_person_20c1b93f7e34,concept_person_1b6312ede318,embedding,0.615397,groq_batch_2r_outputs.normalized,"2026-04-08 11:51:49",
concept_person_20c1b93f7e34,concept_person_ac4b64acdfab,embedding,0.585061,groq_batch_2r_outputs.normalized,"2026-04-08 11:51:49",
concept_person_20c1b93f7e34,concept_project_f73071ba917f,embedding,0.564983,groq_batch_2r_outputs.normalized,"2026-04-08 11:51:49",
concept_person_20c1b93f7e34,concept_person_7694d49afe8d,embedding,0.558586,groq_batch_2r_outputs.normalized,"2026-04-08 11:51:49",
concept_person_58f1420c6f50,concept_person_20c1b93f7e34,embedding,0.749583,groq_batch_2r_outputs.normalized,"2026-04-08 11:51:49",
concept_person_58f1420c6f50,concept_organization_b460d8591b2a,embedding,0.687457,groq_batch_2r_outputs.normalized,"2026-04-08 11:51:49",
concept_person_58f1420c6f50,concept_person_ac4b64acdfab,embedding,0.632624,groq_batch_2r_outputs.normalized,"2026-04-08 11:51:49",
concept_person_58f1420c6f50,concept_project_f73071ba917f,embedding,0.614793,groq_batch_2r_outputs.normalized,"2026-04-08 11:51:49",
concept_person_58f1420c6f50,concept_person_e44b6c0c3af3,embedding,0.597095,groq_batch_2r_outputs.normalized,"2026-04-08 11:51:49",
concept_person_58f1420c6f50,concept_theme_136ca3275b15,embedding,0.595838,groq_batch_2r_outputs.normalized,"2026-04-08 11:51:49",
concept_person_58f1420c6f50,concept_person_da9b195bd690,embedding,0.593324,groq_batch_2r_outputs.normalized,"2026-04-08 11:51:49",
concept_person_58f1420c6f50,concept_person_1b6312ede318,embedding,0.584496,groq_batch_2r_outputs.normalized,"2026-04-08 11:51:49",
concept_organization_b460d8591b2a,concept_example_c1634e18856c,embedding,0.709882,groq_batch_2r_outputs.normalized,"2026-04-08 11:51:49",
concept_organization_b460d8591b2a,concept_person_58f1420c6f50,embedding,0.687457,groq_batch_2r_outputs.normalized,"2026-04-08 11:51:49",
concept_organization_b460d8591b2a,concept_theme_136ca3275b15,embedding,0.677523,groq_batch_2r_outputs.normalized,"2026-04-08 11:51:49",
concept_organization_b460d8591b2a,concept_theme_726f8252ec56,embedding,0.642614,groq_batch_2r_outputs.normalized,"2026-04-08 11:51:49",
concept_organization_b460d8591b2a,concept_person_20c1b93f7e34,embedding,0.622381,groq_batch_2r_outputs.normalized,"2026-04-08 11:51:49",
concept_organization_b460d8591b2a,concept_organization_e2e89d036d4e,embedding,0.610106,groq_batch_2r_outputs.normalized,"2026-04-08 11:51:49",
concept_organization_b460d8591b2a,concept_theme_a1ab6058c490,embedding,0.582056,groq_batch_2r_outputs.normalized,"2026-04-08 11:51:49",
concept_organization_b460d8591b2a,concept_project_f73071ba917f,embedding,0.579053,groq_batch_2r_outputs.normalized,"2026-04-08 11:51:49",
concept_example_c1634e18856c,concept_organization_b460d8591b2a,embedding,0.709882,groq_batch_2r_outputs.normalized,"2026-04-08 11:51:49",
concept_example_c1634e18856c,concept_theme_a1ab6058c490,embedding,0.614616,groq_batch_2r_outputs.normalized,"2026-04-08 11:51:49",
concept_example_c1634e18856c,concept_domain_e70a7d890fdc,embedding,0.590533,groq_batch_2r_outputs.normalized,"2026-04-08 11:51:49",
concept_example_c1634e18856c,concept_organization_1ed16d4a9679,embedding,0.570121,groq_batch_2r_outputs.normalized,"2026-04-08 11:51:49",
concept_example_c1634e18856c,concept_person_ac4b64acdfab,embedding,0.56008,groq_batch_2r_outputs.normalized,"2026-04-08 11:51:49",
concept_event_edf85ab35d95,concept_insight_2a6dcd0dc51d,embedding,0.636005,groq_batch_2r_outputs.normalized,"2026-04-08 11:51:49",
concept_event_edf85ab35d95,concept_event_0c8b8d0dc95f,embedding,0.582721,groq_batch_2r_outputs.normalized,"2026-04-08 11:51:49",
concept_event_edf85ab35d95,concept_event_a5aaead05f60,embedding,0.572227,groq_batch_2r_outputs.normalized,"2026-04-08 11:51:49",
concept_event_edf85ab35d95,concept_event_1109f14be3b2,embedding,0.557951,groq_batch_2r_outputs.normalized,"2026-04-08 11:51:49",
concept_event_edf85ab35d95,concept_event_560deabc58ca,embedding,0.550694,groq_batch_2r_outputs.normalized,"2026-04-08 11:51:49",
concept_event_1109f14be3b2,concept_theme_f66848e1a962,embedding,0.620017,groq_batch_2r_outputs.normalized,"2026-04-08 11:51:49",
concept_event_1109f14be3b2,concept_event_0c8b8d0dc95f,embedding,0.566457,groq_batch_2r_outputs.normalized,"2026-04-08 11:51:49",
concept_event_1109f14be3b2,concept_event_edf85ab35d95,embedding,0.557951,groq_batch_2r_outputs.normalized,"2026-04-08 11:51:49",
concept_quote_7210e75775f7,concept_insight_910fab2e698d,embedding,0.620538,groq_batch_2r_outputs.normalized,"2026-04-08 11:51:49",
concept_quote_7210e75775f7,concept_quote_4210556eb91b,embedding,0.570396,groq_batch_2r_outputs.normalized,"2026-04-08 11:51:49",
concept_quote_8b46b947177f,concept_insight_fb3a899cd95e,embedding,0.74948,groq_batch_2r_outputs.normalized,"2026-04-08 11:51:49",
concept_quote_8b46b947177f,concept_quote_7a80ffe63e6a,embedding,0.598068,groq_batch_2r_outputs.normalized,"2026-04-08 11:51:49",
concept_quote_8b46b947177f,concept_quote_9d5da0e072f7,embedding,0.591566,groq_batch_2r_outputs.normalized,"2026-04-08 11:51:49",
concept_quote_8b46b947177f,concept_quote_f67fed3093d6,embedding,0.571793,groq_batch_2r_outputs.normalized,"2026-04-08 11:51:49",
concept_quote_8b46b947177f,concept_quote_4210556eb91b,embedding,0.5685,groq_batch_2r_outputs.normalized,"2026-04-08 11:51:49",
concept_concept_5c2ff70cd5f5,concept_example_fc8aca7c31c2,embedding,0.624701,groq_batch_2r_outputs.normalized,"2026-04-08 11:51:49",
concept_concept_5c2ff70cd5f5,concept_example_c32515ff90e8,embedding,0.573284,groq_batch_2r_outputs.normalized,"2026-04-08 11:51:49",
concept_concept_5c2ff70cd5f5,concept_concept_e52dc1b5fbca,embedding,0.558166,groq_batch_2r_outputs.normalized,"2026-04-08 11:51:49",
concept_concept_5c2ff70cd5f5,concept_concept_1fca78ffffb2,embedding,0.554778,groq_batch_2r_outputs.normalized,"2026-04-08 11:51:49",
concept_concept_782a18e428f9,concept_theme_8f9e6651c54a,embedding,0.719625,groq_batch_2r_outputs.normalized,"2026-04-08 11:51:49",
concept_concept_782a18e428f9,concept_theme_7e9c10cc412b,embedding,0.660293,groq_batch_2r_outputs.normalized,"2026-04-08 11:51:49",
concept_concept_782a18e428f9,concept_theme_f636fcc71916,embedding,0.645752,groq_batch_2r_outputs.normalized,"2026-04-08 11:51:49",
concept_concept_782a18e428f9,concept_domain_e70a7d890fdc,embedding,0.630742,groq_batch_2r_outputs.normalized,"2026-04-08 11:51:49",
concept_concept_782a18e428f9,concept_concept_b1a5296cb659,embedding,0.615407,groq_batch_2r_outputs.normalized,"2026-04-08 11:51:49",
concept_concept_782a18e428f9,concept_insight_01279e5d1617,embedding,0.58427,groq_batch_2r_outputs.normalized,"2026-04-08 11:51:49",
concept_concept_782a18e428f9,concept_theme_a1ab6058c490,embedding,0.55937,groq_batch_2r_outputs.normalized,"2026-04-08 11:51:49",
concept_concept_782a18e428f9,concept_theme_64f96da1313e,embedding,0.557612,groq_batch_2r_outputs.normalized,"2026-04-08 11:51:49",
concept_example_ebd9b78fdae3,concept_insight_ac1011b7015f,embedding,0.736044,groq_batch_2r_outputs.normalized,"2026-04-08 11:51:50",
concept_example_ebd9b78fdae3,concept_person_20c1b93f7e34,embedding,0.666801,groq_batch_2r_outputs.normalized,"2026-04-08 11:51:50",
concept_example_ebd9b78fdae3,concept_person_1b6312ede318,embedding,0.582415,groq_batch_2r_outputs.normalized,"2026-04-08 11:51:50",
concept_example_ebd9b78fdae3,concept_person_ac4b64acdfab,embedding,0.56353,groq_batch_2r_outputs.normalized,"2026-04-08 11:51:50",
concept_example_ebd9b78fdae3,concept_person_58f1420c6f50,embedding,0.561194,groq_batch_2r_outputs.normalized,"2026-04-08 11:51:50",
concept_insight_910fab2e698d,concept_insight_8e442199e39c,embedding,0.718143,groq_batch_2r_outputs.normalized,"2026-04-08 11:51:50",
concept_insight_910fab2e698d,concept_insight_c8619b17662d,embedding,0.653843,groq_batch_2r_outputs.normalized,"2026-04-08 11:51:50",
concept_insight_910fab2e698d,concept_insight_d3bd3aa487db,embedding,0.641977,groq_batch_2r_outputs.normalized,"2026-04-08 11:51:50",
concept_insight_910fab2e698d,concept_insight_92d0dd7ca5aa,embedding,0.634501,groq_batch_2r_outputs.normalized,"2026-04-08 11:51:50",
concept_insight_910fab2e698d,concept_insight_08d14842ffcd,embedding,0.631111,groq_batch_2r_outputs.normalized,"2026-04-08 11:51:50",
concept_insight_910fab2e698d,concept_insight_d6c851d169ce,embedding,0.630209,groq_batch_2r_outputs.normalized,"2026-04-08 11:51:50",
concept_insight_910fab2e698d,concept_quote_7210e75775f7,embedding,0.620538,groq_batch_2r_outputs.normalized,"2026-04-08 11:51:50",
concept_insight_910fab2e698d,concept_insight_fb3a899cd95e,embedding,0.614133,groq_batch_2r_outputs.normalized,"2026-04-08 11:51:50",
concept_insight_fb3a899cd95e,concept_quote_8b46b947177f,embedding,0.74948,groq_batch_2r_outputs.normalized,"2026-04-08 11:51:50",
concept_insight_fb3a899cd95e,concept_insight_d3bd3aa487db,embedding,0.727591,groq_batch_2r_outputs.normalized,"2026-04-08 11:51:50",
concept_insight_fb3a899cd95e,concept_insight_0a53ef175f33,embedding,0.714459,groq_batch_2r_outputs.normalized,"2026-04-08 11:51:50",
concept_insight_fb3a899cd95e,concept_insight_08d14842ffcd,embedding,0.698024,groq_batch_2r_outputs.normalized,"2026-04-08 11:51:50",
concept_insight_fb3a899cd95e,concept_insight_0843d2e6795a,embedding,0.694697,groq_batch_2r_outputs.normalized,"2026-04-08 11:51:50",
concept_insight_fb3a899cd95e,concept_insight_92d0dd7ca5aa,embedding,0.689049,groq_batch_2r_outputs.normalized,"2026-04-08 11:51:50",
concept_insight_fb3a899cd95e,concept_insight_c8619b17662d,embedding,0.663429,groq_batch_2r_outputs.normalized,"2026-04-08 11:51:50",
concept_insight_fb3a899cd95e,concept_insight_36696f32b8cc,embedding,0.662299,groq_batch_2r_outputs.normalized,"2026-04-08 11:51:50",
concept_insight_4cc10bc4c486,concept_insight_d3bd3aa487db,embedding,0.613031,groq_batch_2r_outputs.normalized,"2026-04-08 11:51:50",
concept_insight_4cc10bc4c486,concept_insight_08d14842ffcd,embedding,0.600712,groq_batch_2r_outputs.normalized,"2026-04-08 11:51:50",
concept_insight_4cc10bc4c486,concept_insight_910fab2e698d,embedding,0.587435,groq_batch_2r_outputs.normalized,"2026-04-08 11:51:50",
concept_insight_4cc10bc4c486,concept_insight_c8619b17662d,embedding,0.582516,groq_batch_2r_outputs.normalized,"2026-04-08 11:51:50",
concept_insight_4cc10bc4c486,concept_insight_6b38b7160609,embedding,0.577981,groq_batch_2r_outputs.normalized,"2026-04-08 11:51:50",
concept_insight_4cc10bc4c486,concept_insight_fb3a899cd95e,embedding,0.571571,groq_batch_2r_outputs.normalized,"2026-04-08 11:51:50",
concept_insight_4cc10bc4c486,concept_insight_8e442199e39c,embedding,0.570397,groq_batch_2r_outputs.normalized,"2026-04-08 11:51:50",
concept_insight_4cc10bc4c486,concept_insight_88b1b52e8dca,embedding,0.562154,groq_batch_2r_outputs.normalized,"2026-04-08 11:51:50",
concept_insight_2a6dcd0dc51d,concept_event_edf85ab35d95,embedding,0.636005,groq_batch_2r_outputs.normalized,"2026-04-08 11:51:50",
concept_insight_ac1011b7015f,concept_example_ebd9b78fdae3,embedding,0.736044,groq_batch_2r_outputs.normalized,"2026-04-08 11:51:50",
